dist;dist_km;indus_av;indus_stdev;count;10%quant;25%quant;50%quant;75%quant;90%quant
0;0;0.619205;0.485582;302;0.000000;0.000000;1.000000;1.000000;1.000000
100;0,1;0.573922;0.439800;302;0.004898;0.013273;0.885277;0.940234;0.955543
200;0,2;0.529759;0.400009;302;0.009797;0.026546;0.770555;0.881465;0.911794
300;0,3;0.487614;0.364955;302;0.014695;0.039820;0.655832;0.822197;0.868195
400;0,4;0.447836;0.334329;302;0.019594;0.053093;0.556435;0.762930;0.825921
500;0,5;0.408930;0.308694;302;0.024492;0.065615;0.448360;0.704986;0.784120
600;0,6;0.375833;0.284678;302;0.026101;0.075748;0.373432;0.645983;0.742319
700;0,7;0.346350;0.263189;302;0.034461;0.088373;0.323731;0.596277;0.700517
800;0,8;0.321823;0.243489;302;0.038385;0.092220;0.264284;0.538978;0.659976
900;0,9;0.301076;0.226104;302;0.044306;0.095376;0.240007;0.487304;0.619351
1000;1;0.282266;0.211148;302;0.047880;0.095749;0.227722;0.447381;0.578658
1100;1,1;0.267164;0.197507;302;0.049109;0.090567;0.223911;0.402519;0.550767
1200;1,2;0.254408;0.184664;302;0.051337;0.094769;0.211069;0.368229;0.511792
1300;1,3;0.244352;0.173047;302;0.053309;0.102666;0.204225;0.339992;0.502626
1400;1,4;0.235616;0.162893;302;0.054673;0.107661;0.198252;0.327072;0.473119
1500;1,5;0.227970;0.154630;302;0.056712;0.111218;0.192944;0.314070;0.447084
1600;1,6;0.221386;0.147871;302;0.059817;0.114344;0.191326;0.302837;0.425212
1700;1,7;0.215572;0.142270;302;0.055108;0.116166;0.188511;0.283718;0.413735
1800;1,8;0.210473;0.136978;302;0.057824;0.113055;0.179388;0.274128;0.396861
1900;1,9;0.206562;0.132001;302;0.056997;0.113825;0.174832;0.270173;0.391103
2000;2;0.203523;0.128045;302;0.060236;0.113369;0.175194;0.267531;0.376602
2100;2,1;0.200969;0.124098;302;0.063376;0.115324;0.174387;0.266900;0.375867
2200;2,2;0.199014;0.120509;302;0.065996;0.112219;0.173956;0.267604;0.361746
2300;2,3;0.197445;0.117072;302;0.069950;0.112994;0.175391;0.258073;0.340452
2400;2,4;0.195907;0.114188;302;0.069967;0.110545;0.174338;0.251528;0.326394
2500;2,5;0.194087;0.111607;302;0.065694;0.111144;0.180145;0.253099;0.322696
2600;2,6;0.192788;0.109565;302;0.065452;0.109504;0.183736;0.252533;0.320998
2700;2,7;0.191863;0.108156;302;0.062630;0.110786;0.182013;0.245490;0.316037
2800;2,8;0.191098;0.107505;302;0.060388;0.110259;0.179554;0.247469;0.316027
2900;2,9;0.190131;0.107326;302;0.063155;0.109805;0.178598;0.247639;0.315039
3000;3;0.189398;0.106897;302;0.062327;0.107105;0.173004;0.246994;0.313449
3100;3,1;0.188387;0.105830;302;0.063804;0.105540;0.173733;0.254350;0.315090
3200;3,2;0.187395;0.104712;302;0.060602;0.108132;0.170320;0.248558;0.321614
3300;3,3;0.186621;0.103104;302;0.060124;0.113023;0.171541;0.246388;0.319749
3400;3,4;0.185967;0.101474;302;0.061747;0.112981;0.173612;0.243165;0.316429
3500;3,5;0.185542;0.099902;302;0.063071;0.112700;0.174256;0.242293;0.312783
3600;3,6;0.184995;0.098432;302;0.065233;0.109451;0.177021;0.242864;0.308214
3700;3,7;0.184524;0.097249;302;0.065898;0.107982;0.174167;0.240533;0.304457
3800;3,8;0.183815;0.096181;302;0.065981;0.105798;0.174427;0.238918;0.306930
3900;3,9;0.183098;0.095251;302;0.065177;0.109671;0.172977;0.239004;0.306165
4000;4;0.182630;0.094391;302;0.065844;0.107870;0.171001;0.242300;0.302445
4100;4,1;0.182288;0.093581;302;0.067255;0.109105;0.168230;0.243442;0.304667
4200;4,2;0.181785;0.092628;302;0.065346;0.111570;0.168457;0.243373;0.306054
4300;4,3;0.180957;0.091434;302;0.065324;0.110952;0.166206;0.242061;0.309782
4400;4,4;0.180121;0.090463;302;0.064848;0.107011;0.167111;0.238443;0.309121
4500;4,5;0.179635;0.089718;302;0.062911;0.108674;0.171412;0.238635;0.312318
4600;4,6;0.179294;0.089099;302;0.063485;0.109032;0.174214;0.241190;0.300775
4700;4,7;0.179101;0.088492;302;0.061092;0.107888;0.176361;0.239345;0.292201
4800;4,8;0.178922;0.087974;302;0.059351;0.106570;0.179556;0.239888;0.293680
4900;4,9;0.178837;0.087567;302;0.060824;0.108493;0.180196;0.240681;0.295497
5000;5;0.178874;0.087223;302;0.059516;0.111515;0.182182;0.235499;0.298042
5100;5,1;0.178739;0.086983;302;0.058981;0.109894;0.183093;0.235679;0.293097
5200;5,2;0.178719;0.086120;302;0.058676;0.109949;0.183922;0.235611;0.288828
5300;5,3;0.179015;0.085604;302;0.060280;0.109358;0.184498;0.237714;0.289772
5400;5,4;0.179183;0.085404;302;0.060088;0.111743;0.185695;0.236090;0.284864
5500;5,5;0.179518;0.085391;302;0.061764;0.110450;0.185132;0.237072;0.285743
5600;5,6;0.179897;0.085274;302;0.063164;0.110771;0.185864;0.238521;0.287741
5700;5,7;0.179880;0.084681;302;0.063248;0.111276;0.183106;0.234766;0.294838
5800;5,8;0.179811;0.084356;302;0.063582;0.113601;0.180115;0.230462;0.294714
5900;5,9;0.179927;0.084628;302;0.068470;0.113607;0.177272;0.232842;0.296031
6000;6;0.180053;0.084411;302;0.070694;0.117249;0.177278;0.234751;0.295128
6100;6,1;0.180430;0.084357;302;0.075762;0.119403;0.174371;0.235704;0.290692
6200;6,2;0.180612;0.084586;302;0.074458;0.120918;0.175946;0.236124;0.294941
6300;6,3;0.180455;0.084430;302;0.075518;0.119672;0.176302;0.236125;0.299428
6400;6,4;0.180263;0.084143;302;0.073249;0.117406;0.174914;0.230795;0.300155
6500;6,5;0.180057;0.083603;302;0.075112;0.119052;0.174989;0.231024;0.294264
6600;6,6;0.180131;0.083039;302;0.077715;0.118502;0.174400;0.231741;0.287639
6700;6,7;0.180371;0.082785;302;0.080012;0.119215;0.174330;0.235361;0.284663
6800;6,8;0.180820;0.082449;302;0.081480;0.120549;0.172690;0.233164;0.287148
6900;6,9;0.181118;0.081901;302;0.084177;0.121248;0.173157;0.232228;0.290042
7000;7;0.181251;0.081189;302;0.087362;0.119865;0.171387;0.229176;0.290113
7100;7,1;0.181571;0.080663;302;0.089343;0.120046;0.173146;0.227723;0.288827
7200;7,2;0.181967;0.080265;302;0.086824;0.119639;0.177366;0.230068;0.291301
7300;7,3;0.182347;0.079981;302;0.086625;0.122372;0.174766;0.233290;0.290889
7400;7,4;0.182507;0.079782;302;0.084622;0.125969;0.172107;0.230777;0.284825
7500;7,5;0.182620;0.079677;302;0.084906;0.126183;0.173447;0.232018;0.286652
7600;7,6;0.182630;0.079548;302;0.084307;0.127932;0.173383;0.232757;0.287908
7700;7,7;0.182761;0.079526;302;0.080032;0.127225;0.176203;0.231518;0.290223
7800;7,8;0.183028;0.079172;302;0.079734;0.128926;0.176315;0.227242;0.290177
7900;7,9;0.183272;0.078809;302;0.079300;0.127983;0.180520;0.229705;0.288048
8000;8;0.183684;0.078571;302;0.081414;0.129983;0.182687;0.231384;0.285642
8100;8,1;0.183744;0.078324;302;0.078719;0.132835;0.182822;0.234006;0.282355
8200;8,2;0.183506;0.077943;302;0.079187;0.133872;0.184296;0.233573;0.276228
8300;8,3;0.182917;0.077557;302;0.077563;0.130808;0.183103;0.232371;0.271974
8400;8,4;0.182140;0.077199;302;0.077129;0.128257;0.180812;0.230535;0.270833
8500;8,5;0.181374;0.077190;302;0.077381;0.128416;0.178535;0.230084;0.272558
8600;8,6;0.180546;0.077289;302;0.080417;0.129648;0.178426;0.227185;0.273140
8700;8,7;0.179857;0.077394;302;0.079425;0.129305;0.176071;0.223594;0.273289
8800;8,8;0.179063;0.077524;302;0.078487;0.128578;0.174778;0.222124;0.273645
8900;8,9;0.178282;0.077439;302;0.079371;0.126928;0.174535;0.222848;0.274231
9000;9;0.177921;0.077425;302;0.078721;0.129085;0.172339;0.221996;0.273459
9100;9,1;0.177799;0.077492;302;0.078890;0.130132;0.174654;0.224098;0.271117
9200;9,2;0.177921;0.077724;302;0.082022;0.127433;0.174732;0.225764;0.270982
9300;9,3;0.178103;0.078003;302;0.081669;0.128600;0.175563;0.225594;0.271507
9400;9,4;0.178285;0.078144;302;0.080388;0.126263;0.174120;0.224652;0.274138
9500;9,5;0.178560;0.077985;302;0.080702;0.123304;0.172687;0.225660;0.275421
9600;9,6;0.178799;0.077816;302;0.079063;0.126746;0.171393;0.227292;0.278370
9700;9,7;0.178801;0.077605;302;0.075149;0.126132;0.173061;0.227698;0.277689
9800;9,8;0.178427;0.077377;302;0.078675;0.123420;0.174894;0.227730;0.275590
9900;9,9;0.177815;0.077248;302;0.073693;0.121742;0.172955;0.227826;0.274097
10000;10;0.177238;0.077096;302;0.078616;0.122120;0.173343;0.226878;0.269779
10100;10,1;0.176644;0.076883;302;0.077749;0.121707;0.171496;0.222425;0.275353
10200;10,2;0.175883;0.076584;302;0.072622;0.121469;0.173257;0.222603;0.274865
10300;10,3;0.175172;0.076279;302;0.072830;0.118586;0.174132;0.220081;0.276617
10400;10,4;0.174754;0.076050;302;0.072299;0.115938;0.175127;0.219840;0.272710
10500;10,5;0.174288;0.075837;302;0.072029;0.114891;0.173248;0.218376;0.271956
10600;10,6;0.173875;0.075669;302;0.072445;0.116557;0.172215;0.218629;0.268375
10700;10,7;0.173678;0.075299;302;0.074936;0.119131;0.171044;0.216955;0.269029
10800;10,8;0.173351;0.074946;302;0.071750;0.118663;0.171238;0.217032;0.270807
10900;10,9;0.173160;0.074693;302;0.069615;0.120458;0.172283;0.218716;0.270095
11000;11;0.172872;0.074688;302;0.070892;0.120841;0.171742;0.214249;0.267062
11100;11,1;0.172675;0.074943;302;0.072347;0.120415;0.169248;0.211022;0.271420
11200;11,2;0.172351;0.075186;302;0.072510;0.119775;0.168671;0.211173;0.267513
11300;11,3;0.171978;0.075437;302;0.073163;0.117575;0.166744;0.209448;0.272163
11400;11,4;0.171694;0.075644;302;0.076287;0.120609;0.163424;0.206826;0.271559
11500;11,5;0.171329;0.075672;302;0.076788;0.120699;0.162395;0.207974;0.272146
11600;11,6;0.170967;0.075625;302;0.074422;0.118168;0.162074;0.207265;0.269600
11700;11,7;0.170671;0.075712;302;0.073307;0.119301;0.163186;0.206460;0.271028
11800;11,8;0.170323;0.075915;302;0.071499;0.121545;0.162985;0.208262;0.272642
11900;11,9;0.170122;0.076062;302;0.070381;0.122735;0.164591;0.204947;0.272822
12000;12;0.169835;0.076256;302;0.072535;0.123754;0.162674;0.206054;0.277948
12100;12,1;0.169341;0.076457;302;0.073054;0.121295;0.161608;0.206475;0.273183
12200;12,2;0.168932;0.076495;302;0.071510;0.117963;0.159813;0.206165;0.273364
12300;12,3;0.168394;0.076487;302;0.071292;0.116290;0.161645;0.207752;0.272048
12400;12,4;0.167884;0.076569;302;0.070344;0.114630;0.161398;0.210404;0.269635
12500;12,5;0.167233;0.076386;302;0.069862;0.115165;0.159956;0.209852;0.265360
12600;12,6;0.166674;0.076098;302;0.068176;0.117876;0.157731;0.211933;0.262464
12700;12,7;0.166046;0.075832;302;0.066626;0.118280;0.156673;0.210707;0.259923
12800;12,8;0.165663;0.075586;302;0.066967;0.118931;0.154307;0.211292;0.256475
12900;12,9;0.165408;0.075483;302;0.066856;0.116242;0.154889;0.213746;0.254838
13000;13;0.165182;0.075511;302;0.067513;0.116155;0.156699;0.214279;0.254621
13100;13,1;0.164931;0.075548;302;0.068573;0.115583;0.156781;0.216599;0.254140
13200;13,2;0.164682;0.075604;302;0.068828;0.116902;0.157347;0.215229;0.255382
13300;13,3;0.164462;0.075828;302;0.068348;0.116061;0.157412;0.213416;0.257449
13400;13,4;0.164196;0.076103;302;0.067879;0.114793;0.158002;0.212541;0.257283
13500;13,5;0.163788;0.076170;302;0.065267;0.112157;0.155744;0.210761;0.254513
13600;13,6;0.163385;0.076289;302;0.065216;0.110397;0.155152;0.210381;0.252531
13700;13,7;0.162989;0.076414;302;0.064403;0.109356;0.153947;0.209057;0.253757
13800;13,8;0.162412;0.076588;302;0.063558;0.108788;0.154479;0.206057;0.253331
13900;13,9;0.161853;0.076731;302;0.065064;0.107820;0.154902;0.207005;0.257425
14000;14;0.161253;0.076966;302;0.065013;0.107265;0.150840;0.207405;0.256202
14100;14,1;0.160732;0.077064;302;0.064962;0.106044;0.149900;0.208109;0.256757
14200;14,2;0.160131;0.077055;302;0.066628;0.105681;0.151635;0.208395;0.257322
14300;14,3;0.159535;0.076926;302;0.067440;0.103129;0.150736;0.206315;0.257860
14400;14,4;0.159047;0.076774;302;0.065739;0.100578;0.150077;0.205230;0.258398
14500;14,5;0.158690;0.076658;302;0.065198;0.100890;0.151305;0.201623;0.260394
14600;14,6;0.158362;0.076474;302;0.064708;0.100422;0.151842;0.200465;0.265169
14700;14,7;0.157994;0.076175;302;0.064657;0.101551;0.151030;0.198895;0.260255
14800;14,8;0.157767;0.075914;302;0.064607;0.100555;0.153597;0.197220;0.260550
14900;14,9;0.157315;0.075514;302;0.064556;0.100238;0.153178;0.198111;0.257842
15000;15;0.156893;0.075100;302;0.063620;0.098471;0.154235;0.196719;0.258516
15100;15,1;0.156384;0.074808;302;0.062723;0.099626;0.152614;0.198177;0.256779
15200;15,2;0.155760;0.074427;302;0.061952;0.100805;0.149282;0.199253;0.256248
15300;15,3;0.154969;0.074013;302;0.062778;0.100712;0.149728;0.198981;0.255717
15400;15,4;0.154233;0.073441;302;0.062618;0.100955;0.148305;0.200207;0.254822
15500;15,5;0.153489;0.072838;302;0.062265;0.102429;0.145133;0.199525;0.253004
15600;15,6;0.152792;0.072200;302;0.063182;0.101626;0.145383;0.197070;0.250801
15700;15,7;0.152112;0.071636;302;0.061653;0.100885;0.143004;0.195401;0.247381
15800;15,8;0.151352;0.071076;302;0.060857;0.100611;0.142226;0.196055;0.243479
15900;15,9;0.150503;0.070456;302;0.059765;0.100180;0.141092;0.195911;0.239192
16000;16;0.149619;0.069734;302;0.058600;0.099410;0.140759;0.193788;0.235675
16100;16,1;0.148673;0.069062;302;0.057580;0.098718;0.141163;0.190438;0.233274
16200;16,2;0.147768;0.068500;302;0.057071;0.100107;0.141144;0.190951;0.231641
16300;16,3;0.147008;0.067824;302;0.055395;0.097309;0.142449;0.189774;0.228000
16400;16,4;0.146156;0.067228;302;0.056246;0.096601;0.141997;0.187984;0.224266
16500;16,5;0.145318;0.066735;302;0.058175;0.096376;0.141845;0.186159;0.220461
16600;16,6;0.144605;0.066280;302;0.055495;0.096571;0.139684;0.185158;0.221673
16700;16,7;0.143896;0.065873;302;0.057450;0.097699;0.139141;0.183976;0.222341
16800;16,8;0.143223;0.065412;302;0.056402;0.098827;0.139890;0.185711;0.219808
16900;16,9;0.142625;0.065016;302;0.056070;0.097469;0.139907;0.184867;0.219054
17000;17;0.142081;0.064736;302;0.055333;0.096100;0.140558;0.182565;0.221605
17100;17,1;0.141543;0.064396;302;0.053782;0.094897;0.139621;0.182285;0.220042
17200;17,2;0.141012;0.063988;302;0.052651;0.096871;0.138040;0.181205;0.217694
17300;17,3;0.140542;0.063512;302;0.053494;0.098455;0.137580;0.180091;0.215653
17400;17,4;0.140055;0.063042;302;0.054985;0.098990;0.136863;0.179569;0.211497
17500;17,5;0.139563;0.062449;302;0.055541;0.097890;0.135855;0.176413;0.210149
17600;17,6;0.139050;0.061910;302;0.056423;0.095713;0.136542;0.177220;0.208043
17700;17,7;0.138498;0.061325;302;0.056585;0.094111;0.137014;0.177353;0.208122
17800;17,8;0.137922;0.060706;302;0.058460;0.091570;0.136681;0.178114;0.210037
17900;17,9;0.137213;0.060049;302;0.058794;0.092665;0.135585;0.175550;0.208274
18000;18;0.136598;0.059567;302;0.058654;0.091305;0.133603;0.174752;0.207113
18100;18,1;0.136048;0.059208;302;0.058380;0.091180;0.133530;0.173912;0.205190
18200;18,2;0.135544;0.058791;302;0.058376;0.092619;0.134159;0.173772;0.204389
18300;18,3;0.134964;0.058346;302;0.060282;0.090094;0.133342;0.174769;0.202968
18400;18,4;0.134389;0.058037;302;0.061193;0.090273;0.134175;0.173066;0.202788
18500;18,5;0.133866;0.057809;302;0.059851;0.089161;0.132521;0.173167;0.203357
18600;18,6;0.133231;0.057679;302;0.059547;0.087706;0.129746;0.173908;0.202733
18700;18,7;0.132587;0.057496;302;0.060288;0.087086;0.128791;0.171568;0.203868
18800;18,8;0.131981;0.057421;302;0.060374;0.089340;0.127541;0.171891;0.202430
18900;18,9;0.131451;0.057480;302;0.059546;0.090710;0.126071;0.171529;0.201958
19000;19;0.130821;0.057606;302;0.056950;0.089846;0.125640;0.168685;0.203299
19100;19,1;0.130247;0.057747;302;0.055769;0.089459;0.124518;0.167480;0.202741
19200;19,2;0.129554;0.057738;302;0.055044;0.088799;0.124125;0.167974;0.202184
19300;19,3;0.128954;0.057659;302;0.055464;0.087973;0.124641;0.167516;0.201675
19400;19,4;0.128418;0.057542;302;0.056329;0.087623;0.123339;0.166907;0.199917
19500;19,5;0.127916;0.057319;302;0.053273;0.088693;0.122946;0.165458;0.198998
19600;19,6;0.127374;0.057029;302;0.052294;0.086867;0.123996;0.165664;0.198679
19700;19,7;0.126824;0.056778;302;0.053063;0.085938;0.124854;0.163500;0.197611
19800;19,8;0.126269;0.056494;302;0.053978;0.085336;0.123801;0.162849;0.198201
19900;19,9;0.125663;0.056264;302;0.054962;0.084097;0.124490;0.162161;0.196007
20000;20;0.125123;0.056092;302;0.054465;0.083152;0.122004;0.162901;0.194639
20100;20,1;0.124467;0.055849;302;0.053295;0.082866;0.120306;0.161620;0.195682
20200;20,2;0.123649;0.055627;302;0.053150;0.081695;0.119552;0.158504;0.197378
20300;20,3;0.122864;0.055467;302;0.052362;0.080365;0.117190;0.156503;0.197767
20400;20,4;0.122061;0.055309;302;0.052383;0.079437;0.116454;0.154423;0.196193
20500;20,5;0.121402;0.055065;302;0.050581;0.078563;0.116619;0.154584;0.192853
20600;20,6;0.120692;0.054489;302;0.052425;0.078755;0.115107;0.154082;0.190919
20700;20,7;0.119910;0.053966;302;0.050797;0.079030;0.113592;0.151764;0.193094
20800;20,8;0.119270;0.053471;302;0.050493;0.079065;0.115140;0.150742;0.190045
20900;20,9;0.118651;0.052994;302;0.051697;0.079189;0.115268;0.148076;0.190209
21000;21;0.118125;0.052657;302;0.052430;0.078880;0.113546;0.150164;0.190145
21100;21,1;0.117690;0.052240;302;0.053731;0.079020;0.113531;0.148884;0.190175
21200;21,2;0.117134;0.051794;302;0.053541;0.078225;0.113182;0.147122;0.184247
21300;21,3;0.116541;0.051342;302;0.054933;0.078624;0.113135;0.146894;0.185125
21400;21,4;0.115870;0.050890;302;0.054014;0.077916;0.111817;0.144831;0.181764
21500;21,5;0.115326;0.050514;302;0.052684;0.077735;0.110990;0.143858;0.179546
21600;21,6;0.114795;0.050204;302;0.053511;0.077948;0.110369;0.142487;0.180919
21700;21,7;0.114220;0.049956;302;0.053736;0.077809;0.109595;0.141159;0.177538
21800;21,8;0.113588;0.049812;302;0.051231;0.077924;0.108400;0.141896;0.177520
21900;21,9;0.112878;0.049652;302;0.051382;0.076186;0.107124;0.141170;0.177810
22000;22;0.112103;0.049519;302;0.051650;0.075192;0.105477;0.141125;0.176044
22100;22,1;0.111296;0.049316;302;0.052262;0.075152;0.104613;0.141125;0.176404
22200;22,2;0.110494;0.049079;302;0.050443;0.074893;0.103921;0.140264;0.173755
22300;22,3;0.109710;0.048843;302;0.049420;0.074006;0.103017;0.138690;0.173836
22400;22,4;0.108945;0.048690;302;0.048410;0.073718;0.101597;0.138859;0.175827
22500;22,5;0.107999;0.048577;302;0.048946;0.072771;0.099966;0.136863;0.173692
22600;22,6;0.107082;0.048417;302;0.046554;0.071996;0.099669;0.134538;0.175410
22700;22,7;0.106207;0.048219;302;0.047657;0.071167;0.100715;0.131862;0.174058
22800;22,8;0.105380;0.047996;302;0.048751;0.069972;0.099050;0.129865;0.172564
22900;22,9;0.104618;0.047789;302;0.048603;0.069058;0.097970;0.129482;0.172228
23000;23;0.103854;0.047672;302;0.048588;0.069180;0.097793;0.127395;0.172482
23100;23,1;0.103096;0.047593;302;0.046310;0.068714;0.097358;0.128793;0.170329
23200;23,2;0.102418;0.047491;302;0.046803;0.068512;0.096644;0.126693;0.170030
23300;23,3;0.101870;0.047386;302;0.046028;0.068529;0.095961;0.125542;0.168804
23400;23,4;0.101506;0.047327;302;0.044405;0.066934;0.095421;0.125873;0.167240
23500;23,5;0.101151;0.047218;302;0.044242;0.066194;0.095155;0.124787;0.165706
23600;23,6;0.100686;0.047014;302;0.043701;0.065196;0.093318;0.128101;0.163931
23700;23,7;0.100258;0.046743;302;0.043590;0.065704;0.092197;0.128076;0.163900
23800;23,8;0.099789;0.046381;302;0.044501;0.066005;0.092338;0.126558;0.161104
23900;23,9;0.099384;0.046084;302;0.043628;0.065689;0.093255;0.126879;0.160254
24000;24;0.099042;0.045851;302;0.044024;0.065350;0.092956;0.125580;0.159229
24100;24,1;0.098699;0.045600;302;0.043711;0.064877;0.092801;0.124894;0.158450
24200;24,2;0.098241;0.045344;302;0.043727;0.064978;0.092340;0.123717;0.157883
24300;24,3;0.097751;0.045118;302;0.043742;0.064227;0.091732;0.123550;0.155410
24400;24,4;0.097225;0.044881;302;0.043216;0.063593;0.091133;0.123166;0.155075
24500;24,5;0.096611;0.044685;302;0.043773;0.062786;0.090614;0.122099;0.154347
24600;24,6;0.095921;0.044415;302;0.043015;0.062096;0.090621;0.121750;0.154803
24700;24,7;0.095170;0.044103;302;0.042212;0.061651;0.089416;0.120900;0.155297
24800;24,8;0.094436;0.043777;302;0.041197;0.060914;0.089377;0.121114;0.154149
24900;24,9;0.093701;0.043441;302;0.039731;0.060464;0.088546;0.119861;0.152673
25000;25;0.092931;0.043043;302;0.038604;0.059857;0.087790;0.119223;0.153108
25100;25,1;0.092138;0.042662;302;0.038945;0.059439;0.087581;0.118857;0.152010
25200;25,2;0.091423;0.042289;302;0.038981;0.059597;0.087499;0.120049;0.150406
25300;25,3;0.090732;0.042003;302;0.037365;0.057476;0.088511;0.118950;0.148913
25400;25,4;0.089966;0.041822;302;0.036136;0.056573;0.087489;0.117037;0.146940
25500;25,5;0.089067;0.041541;302;0.034615;0.057286;0.087285;0.115769;0.145682
25600;25,6;0.088181;0.041339;302;0.034245;0.055475;0.085200;0.113210;0.146437
25700;25,7;0.087365;0.041185;302;0.035000;0.054944;0.084067;0.111769;0.142538
25800;25,8;0.086595;0.040947;302;0.034409;0.054419;0.081698;0.111224;0.142075
25900;25,9;0.085940;0.040698;302;0.034169;0.054234;0.080280;0.111366;0.141643
26000;26;0.085291;0.040499;302;0.032945;0.054185;0.079881;0.110610;0.139921
26100;26,1;0.084617;0.040265;302;0.033951;0.055179;0.079283;0.110380;0.138038
26200;26,2;0.083952;0.040020;302;0.034042;0.055631;0.078225;0.110516;0.137838
26300;26,3;0.083367;0.039686;302;0.034495;0.053659;0.077198;0.108663;0.139770
26400;26,4;0.082882;0.039392;302;0.034488;0.054175;0.075509;0.108597;0.137630
26500;26,5;0.082446;0.038936;302;0.035299;0.054968;0.075398;0.107535;0.136147
26600;26,6;0.082044;0.038513;302;0.034105;0.055268;0.076211;0.106393;0.136744
26700;26,7;0.081634;0.038046;302;0.033598;0.053989;0.075567;0.104593;0.134145
26800;26,8;0.081269;0.037556;302;0.034501;0.054096;0.075620;0.104598;0.133792
26900;26,9;0.080819;0.037102;302;0.034273;0.054413;0.075559;0.103238;0.134456
27000;27;0.080408;0.036779;302;0.033365;0.053656;0.075135;0.101469;0.132775
27100;27,1;0.080033;0.036576;302;0.032456;0.053829;0.075426;0.100975;0.130843
27200;27,2;0.079802;0.036365;302;0.031959;0.053744;0.076036;0.100682;0.130613
27300;27,3;0.079555;0.036190;302;0.031519;0.053237;0.076323;0.100996;0.129986
27400;27,4;0.079229;0.036079;302;0.031654;0.052667;0.075926;0.100642;0.128817
27500;27,5;0.078845;0.036060;302;0.031529;0.051778;0.075899;0.100882;0.128634
27600;27,6;0.078378;0.035950;302;0.031221;0.051816;0.075988;0.100704;0.129200
27700;27,7;0.077948;0.035768;302;0.032599;0.051407;0.075569;0.098692;0.128193
27800;27,8;0.077483;0.035627;302;0.031661;0.050207;0.074038;0.099313;0.127551
27900;27,9;0.076861;0.035519;302;0.032925;0.049251;0.072104;0.100077;0.126374
28000;28;0.076229;0.035464;302;0.033481;0.049027;0.070578;0.100387;0.123492
28100;28,1;0.075713;0.035505;302;0.032718;0.048857;0.070458;0.099722;0.123377
28200;28,2;0.075278;0.035560;302;0.031750;0.049362;0.070870;0.100307;0.123270
28300;28,3;0.074986;0.035563;302;0.031711;0.048260;0.071561;0.099988;0.120997
28400;28,4;0.074727;0.035571;302;0.031673;0.047216;0.070931;0.099469;0.121049
28500;28,5;0.074467;0.035610;302;0.031343;0.047029;0.069977;0.099541;0.120404
28600;28,6;0.074312;0.035631;302;0.031595;0.045798;0.069857;0.098181;0.119437
28700;28,7;0.074158;0.035598;302;0.031557;0.046375;0.070323;0.097700;0.120264
28800;28,8;0.073984;0.035561;302;0.031518;0.045604;0.070296;0.097504;0.121394
28900;28,9;0.073730;0.035429;302;0.031480;0.045703;0.069992;0.097498;0.123118
29000;29;0.073396;0.035213;302;0.031882;0.045494;0.068499;0.095346;0.121266
29100;29,1;0.073061;0.035045;302;0.032060;0.045478;0.068195;0.094651;0.120532
29200;29,2;0.072685;0.034884;302;0.032703;0.045189;0.067999;0.094517;0.118264
29300;29,3;0.072329;0.034707;302;0.032794;0.045067;0.068101;0.093356;0.117518
29400;29,4;0.071997;0.034603;302;0.031963;0.044123;0.068022;0.092935;0.117203
29500;29,5;0.071745;0.034530;302;0.031648;0.044057;0.067719;0.093183;0.116978
29600;29,6;0.071487;0.034481;302;0.030824;0.044421;0.067317;0.091980;0.117335
29700;29,7;0.071241;0.034419;302;0.029492;0.045059;0.067148;0.091986;0.117252
29800;29,8;0.070938;0.034357;302;0.029429;0.044029;0.066950;0.091993;0.119782
29900;29,9;0.070614;0.034243;302;0.028685;0.043271;0.067264;0.092203;0.119575
30000;30;0.070258;0.034022;302;0.029099;0.042979;0.066164;0.091223;0.118920
30100;30,1;0.069990;0.033809;302;0.029698;0.042687;0.065556;0.091075;0.118264
30200;30,2;0.069702;0.033659;302;0.029005;0.042770;0.064758;0.090926;0.117348
30300;30,3;0.069402;0.033610;302;0.028061;0.042662;0.065282;0.090778;0.116049
30400;30,4;0.069092;0.033640;302;0.027170;0.042861;0.065077;0.090629;0.116189
30500;30,5;0.068811;0.033694;302;0.027389;0.042225;0.064451;0.090827;0.115778
30600;30,6;0.068503;0.033702;302;0.027529;0.042000;0.064510;0.091139;0.117242
30700;30,7;0.068051;0.033735;302;0.027362;0.041707;0.064248;0.089745;0.115279
30800;30,8;0.067531;0.033773;302;0.026061;0.041119;0.063489;0.087986;0.115316
30900;30,9;0.066966;0.033687;302;0.024760;0.040491;0.062093;0.087445;0.113448
31000;31;0.066344;0.033585;302;0.023510;0.040569;0.061945;0.087490;0.111707
31100;31,1;0.065694;0.033525;302;0.024256;0.040589;0.060971;0.085496;0.111179
31200;31,2;0.065205;0.033499;302;0.025001;0.039710;0.060325;0.084819;0.110480
31300;31,3;0.064839;0.033412;302;0.025067;0.040470;0.060316;0.084320;0.109643
31400;31,4;0.064607;0.033315;302;0.025511;0.040762;0.059493;0.084484;0.109300
31500;31,5;0.064420;0.033187;302;0.025040;0.040185;0.059066;0.085935;0.109097
31600;31,6;0.064197;0.033106;302;0.024536;0.040439;0.058549;0.084567;0.109099
31700;31,7;0.063921;0.033062;302;0.024236;0.040795;0.058332;0.082783;0.109896
31800;31,8;0.063626;0.033045;302;0.023718;0.040547;0.057444;0.083645;0.108821
31900;31,9;0.063318;0.032967;302;0.023659;0.040043;0.056925;0.082437;0.108760
32000;32;0.062934;0.032823;302;0.023196;0.040107;0.056489;0.081998;0.108646
32100;32,1;0.062591;0.032718;302;0.023384;0.039514;0.056368;0.081056;0.108249
32200;32,2;0.062305;0.032617;302;0.024034;0.038804;0.056465;0.080327;0.107088
32300;32,3;0.062039;0.032532;302;0.022881;0.038785;0.056929;0.078938;0.107131
32400;32,4;0.061780;0.032499;302;0.022591;0.038003;0.056958;0.079120;0.105784
32500;32,5;0.061403;0.032434;302;0.023047;0.037541;0.056679;0.078186;0.104964
32600;32,6;0.060926;0.032256;302;0.022013;0.037796;0.055691;0.078308;0.104398
32700;32,7;0.060421;0.032003;302;0.021848;0.038140;0.054962;0.078779;0.103659
32800;32,8;0.059959;0.031782;302;0.022056;0.038353;0.054064;0.078624;0.102540
32900;32,9;0.059428;0.031528;302;0.022296;0.037972;0.053598;0.078500;0.101442
33000;33;0.058876;0.031237;302;0.022348;0.037625;0.052728;0.076894;0.099387
33100;33,1;0.058347;0.031001;302;0.022369;0.036975;0.051932;0.074733;0.099595
33200;33,2;0.057838;0.030717;302;0.021387;0.036279;0.051710;0.074049;0.098714
33300;33,3;0.057349;0.030464;302;0.020579;0.035135;0.051541;0.073278;0.097576
33400;33,4;0.056862;0.030263;302;0.020445;0.035179;0.051980;0.073615;0.096926
33500;33,5;0.056382;0.030049;302;0.021453;0.035588;0.051048;0.073534;0.094934
33600;33,6;0.055890;0.029857;302;0.020858;0.036239;0.049683;0.072700;0.093758
33700;33,7;0.055426;0.029701;302;0.019983;0.036360;0.049540;0.072646;0.093221
33800;33,8;0.055005;0.029673;302;0.020236;0.036113;0.049103;0.071187;0.092818
33900;33,9;0.054627;0.029596;302;0.019524;0.034692;0.048446;0.070227;0.092114
34000;34;0.054331;0.029520;302;0.019835;0.034122;0.048786;0.069572;0.091718
34100;34,1;0.053978;0.029458;302;0.020233;0.033583;0.049015;0.068669;0.090945
34200;34,2;0.053623;0.029326;302;0.020531;0.033061;0.048576;0.067866;0.090131
34300;34,3;0.053307;0.029195;302;0.020552;0.032858;0.048280;0.067497;0.089476
34400;34,4;0.052971;0.029129;302;0.019628;0.032564;0.047732;0.067325;0.088760
34500;34,5;0.052707;0.029079;302;0.018078;0.032151;0.047185;0.067658;0.088503
34600;34,6;0.052477;0.029009;302;0.018211;0.033104;0.047420;0.067186;0.087421
34700;34,7;0.052239;0.028877;302;0.019430;0.032729;0.047423;0.065732;0.089819
34800;34,8;0.052026;0.028752;302;0.019569;0.032072;0.046829;0.065671;0.088633
34900;34,9;0.051816;0.028546;302;0.018324;0.031733;0.046539;0.065679;0.086896
35000;35;0.051617;0.028373;302;0.019659;0.031607;0.047108;0.065435;0.086092
35100;35,1;0.051391;0.028242;302;0.019858;0.031420;0.046989;0.065651;0.086182
35200;35,2;0.051140;0.028128;302;0.020860;0.031272;0.046829;0.065971;0.084811
35300;35,3;0.050873;0.027999;302;0.019896;0.030667;0.046674;0.064471;0.086363
35400;35,4;0.050680;0.027826;302;0.019544;0.031103;0.046892;0.064762;0.086453
35500;35,5;0.050494;0.027616;302;0.019064;0.030881;0.045927;0.062874;0.086320
35600;35,6;0.050245;0.027447;302;0.019347;0.030426;0.045521;0.062455;0.085386
35700;35,7;0.050054;0.027311;302;0.019342;0.030523;0.045552;0.064084;0.083985
35800;35,8;0.049852;0.027195;302;0.018776;0.030251;0.045538;0.063856;0.084241
35900;35,9;0.049684;0.027116;302;0.019601;0.029473;0.045726;0.063601;0.083040
36000;36;0.049456;0.027043;302;0.019844;0.028940;0.045426;0.063939;0.084365
36100;36,1;0.049214;0.027032;302;0.019239;0.028693;0.044919;0.062701;0.085756
36200;36,2;0.049006;0.027030;302;0.018669;0.029925;0.044150;0.062946;0.086149
36300;36,3;0.048815;0.026985;302;0.018030;0.029375;0.043001;0.063292;0.085186
36400;36,4;0.048630;0.026830;302;0.018259;0.028904;0.042763;0.063211;0.083708
36500;36,5;0.048459;0.026670;302;0.018362;0.029485;0.043131;0.063304;0.082555
36600;36,6;0.048217;0.026533;302;0.017713;0.030117;0.042492;0.062351;0.081312
36700;36,7;0.047973;0.026430;302;0.017236;0.029460;0.041393;0.061261;0.081438
36800;36,8;0.047717;0.026389;302;0.017166;0.028825;0.041682;0.060711;0.082252
36900;36,9;0.047444;0.026391;302;0.017267;0.028471;0.041566;0.061919;0.080501
37000;37;0.047181;0.026405;302;0.017119;0.028185;0.041483;0.061886;0.080640
37100;37,1;0.046962;0.026400;302;0.017395;0.027925;0.041745;0.061712;0.080014
37200;37,2;0.046701;0.026424;302;0.017731;0.027711;0.042622;0.060982;0.079025
37300;37,3;0.046447;0.026482;302;0.017013;0.027235;0.042530;0.061401;0.077863
37400;37,4;0.046261;0.026463;302;0.016479;0.026984;0.042152;0.060178;0.079290
37500;37,5;0.046113;0.026440;302;0.016741;0.026359;0.042107;0.060704;0.079059
37600;37,6;0.045949;0.026374;302;0.016614;0.027056;0.041551;0.060248;0.078250
37700;37,7;0.045762;0.026310;302;0.015954;0.026909;0.041733;0.059701;0.076583
37800;37,8;0.045613;0.026203;302;0.015928;0.026814;0.040929;0.058231;0.076721
37900;37,9;0.045481;0.026060;302;0.015833;0.026554;0.040184;0.058121;0.075735
38000;38;0.045283;0.025887;302;0.015842;0.026159;0.039406;0.057551;0.075667
38100;38,1;0.044987;0.025733;302;0.015280;0.027089;0.039249;0.056019;0.074749
38200;38,2;0.044701;0.025598;302;0.015722;0.027315;0.038750;0.056042;0.074371
38300;38,3;0.044403;0.025508;302;0.015390;0.026916;0.038979;0.055036;0.075040
38400;38,4;0.044216;0.025512;302;0.015553;0.026292;0.038504;0.055664;0.075676
38500;38,5;0.044098;0.025411;302;0.015250;0.026319;0.038437;0.055529;0.074701
38600;38,6;0.043992;0.025281;302;0.015039;0.027069;0.038611;0.055354;0.075596
38700;38,7;0.043881;0.025213;302;0.014595;0.026751;0.038291;0.054255;0.075307
38800;38,8;0.043784;0.025198;302;0.014760;0.026826;0.038459;0.054356;0.075695
38900;38,9;0.043732;0.025165;302;0.014912;0.027150;0.038584;0.053029;0.075186
39000;39;0.043651;0.025171;302;0.014034;0.027157;0.038889;0.052767;0.077345
39100;39,1;0.043498;0.025206;302;0.014189;0.026433;0.038940;0.053025;0.077792
39200;39,2;0.043294;0.025231;302;0.014131;0.025372;0.039566;0.052269;0.078236
39300;39,3;0.043115;0.025216;302;0.013375;0.024832;0.038688;0.053358;0.078104
39400;39,4;0.042934;0.025092;302;0.013013;0.024521;0.038858;0.052804;0.076980
39500;39,5;0.042783;0.025005;302;0.012846;0.024916;0.038330;0.052554;0.077591
39600;39,6;0.042677;0.024962;302;0.013161;0.024359;0.037811;0.052929;0.077878
39700;39,7;0.042560;0.024935;302;0.013423;0.024245;0.038688;0.052763;0.077898
39800;39,8;0.042408;0.024947;302;0.013793;0.023140;0.038480;0.052335;0.077521
39900;39,9;0.042244;0.025037;302;0.013996;0.023222;0.038663;0.052936;0.077401
40000;40;0.042061;0.025099;302;0.014157;0.023371;0.038069;0.052429;0.077663
40100;40,1;0.041893;0.025168;302;0.013554;0.023131;0.038035;0.052206;0.077162
40200;40,2;0.041728;0.025217;302;0.013667;0.023563;0.038267;0.052261;0.077125
40300;40,3;0.041627;0.025205;302;0.014015;0.023348;0.037182;0.052206;0.076922
40400;40,4;0.041511;0.025108;302;0.014537;0.022852;0.036687;0.052418;0.075971
40500;40,5;0.041411;0.024983;302;0.013970;0.023277;0.036665;0.052661;0.074657
40600;40,6;0.041263;0.024828;302;0.014201;0.023645;0.037032;0.052484;0.073342
40700;40,7;0.041105;0.024658;302;0.014414;0.022666;0.036403;0.052369;0.072683
40800;40,8;0.040965;0.024485;302;0.014223;0.022016;0.036209;0.054423;0.072314
40900;40,9;0.040799;0.024287;302;0.013815;0.022017;0.035545;0.053810;0.071072
41000;41;0.040564;0.024100;302;0.014540;0.022292;0.034738;0.053731;0.070310
41100;41,1;0.040323;0.023949;302;0.014520;0.022838;0.034155;0.053568;0.071823
41200;41,2;0.040034;0.023792;302;0.014144;0.022447;0.033983;0.052714;0.070443
41300;41,3;0.039688;0.023657;302;0.014024;0.022557;0.033827;0.051096;0.069783
41400;41,4;0.039352;0.023603;302;0.013597;0.023014;0.033282;0.050465;0.070179
41500;41,5;0.039042;0.023554;302;0.013553;0.022564;0.033521;0.049739;0.069619
41600;41,6;0.038741;0.023485;302;0.012934;0.022696;0.033622;0.050121;0.069612
41700;41,7;0.038491;0.023409;302;0.013243;0.022345;0.032769;0.050792;0.069866
41800;41,8;0.038276;0.023310;302;0.013352;0.022247;0.032349;0.050390;0.069354
41900;41,9;0.038088;0.023178;302;0.013075;0.021583;0.032346;0.050345;0.068743
42000;42;0.037906;0.023016;302;0.013387;0.021201;0.032055;0.049686;0.068315
42100;42,1;0.037724;0.022874;302;0.013648;0.021168;0.032053;0.049138;0.068555
42200;42,2;0.037532;0.022731;302;0.013249;0.020946;0.032266;0.048242;0.067953
42300;42,3;0.037345;0.022660;302;0.013697;0.020847;0.032007;0.048302;0.067621
42400;42,4;0.037157;0.022573;302;0.013326;0.020592;0.031835;0.049195;0.067142
42500;42,5;0.036989;0.022544;302;0.013212;0.020508;0.031427;0.050057;0.065906
42600;42,6;0.036788;0.022524;302;0.013488;0.020316;0.030908;0.048574;0.065253
42700;42,7;0.036621;0.022540;302;0.013262;0.020352;0.030441;0.049272;0.065164
42800;42,8;0.036407;0.022507;302;0.012886;0.020084;0.030094;0.048464;0.065089
42900;42,9;0.036185;0.022462;302;0.013355;0.019915;0.029592;0.048319;0.063113
43000;43;0.036009;0.022478;302;0.013617;0.019595;0.029010;0.047818;0.063514
43100;43,1;0.035867;0.022546;302;0.013686;0.019503;0.028937;0.047438;0.064754
43200;43,2;0.035717;0.022590;302;0.013442;0.019811;0.029496;0.047251;0.066081
43300;43,3;0.035548;0.022593;302;0.013202;0.019449;0.029113;0.046930;0.065947
43400;43,4;0.035324;0.022604;302;0.013064;0.019301;0.028204;0.046280;0.066479
43500;43,5;0.035124;0.022599;302;0.012837;0.019382;0.028108;0.045283;0.065573
43600;43,6;0.034974;0.022601;302;0.013027;0.019164;0.028530;0.044770;0.064593
43700;43,7;0.034829;0.022623;302;0.012874;0.018955;0.029031;0.044582;0.064242
43800;43,8;0.034709;0.022616;302;0.012747;0.018979;0.028859;0.043256;0.063030
43900;43,9;0.034575;0.022622;302;0.012470;0.019119;0.028847;0.042894;0.063242
44000;44;0.034482;0.022642;302;0.012194;0.019167;0.028280;0.042562;0.062171
44100;44,1;0.034424;0.022670;301;0.012114;0.019156;0.028265;0.043660;0.061562
44200;44,2;0.034310;0.022603;301;0.012081;0.019530;0.028763;0.042520;0.062590
44300;44,3;0.034152;0.022523;301;0.011365;0.019323;0.028819;0.042503;0.062312
44400;44,4;0.034032;0.022460;301;0.010860;0.019140;0.028309;0.042711;0.062320
44500;44,5;0.033900;0.022366;301;0.010593;0.019340;0.028076;0.042769;0.061765
44600;44,6;0.033783;0.022256;301;0.010382;0.019291;0.027537;0.043366;0.060982
44700;44,7;0.033707;0.022117;301;0.010459;0.018936;0.027626;0.043220;0.061153
44800;44,8;0.033637;0.021955;301;0.010473;0.019017;0.028313;0.042868;0.061602
44900;44,9;0.033588;0.021806;301;0.010390;0.018955;0.028313;0.042735;0.062131
45000;45;0.033537;0.021678;301;0.011029;0.018911;0.028646;0.041946;0.062624
45100;45,1;0.033448;0.021560;301;0.010984;0.018913;0.028414;0.041649;0.063580
45200;45,2;0.033377;0.021513;301;0.011110;0.018914;0.028316;0.041511;0.064239
45300;45,3;0.033280;0.021435;301;0.011335;0.018892;0.028319;0.040703;0.064353
45400;45,4;0.033122;0.021336;301;0.011429;0.018905;0.028044;0.040552;0.065258
45500;45,5;0.032972;0.021257;301;0.011523;0.018495;0.027485;0.040643;0.065547
45600;45,6;0.032875;0.021229;300;0.011441;0.018260;0.027345;0.040837;0.065784
45700;45,7;0.032624;0.021223;301;0.011511;0.018469;0.027181;0.040770;0.066018
45800;45,8;0.032455;0.021220;301;0.011432;0.017862;0.027372;0.040843;0.065743
45900;45,9;0.032246;0.021180;301;0.010937;0.017825;0.027741;0.040717;0.064406
46000;46;0.032013;0.021155;301;0.010715;0.017175;0.026978;0.039756;0.062088
46100;46,1;0.031822;0.021157;300;0.010252;0.016652;0.026227;0.039303;0.062167
46200;46,2;0.031573;0.021123;301;0.010416;0.016967;0.026088;0.039278;0.060784
46300;46,3;0.031471;0.021142;301;0.010317;0.016979;0.026020;0.039894;0.059661
46400;46,4;0.031376;0.021151;301;0.010369;0.016866;0.026202;0.039420;0.060389
46500;46,5;0.031347;0.021161;300;0.010339;0.016691;0.025906;0.038959;0.059430
46600;46,6;0.031207;0.021123;301;0.010524;0.016633;0.025840;0.039100;0.058460
46700;46,7;0.031114;0.021094;301;0.010220;0.016733;0.026191;0.039057;0.057410
46800;46,8;0.030988;0.021069;301;0.009917;0.016815;0.025599;0.039392;0.057406
46900;46,9;0.030969;0.021082;300;0.009159;0.016666;0.025421;0.039576;0.057930
47000;47;0.030878;0.021036;300;0.009119;0.016622;0.025471;0.039462;0.057826
47100;47,1;0.030758;0.020936;301;0.009328;0.016229;0.025797;0.039572;0.058502
47200;47,2;0.030679;0.020888;300;0.009621;0.015696;0.025716;0.039160;0.057189
47300;47,3;0.030562;0.020752;299;0.009772;0.015634;0.025859;0.039262;0.057439
47400;47,4;0.030470;0.020630;299;0.009849;0.015523;0.025547;0.039625;0.057857
47500;47,5;0.030313;0.020440;300;0.009894;0.015435;0.025131;0.039883;0.055356
47600;47,6;0.030200;0.020348;299;0.009940;0.015333;0.024706;0.040784;0.054942
47700;47,7;0.030026;0.020162;299;0.009985;0.015282;0.024426;0.040173;0.054527
47800;47,8;0.029859;0.020044;299;0.010056;0.015106;0.025405;0.039861;0.054113
47900;47,9;0.029696;0.019965;299;0.009704;0.015080;0.025376;0.039747;0.053699
48000;48;0.029538;0.019921;299;0.009187;0.015034;0.025712;0.039508;0.053923
48100;48,1;0.029402;0.019864;299;0.008788;0.015002;0.025761;0.039728;0.053177
48200;48,2;0.029272;0.019743;299;0.008910;0.015152;0.025323;0.039392;0.052456
48300;48,3;0.029153;0.019661;299;0.008714;0.015094;0.025684;0.038405;0.052540
48400;48,4;0.029002;0.019575;299;0.008998;0.014851;0.025180;0.038117;0.053121
48500;48,5;0.028816;0.019407;299;0.008934;0.014756;0.024787;0.037617;0.053113
48600;48,6;0.028631;0.019238;299;0.008619;0.014686;0.024576;0.037087;0.052913
48700;48,7;0.028463;0.019019;299;0.008401;0.014411;0.024115;0.036892;0.053523
48800;48,8;0.028283;0.018881;299;0.008516;0.014370;0.023966;0.036076;0.053502
48900;48,9;0.028079;0.018767;299;0.008355;0.014310;0.023812;0.035708;0.053129
49000;49;0.027898;0.018695;299;0.008026;0.014250;0.023155;0.034826;0.052379
49100;49,1;0.027765;0.018656;299;0.008287;0.014291;0.023028;0.034497;0.053076
49200;49,2;0.027645;0.018548;299;0.007926;0.014534;0.023233;0.034951;0.053126
49300;49,3;0.027512;0.018401;299;0.007590;0.014686;0.023306;0.034553;0.052487
49400;49,4;0.027360;0.018275;299;0.007509;0.014828;0.023285;0.034551;0.053271
49500;49,5;0.027217;0.018205;299;0.007594;0.015069;0.023442;0.034351;0.053199
49600;49,6;0.027086;0.018165;299;0.007319;0.014780;0.023076;0.034151;0.053008
49700;49,7;0.027013;0.018098;299;0.007152;0.014428;0.022107;0.035035;0.052817
49800;49,8;0.026965;0.018151;298;0.007378;0.013974;0.021569;0.034907;0.052148
49900;49,9;0.026878;0.018117;298;0.007646;0.014021;0.022314;0.034770;0.051559
50000;50;0.026785;0.018061;298;0.007968;0.014243;0.022511;0.034379;0.052656
50100;50,1;0.026646;0.017940;298;0.007855;0.013793;0.022343;0.034332;0.052494
50200;50,2;0.026548;0.017839;298;0.007455;0.014056;0.022529;0.033769;0.052758
50300;50,3;0.026423;0.017674;298;0.007791;0.014086;0.022658;0.033076;0.051125
50400;50,4;0.026320;0.017522;298;0.007791;0.013957;0.023000;0.033613;0.051792
50500;50,5;0.026279;0.017363;297;0.008020;0.013552;0.023358;0.033816;0.051643
50600;50,6;0.026198;0.017203;297;0.007997;0.013211;0.023143;0.034163;0.051725
50700;50,7;0.026128;0.017096;297;0.007845;0.013583;0.022817;0.033980;0.050335
50800;50,8;0.026040;0.017005;297;0.007877;0.013073;0.022532;0.034289;0.050382
50900;50,9;0.025919;0.016924;297;0.007974;0.012760;0.022369;0.034573;0.050621
51000;51;0.025783;0.016843;297;0.008071;0.012797;0.022019;0.034469;0.050664
51100;51,1;0.025677;0.016738;297;0.007862;0.012573;0.022091;0.034548;0.050429
51200;51,2;0.025588;0.016638;297;0.007727;0.013023;0.022148;0.034440;0.050032
51300;51,3;0.025493;0.016557;297;0.007502;0.013166;0.021784;0.034400;0.049309
51400;51,4;0.025418;0.016435;296;0.007645;0.013079;0.021700;0.033931;0.049032
51500;51,5;0.025260;0.016339;296;0.007016;0.013084;0.021336;0.033714;0.048845
51600;51,6;0.025135;0.016230;296;0.006830;0.013207;0.020812;0.033996;0.048236
51700;51,7;0.025002;0.016140;296;0.006959;0.013744;0.021051;0.033508;0.047628
51800;51,8;0.024856;0.016064;296;0.006975;0.013563;0.020647;0.033276;0.046627
51900;51,9;0.024719;0.015973;296;0.007056;0.013775;0.020189;0.032190;0.046036
52000;52;0.024615;0.015924;296;0.007163;0.014244;0.020472;0.031434;0.046061
52100;52,1;0.024523;0.015921;296;0.007197;0.013716;0.020848;0.031745;0.046838
52200;52,2;0.024449;0.015982;296;0.007227;0.013322;0.020715;0.031586;0.047317
52300;52,3;0.024405;0.016113;296;0.007330;0.013240;0.020467;0.032404;0.047226
52400;52,4;0.024377;0.016245;295;0.007214;0.012824;0.020555;0.032752;0.047136
52500;52,5;0.024232;0.016229;294;0.007240;0.012374;0.020702;0.031756;0.047046
52600;52,6;0.024268;0.016343;294;0.007109;0.012221;0.020476;0.030884;0.046955
52700;52,7;0.024335;0.016445;294;0.006920;0.012175;0.020659;0.030346;0.048043
52800;52,8;0.024416;0.016546;294;0.006731;0.012226;0.020955;0.029789;0.048144
52900;52,9;0.024466;0.016636;294;0.006756;0.012659;0.021102;0.030007;0.048127
53000;53;0.024495;0.016685;294;0.006517;0.012223;0.020884;0.031231;0.047160
53100;53,1;0.024510;0.016730;294;0.006304;0.012039;0.021118;0.031172;0.046992
53200;53,2;0.024514;0.016756;294;0.006384;0.012163;0.021192;0.030973;0.047806
53300;53,3;0.024563;0.016707;293;0.006626;0.012585;0.021176;0.031400;0.047966
53400;53,4;0.024512;0.016660;293;0.006925;0.012120;0.021210;0.031717;0.047365
53500;53,5;0.024458;0.016623;293;0.006886;0.012518;0.021017;0.031368;0.046716
53600;53,6;0.024318;0.016600;294;0.006757;0.012724;0.020685;0.030957;0.046297
53700;53,7;0.024308;0.016475;293;0.006511;0.013065;0.020625;0.030975;0.045596
53800;53,8;0.024178;0.016374;293;0.006656;0.012996;0.020584;0.030943;0.045536
53900;53,9;0.024048;0.016255;293;0.006659;0.012950;0.020805;0.030828;0.045817
54000;54;0.023937;0.016094;292;0.006784;0.012893;0.021016;0.030343;0.046031
54100;54,1;0.023750;0.015999;292;0.006684;0.012497;0.020895;0.029905;0.046378
54200;54,2;0.023593;0.015888;292;0.006666;0.012786;0.020660;0.029578;0.046493
54300;54,3;0.023389;0.015796;293;0.006436;0.012437;0.020317;0.029805;0.045441
54400;54,4;0.023394;0.015671;291;0.006396;0.012149;0.019993;0.029984;0.045510
54500;54,5;0.023338;0.015567;291;0.006409;0.012222;0.020029;0.030124;0.045401
54600;54,6;0.023293;0.015417;291;0.006454;0.012421;0.020084;0.029970;0.045035
54700;54,7;0.023229;0.015243;291;0.006636;0.012235;0.020052;0.029831;0.045023
54800;54,8;0.023157;0.015054;291;0.006725;0.012432;0.020221;0.030105;0.043925
54900;54,9;0.023034;0.014907;291;0.006783;0.012100;0.020024;0.030127;0.043635
55000;55;0.022951;0.014755;290;0.006691;0.012231;0.019966;0.030065;0.042914
55100;55,1;0.022752;0.014602;291;0.006953;0.012263;0.019477;0.029680;0.042067
55200;55,2;0.022632;0.014473;291;0.007235;0.011630;0.019457;0.029788;0.041218
55300;55,3;0.022523;0.014372;291;0.007235;0.011657;0.019033;0.030008;0.041156
55400;55,4;0.022412;0.014284;291;0.007199;0.011665;0.018644;0.029666;0.041254
55500;55,5;0.022329;0.014200;291;0.007131;0.011795;0.018600;0.029632;0.041842
55600;55,6;0.022319;0.014114;290;0.007342;0.011892;0.018426;0.029692;0.041736
55700;55,7;0.022251;0.014053;290;0.007094;0.011709;0.018831;0.029296;0.041664
55800;55,8;0.022106;0.014001;291;0.006773;0.011621;0.018674;0.029391;0.041474
55900;55,9;0.022001;0.013900;291;0.006870;0.011908;0.018813;0.028807;0.040826
56000;56;0.021848;0.013805;291;0.006988;0.011841;0.018562;0.028727;0.040372
56100;56,1;0.021672;0.013680;291;0.006953;0.011712;0.018557;0.028761;0.039919
56200;56,2;0.021548;0.013545;290;0.006904;0.011755;0.018596;0.028010;0.039098
56300;56,3;0.021380;0.013446;290;0.006882;0.012010;0.019064;0.027592;0.038908
56400;56,4;0.021197;0.013387;291;0.006969;0.012192;0.018617;0.027666;0.039009
56500;56,5;0.021112;0.013350;291;0.006637;0.011874;0.018423;0.027438;0.038743
56600;56,6;0.021056;0.013336;291;0.006437;0.011632;0.018542;0.027179;0.038894
56700;56,7;0.021083;0.013341;289;0.006297;0.011628;0.018115;0.026980;0.038680
56800;56,8;0.020975;0.013349;289;0.005798;0.011098;0.018100;0.027108;0.038778
56900;56,9;0.020877;0.013380;289;0.006221;0.011013;0.018507;0.027101;0.037974
57000;57;0.020783;0.013396;289;0.006350;0.010777;0.018246;0.027025;0.038375
57100;57,1;0.020701;0.013443;289;0.006239;0.010966;0.018319;0.027128;0.037655
57200;57,2;0.020623;0.013482;289;0.006881;0.010767;0.018008;0.027396;0.037347
57300;57,3;0.020539;0.013520;289;0.006478;0.010897;0.017798;0.026543;0.036495
57400;57,4;0.020455;0.013536;289;0.006279;0.010775;0.017789;0.026446;0.036221
57500;57,5;0.020393;0.013518;289;0.006229;0.010711;0.017337;0.026460;0.036085
57600;57,6;0.020323;0.013503;289;0.006038;0.010647;0.017046;0.026872;0.036048
57700;57,7;0.020246;0.013490;289;0.005941;0.010597;0.017008;0.026943;0.036599
57800;57,8;0.020152;0.013470;289;0.005603;0.010324;0.017006;0.026620;0.036919
57900;57,9;0.020068;0.013453;289;0.005667;0.010377;0.017072;0.026877;0.037186
58000;58;0.019991;0.013447;289;0.005556;0.010631;0.016761;0.026762;0.037589
58100;58,1;0.019879;0.013451;289;0.005568;0.010705;0.016825;0.026064;0.037155
58200;58,2;0.019740;0.013440;289;0.005405;0.010470;0.016987;0.025730;0.036919
58300;58,3;0.019590;0.013438;289;0.005187;0.010178;0.016498;0.025053;0.036870
58400;58,4;0.019447;0.013403;289;0.005464;0.009875;0.016086;0.025505;0.036881
58500;58,5;0.019307;0.013376;289;0.005426;0.009538;0.016149;0.025613;0.036642
58600;58,6;0.019176;0.013353;289;0.005613;0.009276;0.015858;0.025069;0.037222
58700;58,7;0.019073;0.013341;289;0.005690;0.009415;0.015543;0.025363;0.037127
58800;58,8;0.019011;0.013331;289;0.005724;0.009127;0.015738;0.024689;0.037197
58900;58,9;0.018998;0.013299;289;0.005806;0.009410;0.015811;0.024145;0.037135
59000;59;0.019008;0.013248;289;0.006001;0.009457;0.015471;0.023883;0.037139
59100;59,1;0.019029;0.013166;289;0.006002;0.009788;0.015557;0.024175;0.037607
59200;59,2;0.019061;0.013139;289;0.005771;0.009886;0.015751;0.024358;0.037147
59300;59,3;0.019061;0.013148;289;0.005562;0.010048;0.015688;0.024482;0.036836
59400;59,4;0.019117;0.013119;288;0.005805;0.009917;0.015791;0.024056;0.036633
59500;59,5;0.019109;0.013092;288;0.005607;0.009574;0.016134;0.023828;0.037159
59600;59,6;0.019068;0.012980;288;0.005573;0.009863;0.016344;0.023840;0.035912
59700;59,7;0.019033;0.012890;288;0.005956;0.010085;0.016486;0.023617;0.036442
59800;59,8;0.019014;0.012840;288;0.005830;0.009908;0.016125;0.024110;0.036742
59900;59,9;0.018981;0.012788;287;0.006050;0.010393;0.016442;0.024479;0.035474
60000;60;0.018958;0.012796;287;0.006219;0.010014;0.015988;0.024417;0.035847
60100;60,1;0.018923;0.012838;287;0.006174;0.009635;0.016063;0.024017;0.035836
60200;60,2;0.018892;0.012902;287;0.005979;0.009428;0.015935;0.024139;0.035455
60300;60,3;0.018867;0.012962;287;0.005918;0.009444;0.015974;0.023961;0.035347
60400;60,4;0.018849;0.013034;287;0.005724;0.009344;0.016052;0.023816;0.034990
60500;60,5;0.018850;0.013052;287;0.005963;0.009607;0.016193;0.023724;0.036496
60600;60,6;0.018839;0.013056;287;0.006038;0.009604;0.016368;0.023918;0.036340
60700;60,7;0.018825;0.013076;287;0.005822;0.009589;0.016315;0.024282;0.037303
60800;60,8;0.018751;0.013068;287;0.005573;0.009559;0.015885;0.024519;0.037944
60900;60,9;0.018682;0.013067;287;0.005768;0.009420;0.015396;0.024402;0.036978
61000;61;0.018597;0.013057;287;0.005880;0.009262;0.015366;0.024087;0.035919
61100;61,1;0.018530;0.013089;287;0.005650;0.009042;0.015428;0.024092;0.034860
61200;61,2;0.018468;0.013134;287;0.005700;0.009072;0.015603;0.024444;0.034336
61300;61,3;0.018444;0.013190;286;0.005458;0.009266;0.015010;0.024410;0.033815
61400;61,4;0.018483;0.013238;285;0.005133;0.009326;0.015505;0.024367;0.034317
61500;61,5;0.018514;0.013285;285;0.005228;0.009347;0.015373;0.024036;0.034348
61600;61,6;0.018486;0.013333;286;0.005270;0.009384;0.015232;0.023949;0.033705
61700;61,7;0.018494;0.013449;285;0.005294;0.009266;0.015307;0.023667;0.034040
61800;61,8;0.018521;0.013578;284;0.005212;0.009151;0.015282;0.023858;0.034039
61900;61,9;0.018462;0.013688;284;0.005221;0.008903;0.015612;0.023647;0.033872
62000;62;0.018349;0.013784;286;0.005207;0.009001;0.015671;0.023687;0.034003
62100;62,1;0.018283;0.013873;286;0.005199;0.008679;0.015256;0.023595;0.034532
62200;62,2;0.018256;0.013970;284;0.005162;0.008610;0.015265;0.023192;0.034550
62300;62,3;0.018178;0.014017;284;0.005057;0.008514;0.015108;0.023176;0.034663
62400;62,4;0.018079;0.014041;285;0.004900;0.008292;0.014712;0.022730;0.034616
62500;62,5;0.018122;0.014071;283;0.005071;0.008564;0.014988;0.023037;0.034280
62600;62,6;0.018094;0.014097;283;0.004873;0.008625;0.014819;0.023124;0.034274
62700;62,7;0.018067;0.014133;283;0.004720;0.008781;0.014948;0.023114;0.034717
62800;62,8;0.018010;0.014169;283;0.004653;0.008789;0.014414;0.022895;0.034394
62900;62,9;0.017947;0.014192;283;0.004716;0.008627;0.014698;0.022957;0.034358
63000;63;0.017888;0.014189;284;0.004725;0.008324;0.014208;0.022939;0.034030
63100;63,1;0.017852;0.014157;283;0.004417;0.008508;0.014702;0.022955;0.033477
63200;63,2;0.017774;0.014081;283;0.004596;0.008740;0.014190;0.022955;0.034218
63300;63,3;0.017695;0.014037;283;0.004710;0.008592;0.013988;0.023105;0.034227
63400;63,4;0.017639;0.013972;283;0.004492;0.008393;0.013984;0.022985;0.034168
63500;63,5;0.017595;0.013943;284;0.004516;0.008084;0.013818;0.022636;0.034495
63600;63,6;0.017631;0.013936;282;0.004499;0.008176;0.013653;0.023257;0.034416
63700;63,7;0.017622;0.013893;281;0.004733;0.008142;0.013802;0.022997;0.033367
63800;63,8;0.017543;0.013851;281;0.004971;0.008032;0.013637;0.022517;0.033488
63900;63,9;0.017429;0.013842;281;0.004709;0.007948;0.013849;0.022836;0.033643
64000;64;0.017330;0.013794;282;0.004329;0.007942;0.013817;0.022623;0.032247
64100;64,1;0.017226;0.013761;281;0.004380;0.007973;0.013711;0.022704;0.031988
64200;64,2;0.017123;0.013680;280;0.004344;0.007758;0.013653;0.022714;0.031862
64300;64,3;0.016960;0.013545;281;0.004737;0.008017;0.013544;0.022570;0.031537
64400;64,4;0.016845;0.013444;281;0.004643;0.008154;0.013603;0.022311;0.030721
64500;64,5;0.016734;0.013376;281;0.004721;0.008063;0.013196;0.021916;0.030047
64600;64,6;0.016672;0.013308;280;0.004747;0.008055;0.012844;0.021488;0.030120
64700;64,7;0.016551;0.013239;280;0.004775;0.007815;0.012623;0.020724;0.030564
64800;64,8;0.016445;0.013158;279;0.004591;0.007851;0.012529;0.020663;0.031605
64900;64,9;0.016268;0.013044;280;0.004645;0.007835;0.012392;0.020299;0.031147
65000;65;0.016072;0.012959;281;0.004555;0.007801;0.012548;0.020331;0.030412
65100;65,1;0.015983;0.012869;280;0.004378;0.007845;0.012376;0.020343;0.029438
65200;65,2;0.015793;0.012826;281;0.004621;0.007798;0.012295;0.020462;0.029169
65300;65,3;0.015739;0.012789;280;0.004347;0.007786;0.012216;0.020470;0.029120
65400;65,4;0.015679;0.012736;280;0.004303;0.007673;0.012186;0.020252;0.028374
65500;65,5;0.015684;0.012698;279;0.004171;0.007667;0.012198;0.020519;0.028387
65600;65,6;0.015681;0.012705;278;0.004189;0.007667;0.012328;0.020777;0.027895
65700;65,7;0.015648;0.012701;278;0.004205;0.007815;0.012549;0.020258;0.027784
65800;65,8;0.015682;0.012668;277;0.004211;0.007979;0.012739;0.020355;0.028405
65900;65,9;0.015644;0.012618;278;0.004209;0.007795;0.012554;0.020344;0.028908
66000;66;0.015655;0.012587;278;0.004366;0.007812;0.012379;0.020074;0.028762
66100;66,1;0.015680;0.012555;278;0.004494;0.007751;0.012518;0.019969;0.028576
66200;66,2;0.015737;0.012525;277;0.004604;0.007705;0.012665;0.019686;0.029106
66300;66,3;0.015734;0.012482;277;0.004568;0.007561;0.012774;0.020331;0.029770
66400;66,4;0.015653;0.012452;278;0.004544;0.007665;0.012515;0.020316;0.029680
66500;66,5;0.015603;0.012387;277;0.004576;0.007676;0.012421;0.019807;0.029924
66600;66,6;0.015517;0.012312;277;0.004705;0.007582;0.012122;0.020034;0.029695
66700;66,7;0.015407;0.012233;277;0.004571;0.007514;0.011732;0.020157;0.029309
66800;66,8;0.015288;0.012156;277;0.004727;0.007141;0.011486;0.019460;0.029260
66900;66,9;0.015138;0.012092;278;0.004743;0.007122;0.011274;0.019155;0.028694
67000;67;0.015060;0.011998;278;0.004946;0.007076;0.011201;0.019307;0.028897
67100;67,1;0.014923;0.011872;277;0.004808;0.007097;0.011485;0.019312;0.028269
67200;67,2;0.014833;0.011764;277;0.004665;0.007111;0.011207;0.019356;0.028166
67300;67,3;0.014750;0.011689;277;0.004502;0.007060;0.011203;0.019257;0.028023
67400;67,4;0.014684;0.011637;277;0.004394;0.007091;0.011269;0.019152;0.027411
67500;67,5;0.014647;0.011589;277;0.004296;0.006988;0.011259;0.019562;0.027538
67600;67,6;0.014625;0.011553;277;0.004044;0.007151;0.011085;0.018921;0.027033
67700;67,7;0.014663;0.011496;276;0.004370;0.007055;0.011194;0.019690;0.026988
67800;67,8;0.014671;0.011461;276;0.004279;0.006874;0.011169;0.019836;0.026908
67900;67,9;0.014672;0.011434;276;0.004245;0.006736;0.011368;0.019769;0.026771
68000;68;0.014689;0.011421;275;0.004234;0.006575;0.011584;0.019854;0.026708
68100;68,1;0.014711;0.011405;274;0.004204;0.006664;0.011676;0.019848;0.026743
68200;68,2;0.014681;0.011388;274;0.004090;0.006785;0.011768;0.019630;0.026767
68300;68,3;0.014725;0.011374;272;0.004163;0.006832;0.011646;0.019135;0.026802
68400;68,4;0.014694;0.011363;272;0.004203;0.006775;0.011575;0.018759;0.027363
68500;68,5;0.014659;0.011352;272;0.003973;0.006513;0.011543;0.018480;0.027615
68600;68,6;0.014586;0.011356;273;0.003559;0.006337;0.011764;0.018351;0.027698
68700;68,7;0.014549;0.011345;273;0.003732;0.006365;0.011930;0.018191;0.027780
68800;68,8;0.014516;0.011250;273;0.003717;0.006613;0.011879;0.018416;0.027862
68900;68,9;0.014451;0.011135;273;0.003778;0.006786;0.012141;0.017760;0.028394
69000;69;0.014434;0.011031;272;0.003851;0.006573;0.011855;0.017627;0.028389
69100;69,1;0.014389;0.010934;272;0.003786;0.006597;0.012274;0.017621;0.028499
69200;69,2;0.014366;0.010858;272;0.003591;0.006366;0.012068;0.018001;0.028610
69300;69,3;0.014333;0.010775;272;0.003527;0.006267;0.012130;0.018057;0.029056
69400;69,4;0.014265;0.010714;273;0.003434;0.006486;0.012125;0.018339;0.028844
69500;69,5;0.014320;0.010688;271;0.003777;0.006468;0.012224;0.018332;0.028681
69600;69,6;0.014298;0.010665;271;0.003729;0.006467;0.012024;0.018229;0.028578
69700;69,7;0.014289;0.010655;271;0.003926;0.006712;0.012032;0.018117;0.028551
69800;69,8;0.014308;0.010641;271;0.003800;0.006713;0.011968;0.018190;0.029085
69900;69,9;0.014340;0.010611;271;0.003918;0.006739;0.012039;0.018349;0.029563
70000;70;0.014326;0.010554;272;0.004094;0.006810;0.012013;0.018390;0.029289
70100;70,1;0.014362;0.010492;271;0.004003;0.006891;0.011853;0.018750;0.028396
70200;70,2;0.014351;0.010468;271;0.004034;0.006639;0.011830;0.018888;0.029010
70300;70,3;0.014318;0.010464;271;0.004104;0.006577;0.011826;0.018909;0.029064
70400;70,4;0.014256;0.010466;270;0.004078;0.006725;0.011240;0.019060;0.028231
70500;70,5;0.014234;0.010429;270;0.003925;0.006680;0.011429;0.019018;0.028135
70600;70,6;0.014220;0.010391;270;0.003900;0.006741;0.011183;0.019246;0.028283
70700;70,7;0.014210;0.010350;270;0.003857;0.006908;0.011232;0.019244;0.028183
70800;70,8;0.014198;0.010331;270;0.003762;0.006995;0.011468;0.018704;0.027884
70900;70,9;0.014178;0.010354;269;0.003900;0.006822;0.011109;0.018227;0.028499
71000;71;0.014127;0.010370;269;0.003643;0.006876;0.011253;0.018283;0.028324
71100;71,1;0.014100;0.010394;269;0.003459;0.007012;0.011183;0.018175;0.028583
71200;71,2;0.014150;0.010404;268;0.003775;0.007090;0.011235;0.017702;0.028842
71300;71,3;0.014150;0.010417;268;0.003743;0.007012;0.011346;0.017751;0.029101
71400;71,4;0.014119;0.010480;269;0.003676;0.006877;0.011087;0.017799;0.029272
71500;71,5;0.014168;0.010535;269;0.003480;0.006942;0.011061;0.017848;0.029568
71600;71,6;0.014251;0.010564;268;0.003548;0.006919;0.011277;0.018169;0.029864
71700;71,7;0.014261;0.010579;268;0.003473;0.006763;0.011203;0.018420;0.030275
71800;71,8;0.014249;0.010573;268;0.003640;0.006856;0.011212;0.018080;0.030456
71900;71,9;0.014241;0.010560;268;0.003685;0.006747;0.011204;0.018379;0.030486
72000;72;0.014219;0.010541;268;0.003342;0.006910;0.010952;0.018197;0.030231
72100;72,1;0.014192;0.010526;268;0.003145;0.006841;0.011098;0.018139;0.029479
72200;72,2;0.014151;0.010506;268;0.003097;0.006660;0.011189;0.018188;0.029709
72300;72,3;0.014091;0.010494;268;0.003040;0.006727;0.011490;0.018007;0.030205
72400;72,4;0.014119;0.010478;266;0.003100;0.006712;0.011660;0.017716;0.029745
72500;72,5;0.014073;0.010444;266;0.003142;0.006689;0.011447;0.017266;0.030086
72600;72,6;0.014037;0.010390;266;0.003203;0.006752;0.011424;0.017162;0.029498
72700;72,7;0.013989;0.010336;266;0.003355;0.006804;0.011346;0.017615;0.029636
72800;72,8;0.013953;0.010280;265;0.003413;0.006840;0.011308;0.017571;0.029430
72900;72,9;0.013849;0.010191;264;0.003442;0.006651;0.011272;0.017485;0.028815
73000;73;0.013765;0.010055;265;0.003350;0.006336;0.011286;0.018082;0.028584
73100;73,1;0.013632;0.009948;264;0.003500;0.006218;0.011081;0.018023;0.028273
73200;73,2;0.013525;0.009822;264;0.003334;0.006256;0.010846;0.017989;0.027877
73300;73,3;0.013447;0.009727;264;0.002967;0.006205;0.011026;0.017664;0.027652
73400;73,4;0.013371;0.009681;264;0.003223;0.005912;0.011243;0.017279;0.027545
73500;73,5;0.013325;0.009630;264;0.003184;0.005930;0.011308;0.016994;0.027325
73600;73,6;0.013313;0.009603;263;0.002835;0.005882;0.011460;0.017220;0.027509
73700;73,7;0.013270;0.009558;263;0.003021;0.005916;0.011211;0.017421;0.027379
73800;73,8;0.013243;0.009509;263;0.003259;0.006139;0.010833;0.017688;0.027020
73900;73,9;0.013239;0.009466;263;0.003422;0.006132;0.011033;0.017418;0.027080
74000;74;0.013238;0.009448;263;0.003370;0.006663;0.010976;0.017734;0.026927
74100;74,1;0.013230;0.009450;263;0.003224;0.006784;0.011219;0.017567;0.026481
74200;74,2;0.013238;0.009471;263;0.003108;0.006716;0.010988;0.017414;0.026750
74300;74,3;0.013250;0.009501;263;0.003017;0.006553;0.010707;0.017772;0.026761
74400;74,4;0.013258;0.009510;263;0.003087;0.006358;0.010920;0.017405;0.026281
74500;74,5;0.013215;0.009483;264;0.002761;0.006145;0.010682;0.017700;0.025972
74600;74,6;0.013204;0.009430;264;0.002762;0.006353;0.011038;0.017800;0.025516
74700;74,7;0.013221;0.009378;263;0.002959;0.006619;0.011121;0.017904;0.024690
74800;74,8;0.013196;0.009342;263;0.002815;0.006588;0.011100;0.018132;0.024712
74900;74,9;0.013153;0.009301;263;0.003065;0.006543;0.011042;0.017881;0.025078
75000;75;0.013076;0.009263;263;0.003256;0.006384;0.011040;0.017339;0.025470
75100;75,1;0.012981;0.009237;263;0.003141;0.006359;0.010809;0.017333;0.025407
75200;75,2;0.012866;0.009222;263;0.003126;0.006366;0.010621;0.017560;0.025261
75300;75,3;0.012738;0.009197;263;0.003311;0.006334;0.010687;0.017345;0.025136
75400;75,4;0.012639;0.009201;263;0.003103;0.006095;0.010274;0.017198;0.025131
75500;75,5;0.012544;0.009222;263;0.003080;0.006087;0.010415;0.017237;0.024157
75600;75,6;0.012461;0.009225;263;0.003137;0.006024;0.010143;0.016838;0.023375
75700;75,7;0.012411;0.009234;263;0.002919;0.005924;0.009956;0.016424;0.023588
75800;75,8;0.012388;0.009248;263;0.002988;0.005824;0.010106;0.016258;0.024007
75900;75,9;0.012410;0.009280;262;0.003008;0.005735;0.010087;0.016416;0.024585
76000;76;0.012396;0.009306;262;0.003000;0.005755;0.009988;0.016391;0.024744
76100;76,1;0.012377;0.009323;261;0.003023;0.005699;0.009940;0.016193;0.024315
76200;76,2;0.012342;0.009353;261;0.003096;0.005679;0.010054;0.015662;0.024726
76300;76,3;0.012321;0.009398;261;0.003019;0.005586;0.009974;0.015924;0.024728
76400;76,4;0.012312;0.009454;261;0.002912;0.005509;0.009929;0.015727;0.025231
76500;76,5;0.012312;0.009509;261;0.002822;0.005470;0.010022;0.015656;0.025290
76600;76,6;0.012309;0.009524;261;0.002876;0.005457;0.009837;0.016024;0.025735
76700;76,7;0.012307;0.009483;261;0.002819;0.005561;0.009893;0.015969;0.025855
76800;76,8;0.012298;0.009418;261;0.002804;0.005468;0.010195;0.016175;0.026184
76900;76,9;0.012295;0.009359;261;0.002803;0.005728;0.010042;0.016369;0.025001
77000;77;0.012302;0.009300;261;0.002747;0.005817;0.010103;0.016272;0.024304
77100;77,1;0.012288;0.009227;261;0.002715;0.005700;0.010014;0.016319;0.024273
77200;77,2;0.012276;0.009163;261;0.002539;0.005793;0.009824;0.016398;0.024220
77300;77,3;0.012261;0.009109;261;0.002551;0.005643;0.010081;0.016699;0.023658
77400;77,4;0.012233;0.009074;261;0.002654;0.005879;0.010005;0.016720;0.023926
77500;77,5;0.012203;0.009044;261;0.002708;0.005910;0.010025;0.016572;0.023911
77600;77,6;0.012186;0.009021;261;0.002602;0.005694;0.010299;0.016567;0.023895
77700;77,7;0.012219;0.009007;260;0.002574;0.005566;0.010204;0.016782;0.024085
77800;77,8;0.012139;0.008971;261;0.002718;0.005336;0.010063;0.016382;0.024286
77900;77,9;0.012133;0.008907;260;0.002808;0.005438;0.010350;0.016354;0.023847
78000;78;0.012076;0.008883;261;0.002593;0.005577;0.010065;0.016362;0.023486
78100;78,1;0.012127;0.008863;260;0.002418;0.005595;0.010344;0.016363;0.023728
78200;78,2;0.012166;0.008874;260;0.002494;0.005459;0.010400;0.016139;0.023483
78300;78,3;0.012188;0.008922;259;0.002611;0.005409;0.010417;0.016015;0.024124
78400;78,4;0.012241;0.008983;259;0.002796;0.005549;0.010476;0.015950;0.024757
78500;78,5;0.012332;0.009026;260;0.002564;0.005619;0.010451;0.015980;0.024652
78600;78,6;0.012348;0.009069;259;0.002467;0.005697;0.010468;0.015634;0.025273
78700;78,7;0.012385;0.009090;259;0.002559;0.005687;0.010757;0.015655;0.025601
78800;78,8;0.012414;0.009091;259;0.002758;0.005962;0.010767;0.015910;0.025475
78900;78,9;0.012416;0.009105;259;0.002980;0.006049;0.010581;0.016097;0.025350
79000;79;0.012410;0.009112;259;0.002985;0.006134;0.010535;0.015962;0.024760
79100;79,1;0.012398;0.009120;259;0.002881;0.006194;0.010403;0.016144;0.024401
79200;79,2;0.012369;0.009106;259;0.002789;0.006128;0.010223;0.015958;0.024387
79300;79,3;0.012379;0.009073;258;0.002865;0.006031;0.010181;0.016047;0.023616
79400;79,4;0.012333;0.009040;258;0.003065;0.005949;0.010089;0.015718;0.023233
79500;79,5;0.012235;0.009033;258;0.003012;0.005645;0.010183;0.015592;0.023080
79600;79,6;0.012169;0.008985;258;0.002950;0.005785;0.010109;0.015460;0.023155
79700;79,7;0.012154;0.008907;258;0.003161;0.005841;0.010177;0.015537;0.023405
79800;79,8;0.012099;0.008863;258;0.003198;0.005894;0.010246;0.015591;0.023572
79900;79,9;0.012048;0.008831;258;0.002966;0.005911;0.010261;0.015432;0.023447
80000;80;0.011993;0.008821;258;0.003094;0.005896;0.010025;0.014816;0.023323
80100;80,1;0.011973;0.008850;258;0.002895;0.005731;0.009983;0.015033;0.023199
80200;80,2;0.011984;0.008881;257;0.002680;0.005553;0.010061;0.015330;0.023143
80300;80,3;0.011989;0.008901;257;0.002911;0.005798;0.010336;0.015147;0.024298
80400;80,4;0.011978;0.008904;257;0.002998;0.005770;0.010391;0.015013;0.023804
80500;80,5;0.011940;0.008882;257;0.002925;0.005640;0.010278;0.014941;0.023969
80600;80,6;0.011908;0.008857;257;0.002629;0.005435;0.010216;0.014846;0.024639
80700;80,7;0.011877;0.008833;257;0.002625;0.005413;0.010258;0.015020;0.024709
80800;80,8;0.011853;0.008823;257;0.002857;0.005405;0.010280;0.015134;0.024584
80900;80,9;0.011813;0.008778;257;0.002769;0.005329;0.010031;0.015138;0.023692
81000;81;0.011778;0.008720;257;0.002855;0.005255;0.009813;0.015075;0.024083
81100;81,1;0.011729;0.008661;257;0.002941;0.005272;0.009937;0.015221;0.023578
81200;81,2;0.011685;0.008606;257;0.002692;0.005007;0.009830;0.015575;0.023171
81300;81,3;0.011644;0.008576;257;0.002684;0.004846;0.009713;0.015603;0.022620
81400;81,4;0.011609;0.008571;257;0.002698;0.005056;0.009595;0.016011;0.021532
81500;81,5;0.011561;0.008579;257;0.002739;0.005019;0.009605;0.015958;0.021853
81600;81,6;0.011511;0.008601;257;0.002596;0.004975;0.009675;0.016093;0.022099
81700;81,7;0.011443;0.008609;257;0.002596;0.004863;0.009676;0.015950;0.022472
81800;81,8;0.011367;0.008556;257;0.002566;0.004948;0.009610;0.015585;0.022741
81900;81,9;0.011313;0.008515;257;0.002579;0.005039;0.009557;0.015389;0.022401
82000;82;0.011282;0.008501;257;0.002356;0.004911;0.009588;0.015087;0.022062
82100;82,1;0.011289;0.008510;257;0.002434;0.004908;0.009371;0.015084;0.021332
82200;82,2;0.011309;0.008530;257;0.002539;0.004900;0.009426;0.014960;0.021640
82300;82,3;0.011360;0.008581;256;0.002668;0.004747;0.009409;0.015190;0.021949
82400;82,4;0.011399;0.008633;255;0.002612;0.005043;0.009565;0.015117;0.022173
82500;82,5;0.011388;0.008654;255;0.002660;0.005071;0.009484;0.015063;0.022004
82600;82,6;0.011352;0.008654;256;0.002686;0.004988;0.009281;0.014904;0.021831
82700;82,7;0.011368;0.008637;256;0.002836;0.004939;0.009270;0.015045;0.022182
82800;82,8;0.011406;0.008604;255;0.002892;0.005083;0.009240;0.014966;0.022278
82900;82,9;0.011416;0.008610;255;0.002894;0.005024;0.009268;0.015031;0.022613
83000;83;0.011421;0.008617;255;0.002808;0.005033;0.009219;0.015075;0.023056
83100;83,1;0.011416;0.008623;255;0.002758;0.005038;0.009503;0.015143;0.023586
83200;83,2;0.011408;0.008613;255;0.002689;0.005145;0.009458;0.015149;0.023774
83300;83,3;0.011403;0.008612;255;0.002629;0.005189;0.009407;0.015116;0.023785
83400;83,4;0.011433;0.008609;254;0.002593;0.005137;0.009162;0.015033;0.023727
83500;83,5;0.011401;0.008615;254;0.002527;0.005099;0.009063;0.015058;0.023729
83600;83,6;0.011397;0.008616;253;0.002575;0.005048;0.008912;0.014944;0.023520
83700;83,7;0.011398;0.008613;252;0.002348;0.005070;0.008950;0.014812;0.023186
83800;83,8;0.011373;0.008612;252;0.002436;0.005111;0.008921;0.015052;0.023006
83900;83,9;0.011366;0.008624;252;0.002705;0.005029;0.008916;0.015250;0.023601
84000;84;0.011348;0.008648;252;0.002614;0.005006;0.008978;0.014809;0.023073
84100;84,1;0.011328;0.008701;252;0.002384;0.004891;0.009336;0.014972;0.022481
84200;84,2;0.011319;0.008745;252;0.002384;0.004726;0.009131;0.015042;0.022286
84300;84,3;0.011316;0.008785;252;0.002558;0.004819;0.009032;0.015010;0.022958
84400;84,4;0.011313;0.008810;252;0.002635;0.004755;0.009191;0.014971;0.023284
84500;84,5;0.011305;0.008825;252;0.002659;0.004700;0.009175;0.014896;0.022690
84600;84,6;0.011319;0.008876;251;0.002557;0.004698;0.009141;0.015008;0.022655
84700;84,7;0.011314;0.008949;251;0.002594;0.004898;0.009054;0.015032;0.023021
84800;84,8;0.011311;0.009035;250;0.002438;0.004966;0.008956;0.015037;0.023025
84900;84,9;0.011286;0.009077;250;0.002510;0.004889;0.008559;0.014830;0.023493
85000;85;0.011210;0.009136;251;0.002500;0.004892;0.008476;0.014998;0.023309
85100;85,1;0.011228;0.009192;249;0.002362;0.004863;0.008487;0.015363;0.023434
85200;85,2;0.011203;0.009215;249;0.002359;0.004973;0.008428;0.014953;0.023295
85300;85,3;0.011171;0.009176;249;0.002482;0.004780;0.008535;0.014449;0.023452
85400;85,4;0.011146;0.009106;249;0.002574;0.004725;0.008411;0.014490;0.022995
85500;85,5;0.011112;0.009053;249;0.002507;0.004577;0.008487;0.014521;0.022943
85600;85,6;0.011082;0.008995;249;0.002377;0.004589;0.008776;0.014504;0.023579
85700;85,7;0.011046;0.008945;249;0.002425;0.004503;0.008920;0.014453;0.023230
85800;85,8;0.011040;0.008965;249;0.002367;0.004544;0.008840;0.014100;0.023050
85900;85,9;0.011034;0.009000;249;0.002181;0.004569;0.008597;0.014163;0.022918
86000;86;0.011040;0.009091;249;0.002101;0.004495;0.008545;0.014394;0.023377
86100;86,1;0.011075;0.009227;247;0.002094;0.004218;0.008609;0.014427;0.022738
86200;86,2;0.011108;0.009336;247;0.002014;0.004174;0.008874;0.015241;0.023064
86300;86,3;0.011143;0.009456;247;0.002100;0.004243;0.008677;0.015585;0.023207
86400;86,4;0.011159;0.009522;247;0.002158;0.004147;0.008670;0.015537;0.023021
86500;86,5;0.011191;0.009555;246;0.002285;0.004119;0.008685;0.015466;0.021954
86600;86,6;0.011177;0.009570;246;0.002250;0.004084;0.008867;0.015221;0.021166
86700;86,7;0.011150;0.009564;246;0.002261;0.004373;0.008751;0.015173;0.021762
86800;86,8;0.011103;0.009558;247;0.002324;0.004369;0.008837;0.014872;0.021472
86900;86,9;0.011089;0.009585;247;0.002243;0.004407;0.008679;0.014834;0.022342
87000;87;0.011074;0.009616;247;0.002138;0.004419;0.008465;0.015118;0.023211
87100;87,1;0.011052;0.009645;247;0.002115;0.004494;0.008143;0.015122;0.022736
87200;87,2;0.011021;0.009656;247;0.002252;0.004332;0.008128;0.015269;0.021693
87300;87,3;0.011007;0.009631;247;0.002446;0.004177;0.007781;0.015266;0.022181
87400;87,4;0.010987;0.009607;247;0.002565;0.004218;0.007855;0.014827;0.021434
87500;87,5;0.010967;0.009557;247;0.002491;0.004158;0.008004;0.014709;0.021663
87600;87,6;0.010944;0.009531;247;0.002398;0.004126;0.008107;0.014171;0.022026
87700;87,7;0.010947;0.009508;246;0.002306;0.004216;0.008230;0.013988;0.022557
87800;87,8;0.010921;0.009497;246;0.002213;0.004269;0.007941;0.014001;0.022640
87900;87,9;0.010892;0.009477;246;0.002160;0.004360;0.007576;0.014340;0.022443
88000;88;0.010901;0.009434;245;0.002027;0.004464;0.007932;0.014258;0.022653
88100;88,1;0.010884;0.009386;245;0.002026;0.004390;0.007966;0.014194;0.023378
88200;88,2;0.010889;0.009359;245;0.001963;0.004351;0.008138;0.014157;0.023816
88300;88,3;0.010917;0.009331;244;0.001979;0.004379;0.008254;0.013939;0.023664
88400;88,4;0.010911;0.009256;244;0.002122;0.004376;0.008376;0.013832;0.023513
88500;88,5;0.010907;0.009168;244;0.002248;0.004221;0.008238;0.014059;0.023010
88600;88,6;0.010896;0.009111;244;0.002344;0.004308;0.008219;0.014242;0.022821
88700;88,7;0.010858;0.009075;244;0.002400;0.004147;0.008640;0.014448;0.022120
88800;88,8;0.010846;0.009039;243;0.002448;0.004060;0.008476;0.014377;0.022301
88900;88,9;0.010837;0.008977;242;0.002259;0.004183;0.008423;0.014397;0.022655
89000;89;0.010845;0.008949;241;0.002292;0.004196;0.008436;0.014555;0.022954
89100;89,1;0.010820;0.008947;240;0.002154;0.004117;0.008004;0.014644;0.021879
89200;89,2;0.010831;0.008885;241;0.002283;0.004217;0.008338;0.015203;0.022150
89300;89,3;0.010773;0.008838;240;0.002413;0.004304;0.008103;0.014968;0.022387
89400;89,4;0.010739;0.008791;240;0.002450;0.004153;0.008220;0.015016;0.022057
89500;89,5;0.010738;0.008781;240;0.002384;0.004212;0.008045;0.014833;0.021492
89600;89,6;0.010744;0.008796;240;0.002474;0.004259;0.008082;0.014650;0.021071
89700;89,7;0.010761;0.008823;240;0.002534;0.004257;0.008168;0.014338;0.020992
89800;89,8;0.010822;0.008894;239;0.002442;0.004263;0.008073;0.014335;0.022150
89900;89,9;0.010826;0.008969;239;0.002415;0.004287;0.007814;0.014100;0.022882
90000;90;0.010836;0.009042;239;0.002350;0.004012;0.007984;0.014616;0.022493
90100;90,1;0.010840;0.009115;239;0.002289;0.003872;0.007864;0.014522;0.022765
90200;90,2;0.010838;0.009150;239;0.002228;0.004057;0.007866;0.014725;0.022036
90300;90,3;0.010840;0.009186;239;0.002177;0.004232;0.008043;0.014780;0.022685
90400;90,4;0.010833;0.009251;239;0.002221;0.004202;0.008300;0.014834;0.022548
90500;90,5;0.010825;0.009343;238;0.002230;0.004073;0.008323;0.014889;0.022200
90600;90,6;0.010808;0.009386;238;0.002108;0.004146;0.008222;0.014931;0.022581
90700;90,7;0.010802;0.009420;238;0.002129;0.004106;0.008145;0.014667;0.022836
90800;90,8;0.010787;0.009439;238;0.002290;0.003978;0.008075;0.014715;0.023090
90900;90,9;0.010748;0.009402;238;0.002407;0.003907;0.007945;0.014787;0.023345
91000;91;0.010706;0.009374;238;0.002326;0.003954;0.007744;0.014724;0.024039
91100;91,1;0.010679;0.009362;237;0.002333;0.003990;0.007706;0.014624;0.024036
91200;91,2;0.010605;0.009341;237;0.002296;0.003993;0.007532;0.014563;0.023474
91300;91,3;0.010551;0.009337;237;0.002246;0.003936;0.007630;0.014538;0.022912
91400;91,4;0.010490;0.009338;237;0.002034;0.003735;0.007511;0.014201;0.022606
91500;91,5;0.010459;0.009320;236;0.001954;0.003668;0.007577;0.013946;0.022301
91600;91,6;0.010396;0.009246;236;0.002052;0.003515;0.007490;0.013556;0.022340
91700;91,7;0.010335;0.009178;236;0.001892;0.003764;0.007529;0.013541;0.022050
91800;91,8;0.010328;0.009144;235;0.001967;0.003884;0.007649;0.013202;0.022230
91900;91,9;0.010294;0.009102;235;0.001923;0.003905;0.007769;0.013136;0.022155
92000;92;0.010251;0.009025;235;0.001835;0.003907;0.007792;0.013017;0.021886
92100;92,1;0.010202;0.008954;235;0.001838;0.003728;0.007461;0.012860;0.021661
92200;92,2;0.010178;0.008933;234;0.001878;0.003570;0.007377;0.012786;0.021862
92300;92,3;0.010119;0.008910;234;0.001899;0.003546;0.007263;0.012919;0.021585
92400;92,4;0.010056;0.008827;234;0.002103;0.003625;0.006999;0.013064;0.021482
92500;92,5;0.009989;0.008728;234;0.001894;0.003752;0.007151;0.013040;0.021223
92600;92,6;0.009954;0.008635;233;0.001880;0.003880;0.007131;0.012849;0.021399
92700;92,7;0.009893;0.008553;233;0.001895;0.003862;0.007040;0.013097;0.021644
92800;92,8;0.009841;0.008496;233;0.001829;0.003783;0.007115;0.012721;0.021219
92900;92,9;0.009800;0.008434;233;0.001899;0.003794;0.007108;0.012531;0.020724
93000;93;0.009784;0.008376;233;0.001969;0.003804;0.007353;0.012618;0.020378
93100;93,1;0.009770;0.008319;233;0.001905;0.003801;0.007577;0.012568;0.020790
93200;93,2;0.009756;0.008260;233;0.001812;0.003825;0.007617;0.012515;0.020916
93300;93,3;0.009792;0.008207;232;0.001920;0.003811;0.007474;0.012464;0.021412
93400;93,4;0.009791;0.008156;232;0.001850;0.003739;0.007761;0.012395;0.022000
93500;93,5;0.009789;0.008105;232;0.001885;0.003723;0.007756;0.012551;0.022249
93600;93,6;0.009795;0.008059;232;0.001833;0.003733;0.008029;0.012733;0.022089
93700;93,7;0.009806;0.008025;232;0.001767;0.003872;0.007679;0.012794;0.022382
93800;93,8;0.009796;0.007978;232;0.001784;0.003851;0.007463;0.012555;0.022584
93900;93,9;0.009777;0.007955;232;0.001767;0.003754;0.007548;0.012189;0.022315
94000;94;0.009771;0.007959;232;0.001668;0.003786;0.007607;0.012168;0.021988
94100;94,1;0.009751;0.007939;232;0.001445;0.003876;0.007605;0.012466;0.022007
94200;94,2;0.009712;0.007896;232;0.001540;0.003925;0.007544;0.012797;0.022027
94300;94,3;0.009667;0.007858;232;0.001424;0.003871;0.007518;0.012673;0.022046
94400;94,4;0.009624;0.007818;232;0.001419;0.004005;0.007513;0.012601;0.021646
94500;94,5;0.009582;0.007787;232;0.001369;0.004026;0.007393;0.012500;0.020876
94600;94,6;0.009537;0.007748;232;0.001373;0.003899;0.007258;0.012612;0.020478
94700;94,7;0.009503;0.007716;232;0.001679;0.003887;0.007460;0.012622;0.020137
94800;94,8;0.009467;0.007683;232;0.001565;0.003873;0.007459;0.012730;0.019634
94900;94,9;0.009418;0.007639;232;0.001565;0.003693;0.007328;0.012584;0.019547
95000;95;0.009368;0.007598;232;0.001554;0.003779;0.007065;0.012533;0.019897
95100;95,1;0.009313;0.007559;232;0.001519;0.003768;0.007017;0.012406;0.020102
95200;95,2;0.009244;0.007522;232;0.001544;0.003530;0.006916;0.012278;0.019925
95300;95,3;0.009210;0.007511;232;0.001482;0.003663;0.006894;0.012333;0.020051
95400;95,4;0.009223;0.007508;231;0.001663;0.003682;0.006955;0.012317;0.020105
95500;95,5;0.009246;0.007519;230;0.001563;0.003674;0.006959;0.012363;0.019974
95600;95,6;0.009225;0.007539;231;0.001647;0.003676;0.006941;0.012490;0.020263
95700;95,7;0.009255;0.007557;230;0.001664;0.003662;0.006858;0.012759;0.020503
95800;95,8;0.009254;0.007558;229;0.001540;0.003583;0.007087;0.012594;0.020541
95900;95,9;0.009221;0.007541;230;0.001773;0.003573;0.007131;0.012448;0.019911
96000;96;0.009187;0.007539;230;0.001761;0.003479;0.007170;0.012662;0.019615
96100;96,1;0.009188;0.007546;229;0.001717;0.003474;0.007395;0.012558;0.019319
96200;96,2;0.009193;0.007539;228;0.001583;0.003544;0.007268;0.012238;0.019023
96300;96,3;0.009166;0.007493;228;0.001745;0.003539;0.007314;0.012373;0.018726
96400;96,4;0.009123;0.007416;228;0.001703;0.003432;0.006999;0.012219;0.018486
96500;96,5;0.009080;0.007339;228;0.001687;0.003308;0.006997;0.012143;0.017894
96600;96,6;0.009051;0.007278;228;0.001528;0.003462;0.007042;0.012130;0.017415
96700;96,7;0.009032;0.007234;228;0.001535;0.003658;0.007105;0.012123;0.017345
96800;96,8;0.009028;0.007218;228;0.001499;0.003736;0.007049;0.012116;0.017768
96900;96,9;0.009022;0.007214;228;0.001417;0.003875;0.007363;0.012109;0.018229
97000;97;0.009005;0.007214;228;0.001463;0.003829;0.007406;0.012156;0.018451
97100;97,1;0.008972;0.007168;228;0.001500;0.003769;0.007354;0.012178;0.018456
97200;97,2;0.008953;0.007127;228;0.001404;0.003910;0.006988;0.012137;0.018461
97300;97,3;0.008961;0.007065;227;0.001437;0.003893;0.006987;0.012223;0.018329
97400;97,4;0.008933;0.006993;227;0.001461;0.003845;0.006990;0.012291;0.018080
97500;97,5;0.008895;0.006892;227;0.001528;0.003701;0.007097;0.012239;0.017902
97600;97,6;0.008856;0.006812;227;0.001675;0.003906;0.007066;0.012245;0.017931
97700;97,7;0.008824;0.006751;227;0.001671;0.003906;0.007254;0.012056;0.017659
97800;97,8;0.008810;0.006708;227;0.001644;0.003869;0.007176;0.012080;0.017261
97900;97,9;0.008799;0.006679;227;0.001725;0.003991;0.007280;0.012312;0.017598
98000;98;0.008786;0.006650;227;0.001779;0.003994;0.007019;0.012206;0.017553
98100;98,1;0.008774;0.006636;227;0.001756;0.003954;0.007117;0.012156;0.017571
98200;98,2;0.008767;0.006655;227;0.001787;0.003915;0.007110;0.011796;0.017411
98300;98,3;0.008771;0.006714;227;0.001777;0.003988;0.007115;0.012085;0.017115
98400;98,4;0.008779;0.006772;227;0.001766;0.004011;0.007169;0.012330;0.017369
98500;98,5;0.008768;0.006810;227;0.001756;0.003939;0.007096;0.012215;0.017646
98600;98,6;0.008757;0.006846;227;0.001745;0.003818;0.007068;0.011993;0.017877
98700;98,7;0.008740;0.006896;227;0.001734;0.003815;0.007071;0.011609;0.018130
98800;98,8;0.008766;0.006962;226;0.001718;0.003851;0.006957;0.011227;0.018289
98900;98,9;0.008738;0.007029;226;0.001580;0.003835;0.006777;0.011455;0.018320
99000;99;0.008765;0.007041;225;0.001638;0.003858;0.006738;0.011724;0.018049
99100;99,1;0.008769;0.007037;225;0.001544;0.003767;0.006629;0.012231;0.017697
99200;99,2;0.008804;0.007065;223;0.001481;0.003791;0.006581;0.012657;0.017383
99300;99,3;0.008733;0.007064;224;0.001477;0.003611;0.006587;0.012532;0.017309
99400;99,4;0.008668;0.007024;224;0.001419;0.003616;0.006524;0.012395;0.017250
99500;99,5;0.008641;0.007000;223;0.001453;0.003522;0.006741;0.012247;0.017136
99600;99,6;0.008593;0.006944;223;0.001496;0.003346;0.006765;0.012102;0.017053
99700;99,7;0.008553;0.006887;223;0.001517;0.003418;0.006866;0.012156;0.016851
99800;99,8;0.008557;0.006831;222;0.001638;0.003365;0.006826;0.011983;0.016843
99900;99,9;0.008478;0.006761;223;0.001526;0.003323;0.006971;0.011810;0.017006
100000;100;0.008455;0.006692;222;0.001600;0.003288;0.006722;0.011637;0.016846
