dist;dist_km;artif_av;artificial_av_disque;artif_stdev;count;10%quant;25%quant;50%quant;75%quant;90%quant
0;0;0.996689;0.996689;0.057448;302;1.000000;1.000000;1.000000;1.000000;1.000000
100;0.1;0.984361;0.983177;0.067052;302;0.959650;0.985068;1.000000;1.003572;1.007336
200;0.2;0.969838;0.982708;0.075503;302;0.918583;0.961976;0.997327;1.000001;1.005860
300;0.3;0.956998;0.979007;0.085303;302;0.877874;0.942361;0.989869;1.000000;1.005859
400;0.4;0.946818;0.974002;0.092896;302;0.847628;0.926720;0.982417;1.000000;1.005859
500;0.5;0.938330;0.966105;0.097401;302;0.822540;0.915483;0.973761;1.000000;1.005859
600;0.6;0.930771;0.959296;0.098996;302;0.799688;0.894511;0.967513;1.000000;1.003737
700;0.7;0.923848;0.954534;0.099817;302;0.788902;0.886853;0.960060;0.998539;1.000662
800;0.8;0.917006;0.946537;0.100483;302;0.769031;0.881079;0.953699;0.994589;1.000000
900;0.9;0.910360;0.943461;0.102377;302;0.766353;0.870716;0.941121;0.990079;1.000000
1000;1;0.904319;0.938595;0.104892;302;0.749753;0.864297;0.934640;0.987429;1.000000
1100;1.1;0.898981;0.934581;0.107586;302;0.734143;0.854706;0.926652;0.982201;1.000000
1200;1.2;0.894656;0.928922;0.108890;302;0.723234;0.853718;0.926351;0.978186;0.999999
1300;1.3;0.890710;0.922456;0.109479;302;0.729313;0.850146;0.919532;0.973899;0.998159
1400;1.4;0.887448;0.919155;0.109653;302;0.740905;0.846592;0.917855;0.973225;0.996792
1500;1.5;0.884266;0.917124;0.110495;302;0.733399;0.838475;0.912794;0.971777;0.995526
1600;1.6;0.880830;0.915175;0.111739;302;0.736803;0.829367;0.910986;0.965520;0.993329
1700;1.7;0.877312;0.912649;0.113818;302;0.730356;0.823622;0.905294;0.962923;0.991790
1800;1.8;0.873084;0.909914;0.115756;302;0.717736;0.824700;0.900594;0.959193;0.992477
1900;1.9;0.869114;0.905694;0.117321;302;0.716026;0.821034;0.904016;0.958998;0.990688
2000;2;0.865088;0.903984;0.118543;302;0.718253;0.817761;0.896361;0.953322;0.988243
2100;2.1;0.860679;0.901411;0.119861;302;0.708261;0.805116;0.885512;0.951074;0.984936
2200;2.2;0.856466;0.898401;0.120879;302;0.713285;0.800099;0.880349;0.946877;0.982817
2300;2.3;0.852621;0.894850;0.121546;302;0.706466;0.787035;0.879476;0.946576;0.980403
2400;2.4;0.849027;0.890414;0.122233;302;0.695149;0.781277;0.873712;0.944984;0.977974
2500;2.5;0.846301;0.889147;0.122888;302;0.686916;0.779636;0.870973;0.945043;0.975543
2600;2.6;0.843672;0.887768;0.123959;302;0.685598;0.776797;0.867938;0.938831;0.973342
2700;2.7;0.840848;0.884159;0.125215;302;0.683036;0.773287;0.869597;0.941162;0.972251
2800;2.8;0.838252;0.881430;0.126734;302;0.681887;0.768705;0.873589;0.936713;0.971556
2900;2.9;0.835634;0.878268;0.128512;302;0.667869;0.761076;0.870111;0.933861;0.971582
3000;3;0.833020;0.875541;0.129837;302;0.664854;0.759071;0.870233;0.931360;0.972472
3100;3.1;0.830175;0.874541;0.130750;302;0.657154;0.756024;0.864052;0.929001;0.969849
3200;3.2;0.827402;0.872300;0.131584;302;0.651314;0.757230;0.859292;0.926706;0.967669
3300;3.3;0.824855;0.870029;0.132110;302;0.657688;0.748960;0.858521;0.925577;0.968456
3400;3.4;0.822836;0.868034;0.132275;302;0.653181;0.755185;0.856233;0.919159;0.970286
3500;3.5;0.820584;0.866892;0.132605;302;0.646810;0.734891;0.853489;0.922678;0.970071
3600;3.6;0.817918;0.863873;0.132901;302;0.642281;0.734070;0.843824;0.919850;0.966419
3700;3.7;0.815470;0.860435;0.132945;302;0.633458;0.737409;0.841555;0.916219;0.960977
3800;3.8;0.813242;0.858299;0.133114;302;0.635348;0.739719;0.837291;0.915721;0.961321
3900;3.9;0.810844;0.856330;0.133588;302;0.628334;0.742231;0.831956;0.914633;0.961515
4000;4;0.808482;0.855368;0.134306;302;0.610941;0.736450;0.833752;0.913952;0.958841
4100;4.1;0.806091;0.853437;0.135150;302;0.610762;0.738145;0.835434;0.912633;0.958504
4200;4.2;0.803881;0.851424;0.136047;302;0.607763;0.739236;0.833240;0.909301;0.955072
4300;4.3;0.801519;0.850124;0.137185;302;0.600822;0.736422;0.829222;0.910124;0.950858
4400;4.4;0.799316;0.848170;0.138506;302;0.597244;0.730849;0.826916;0.905710;0.953421
4500;4.5;0.797339;0.846281;0.139865;302;0.593569;0.729020;0.821355;0.904320;0.954231
4600;4.6;0.795424;0.844149;0.141360;302;0.591865;0.726612;0.819051;0.901886;0.952383
4700;4.7;0.793791;0.841687;0.142335;302;0.589857;0.727249;0.825107;0.897656;0.952763
4800;4.8;0.792520;0.840230;0.143342;302;0.593022;0.726853;0.823282;0.895377;0.950734
4900;4.9;0.791398;0.838254;0.144493;302;0.594144;0.716923;0.825033;0.898590;0.950007
5000;5;0.790102;0.836318;0.145718;302;0.589193;0.718112;0.823341;0.896645;0.948914
5100;5.1;0.788892;0.835392;0.146566;302;0.590181;0.718856;0.819888;0.899115;0.947740
5200;5.2;0.787814;0.833329;0.147168;302;0.593545;0.713370;0.817555;0.898274;0.944418
5300;5.3;0.786753;0.831482;0.147561;302;0.596419;0.713991;0.814231;0.898796;0.942008
5400;5.4;0.785511;0.830641;0.147660;302;0.595245;0.712883;0.815758;0.898438;0.940197
5500;5.5;0.784203;0.829271;0.147850;302;0.595029;0.710892;0.815028;0.897752;0.940189
5600;5.6;0.782741;0.828087;0.148225;302;0.592447;0.711957;0.814439;0.897424;0.938305
5700;5.7;0.781463;0.826946;0.148367;302;0.587775;0.704106;0.816469;0.893910;0.936325
5800;5.8;0.780330;0.826240;0.148455;302;0.582126;0.704293;0.818470;0.893886;0.932809
5900;5.9;0.779050;0.824584;0.148547;302;0.579607;0.693148;0.815846;0.892839;0.930969
6000;6;0.777747;0.822586;0.148422;302;0.577468;0.692777;0.809096;0.889178;0.928376
6100;6.1;0.776392;0.821382;0.148474;302;0.569520;0.695249;0.812550;0.887726;0.927859
6200;6.2;0.775037;0.819895;0.148906;302;0.562991;0.694096;0.811551;0.886419;0.927224
6300;6.3;0.773961;0.818654;0.149323;302;0.561013;0.695664;0.810820;0.888095;0.927210
6400;6.4;0.772850;0.817570;0.149598;302;0.560411;0.692313;0.810585;0.888306;0.928157
6500;6.5;0.771797;0.815870;0.149796;302;0.559812;0.693980;0.807028;0.888300;0.928502
6600;6.6;0.770973;0.815115;0.150156;302;0.555188;0.696649;0.807526;0.888064;0.927825
6700;6.7;0.770290;0.814034;0.150586;302;0.555518;0.693449;0.807734;0.887696;0.929880
6800;6.8;0.769431;0.812883;0.151098;302;0.556584;0.687676;0.804363;0.886642;0.927635
6900;6.9;0.768272;0.812176;0.151674;302;0.552931;0.686899;0.802999;0.885823;0.928265
7000;7;0.766756;0.810812;0.152086;302;0.550582;0.681953;0.801025;0.885578;0.921965
7100;7.1;0.765179;0.809487;0.152141;302;0.549532;0.679174;0.799059;0.885867;0.919408
7200;7.2;0.763775;0.808200;0.152032;302;0.549669;0.674598;0.799615;0.882309;0.918367
7300;7.3;0.762520;0.806596;0.151758;302;0.548911;0.674568;0.795978;0.878933;0.919613
7400;7.4;0.761152;0.806158;0.151254;302;0.548530;0.671303;0.791832;0.877668;0.917789
7500;7.5;0.759826;0.804883;0.150878;302;0.552275;0.670898;0.791672;0.876670;0.918031
7600;7.6;0.758608;0.803600;0.150676;302;0.548961;0.673136;0.794307;0.873786;0.918997
7700;7.7;0.757372;0.802197;0.150686;302;0.548809;0.668146;0.795186;0.872858;0.918063
7800;7.8;0.756147;0.801759;0.150556;302;0.548902;0.672727;0.793373;0.872639;0.915010
7900;7.9;0.754902;0.800423;0.150550;302;0.548995;0.670291;0.793227;0.867389;0.913697
8000;8;0.753575;0.799520;0.150557;302;0.551248;0.665028;0.786612;0.867074;0.916262
8100;8.1;0.752011;0.798571;0.150788;302;0.548574;0.659849;0.783233;0.870500;0.915312
8200;8.2;0.750271;0.797839;0.150966;302;0.547587;0.657410;0.782077;0.866224;0.910366
8300;8.3;0.748581;0.796817;0.151170;302;0.549536;0.655262;0.780627;0.866129;0.911569
8400;8.4;0.746617;0.795714;0.151452;302;0.544350;0.651478;0.777762;0.861625;0.914520
8500;8.5;0.744645;0.794430;0.151796;302;0.543135;0.649051;0.770542;0.857092;0.910309
8600;8.6;0.742795;0.793014;0.152246;302;0.546050;0.648821;0.773406;0.853099;0.909288
8700;8.7;0.740938;0.792237;0.152723;302;0.541283;0.646674;0.772903;0.850440;0.910948
8800;8.8;0.739114;0.791486;0.153368;302;0.542677;0.642662;0.772384;0.849590;0.912790
8900;8.9;0.737321;0.789924;0.154010;302;0.541370;0.639861;0.773175;0.848764;0.911587
9000;9;0.735449;0.788789;0.154570;302;0.541848;0.634153;0.774237;0.850121;0.910748
9100;9.1;0.733498;0.787900;0.154947;302;0.538008;0.634774;0.766972;0.854782;0.910014
9200;9.2;0.731412;0.786584;0.155106;302;0.534169;0.636456;0.766597;0.855368;0.906341
9300;9.3;0.729192;0.785658;0.155369;302;0.530330;0.634312;0.757899;0.853890;0.905607
9400;9.4;0.727189;0.784551;0.155526;302;0.526762;0.634221;0.756390;0.853959;0.903093
9500;9.5;0.725385;0.783578;0.155697;302;0.523210;0.631717;0.754165;0.851961;0.901563
9600;9.6;0.723740;0.782414;0.155664;302;0.518582;0.628884;0.752897;0.849023;0.903404
9700;9.7;0.722141;0.781660;0.155564;302;0.512958;0.629534;0.750966;0.846944;0.899897
9800;9.8;0.720530;0.780117;0.155458;302;0.512925;0.625644;0.743870;0.842219;0.895414
9900;9.9;0.718826;0.778486;0.155366;302;0.506838;0.622521;0.737042;0.839387;0.893903
10000;10;0.716931;0.777283;0.155471;302;0.505243;0.620551;0.735899;0.839878;0.892065
10100;10.1;0.714974;0.776557;0.155644;302;0.502986;0.616499;0.736494;0.838926;0.891762
10200;10.2;0.712862;0.775323;0.155461;302;0.499263;0.615164;0.737335;0.838128;0.889772
10300;10.3;0.710583;0.774402;0.155174;302;0.500588;0.611763;0.736736;0.835592;0.883224
10400;10.4;0.708300;0.773335;0.154927;302;0.497700;0.609517;0.733252;0.835545;0.880866
10500;10.5;0.705897;0.771912;0.154632;302;0.493539;0.608241;0.733741;0.834048;0.880657
10600;10.6;0.703509;0.771088;0.154481;302;0.489427;0.606856;0.729882;0.832552;0.881121
10700;10.7;0.701119;0.769749;0.154319;302;0.485291;0.607682;0.726324;0.831055;0.876454
10800;10.8;0.698793;0.768424;0.154195;302;0.481740;0.604094;0.724244;0.829558;0.872683
10900;10.9;0.696591;0.767118;0.153961;302;0.478464;0.600744;0.723186;0.826909;0.867695
11000;11;0.694365;0.765707;0.153999;302;0.474065;0.597823;0.719473;0.824866;0.864624
11100;11.1;0.692305;0.764378;0.154210;302;0.477282;0.593327;0.717148;0.818930;0.863464
11200;11.2;0.690191;0.763423;0.154410;302;0.482030;0.589738;0.712158;0.812991;0.863479
11300;11.3;0.688124;0.762113;0.154711;302;0.477580;0.593562;0.706028;0.811380;0.863492
11400;11.4;0.686133;0.760984;0.155092;302;0.471484;0.586826;0.702306;0.811974;0.863840
11500;11.5;0.684136;0.759918;0.155489;302;0.465388;0.582602;0.698942;0.812208;0.864287
11600;11.6;0.682154;0.758490;0.155778;302;0.462898;0.580852;0.695863;0.807520;0.866535
11700;11.7;0.680151;0.757265;0.155783;302;0.461296;0.579847;0.694532;0.806137;0.868102
11800;11.8;0.678250;0.756222;0.155785;302;0.461128;0.578470;0.691374;0.803091;0.862298
11900;11.9;0.676289;0.755053;0.155656;302;0.455129;0.577092;0.690946;0.801601;0.858893
12000;12;0.674187;0.754082;0.155609;302;0.451949;0.575714;0.689994;0.799045;0.861620
12100;12.1;0.671836;0.752486;0.155607;302;0.454214;0.573781;0.688731;0.793539;0.857597
12200;12.2;0.669544;0.751060;0.155860;302;0.456478;0.573582;0.686347;0.788492;0.856388
12300;12.3;0.666971;0.749767;0.156234;302;0.457089;0.567145;0.689086;0.788632;0.859940
12400;12.4;0.664524;0.748885;0.156807;302;0.454259;0.564020;0.685148;0.785521;0.862803
12500;12.5;0.661960;0.747426;0.157201;302;0.451429;0.557471;0.682907;0.784358;0.857318
12600;12.6;0.659405;0.746429;0.157567;302;0.448600;0.550004;0.679713;0.781487;0.852809
12700;12.7;0.656757;0.744702;0.157863;302;0.442137;0.545484;0.679094;0.778616;0.852652
12800;12.8;0.654258;0.742966;0.158026;302;0.440627;0.543102;0.676089;0.779559;0.853607
12900;12.9;0.651946;0.741786;0.157911;302;0.433534;0.540072;0.673589;0.777113;0.847799
13000;13;0.649581;0.740271;0.157924;302;0.429655;0.534029;0.669366;0.775425;0.845346
13100;13.1;0.647281;0.739175;0.158055;302;0.429379;0.527986;0.667437;0.776593;0.844829
13200;13.2;0.645202;0.738034;0.158002;302;0.431289;0.527587;0.665049;0.770291;0.842384
13300;13.3;0.643212;0.736940;0.158119;302;0.432372;0.524933;0.662020;0.770117;0.837495
13400;13.4;0.641238;0.735090;0.158272;302;0.433455;0.518438;0.658965;0.768482;0.837276
13500;13.5;0.639187;0.733588;0.158336;302;0.431361;0.518293;0.655002;0.768297;0.834524
13600;13.6;0.637107;0.732328;0.158271;302;0.429548;0.517542;0.647393;0.769937;0.831984
13700;13.7;0.634831;0.731035;0.157923;302;0.429318;0.516989;0.648055;0.769850;0.828881
13800;13.8;0.632446;0.729792;0.157579;302;0.428297;0.517772;0.645664;0.767042;0.826083
13900;13.9;0.630237;0.728491;0.157247;302;0.427276;0.518068;0.640454;0.763894;0.823922
14000;14;0.628069;0.727532;0.157022;302;0.427982;0.517604;0.640547;0.761372;0.820487
14100;14.1;0.626168;0.726397;0.156682;302;0.429887;0.512518;0.635246;0.761198;0.816993
14200;14.2;0.624181;0.724964;0.156329;302;0.425414;0.512808;0.634280;0.762909;0.813641
14300;14.3;0.622095;0.723742;0.156048;302;0.423192;0.513715;0.634448;0.759974;0.810633
14400;14.4;0.619831;0.722108;0.155737;302;0.421989;0.506768;0.628514;0.754476;0.811437
14500;14.5;0.617572;0.720375;0.155566;302;0.416354;0.505804;0.625608;0.749489;0.808588
14600;14.6;0.615149;0.718842;0.155458;302;0.412325;0.506082;0.616995;0.745533;0.805074
14700;14.7;0.612675;0.717371;0.155605;302;0.408296;0.495870;0.612422;0.743867;0.803483
14800;14.8;0.610095;0.716173;0.155689;302;0.404267;0.493095;0.612337;0.741958;0.801430
14900;14.9;0.607526;0.714841;0.155704;302;0.400239;0.495697;0.613795;0.736839;0.800882
15000;15;0.605032;0.713842;0.155825;302;0.396210;0.492887;0.614499;0.732207;0.798176
15100;15.1;0.602364;0.712591;0.155981;302;0.394374;0.492490;0.611129;0.732004;0.796071
15200;15.2;0.599464;0.711648;0.156098;302;0.393117;0.486975;0.610302;0.729575;0.795539
15300;15.3;0.596455;0.709816;0.156085;302;0.392634;0.481460;0.609081;0.727322;0.795007
15400;15.4;0.593654;0.708410;0.155890;302;0.388781;0.479055;0.604427;0.725144;0.794092
15500;15.5;0.590724;0.706551;0.155585;302;0.384779;0.477745;0.598210;0.722141;0.792447
15600;15.6;0.587618;0.704967;0.155262;302;0.383700;0.476918;0.597853;0.716921;0.788274
15700;15.7;0.584439;0.703284;0.154974;302;0.382198;0.474992;0.593301;0.710377;0.784102
15800;15.8;0.581262;0.702367;0.154619;302;0.381430;0.474994;0.588248;0.709369;0.779929
15900;15.9;0.578011;0.701029;0.154259;302;0.380662;0.470692;0.586069;0.705426;0.775756
16000;16;0.574890;0.699519;0.154004;302;0.379995;0.469649;0.577684;0.698777;0.771583
16100;16.1;0.571673;0.697878;0.153723;302;0.376444;0.467678;0.574176;0.693165;0.769508
16200;16.2;0.568498;0.696114;0.153361;302;0.372893;0.462198;0.573666;0.691231;0.766985
16300;16.3;0.565382;0.694728;0.152878;302;0.372894;0.460119;0.568265;0.686605;0.766984
16400;16.4;0.562236;0.693430;0.152465;302;0.366268;0.459428;0.563655;0.685272;0.763167
16500;16.5;0.559224;0.691817;0.151970;302;0.361497;0.456269;0.560148;0.678523;0.758870
16600;16.6;0.556161;0.690751;0.151463;302;0.358457;0.454759;0.554668;0.671771;0.756538
16700;16.7;0.553207;0.688825;0.150963;302;0.355138;0.451133;0.550170;0.670539;0.755515
16800;16.8;0.550431;0.686751;0.150503;302;0.356354;0.448279;0.546251;0.665128;0.752259
16900;16.9;0.547711;0.685430;0.150094;302;0.351116;0.444468;0.546068;0.661941;0.748227
17000;17;0.545147;0.683509;0.149554;302;0.349564;0.443061;0.542449;0.655924;0.744196
17100;17.1;0.542650;0.682146;0.148980;302;0.349457;0.441094;0.539176;0.658464;0.740165
17200;17.2;0.540271;0.680426;0.148457;302;0.350871;0.441274;0.534264;0.658314;0.735994
17300;17.3;0.537983;0.679209;0.147951;302;0.347182;0.439826;0.533555;0.655055;0.730751
17400;17.4;0.535823;0.677682;0.147320;302;0.346477;0.440975;0.530637;0.649563;0.725508
17500;17.5;0.533725;0.675975;0.146577;302;0.345540;0.438521;0.527547;0.647889;0.722863
17600;17.6;0.531796;0.674847;0.145937;302;0.342932;0.437016;0.523753;0.642239;0.721938
17700;17.7;0.529736;0.673378;0.145594;302;0.341771;0.435951;0.519957;0.636180;0.720279
17800;17.8;0.527586;0.672184;0.145400;302;0.341139;0.434887;0.521577;0.631857;0.710283
17900;17.9;0.525172;0.670190;0.145107;302;0.339686;0.429381;0.520667;0.628433;0.709538
18000;18;0.522761;0.668293;0.144910;302;0.341143;0.426343;0.520952;0.623727;0.714319
18100;18.1;0.520304;0.666513;0.144416;302;0.338613;0.425062;0.518084;0.621500;0.714744
18200;18.2;0.517849;0.664517;0.143860;302;0.333000;0.421881;0.518244;0.621747;0.707778
18300;18.3;0.515229;0.663270;0.143233;302;0.329665;0.421545;0.513688;0.619296;0.704937
18400;18.4;0.512549;0.662022;0.142621;302;0.327647;0.419453;0.511393;0.616826;0.701996
18500;18.5;0.509857;0.660443;0.142063;302;0.327788;0.416456;0.506235;0.607561;0.702203
18600;18.6;0.507173;0.659107;0.141526;302;0.324608;0.413056;0.503395;0.601966;0.698594
18700;18.7;0.504448;0.657579;0.141202;302;0.322173;0.408754;0.501725;0.600371;0.694984
18800;18.8;0.501728;0.655925;0.140846;302;0.321330;0.407048;0.501480;0.600899;0.683702
18900;18.9;0.499102;0.654431;0.140549;302;0.320487;0.402127;0.500920;0.594850;0.685577
19000;19;0.496551;0.652713;0.140297;302;0.316959;0.397762;0.501207;0.588591;0.680607
19100;19.1;0.494125;0.651207;0.140050;302;0.313378;0.396003;0.498967;0.586770;0.675886
19200;19.2;0.491628;0.649251;0.139856;302;0.307524;0.393414;0.496915;0.586333;0.673473
19300;19.3;0.489166;0.647461;0.139492;302;0.310294;0.390010;0.492717;0.582428;0.671160
19400;19.4;0.486489;0.646137;0.138918;302;0.305132;0.386687;0.486793;0.575583;0.666167
19500;19.5;0.483660;0.644605;0.138313;302;0.300735;0.387737;0.486851;0.565920;0.667255
19600;19.6;0.480845;0.643364;0.137711;302;0.297366;0.384981;0.482830;0.560703;0.665816
19700;19.7;0.478101;0.641955;0.137280;302;0.294129;0.386633;0.477283;0.557916;0.666322
19800;19.8;0.475371;0.639792;0.136909;302;0.295551;0.385488;0.475005;0.554016;0.666082
19900;19.9;0.472611;0.638340;0.136474;302;0.291282;0.386690;0.474387;0.553885;0.664798
20000;20;0.470024;0.637289;0.136065;302;0.289294;0.381099;0.469676;0.547218;0.658000
20100;20.1;0.467513;0.635112;0.135651;302;0.289342;0.380736;0.464816;0.544001;0.655749
20200;20.2;0.465055;0.633579;0.135305;302;0.291750;0.378018;0.460842;0.540363;0.656897
20300;20.3;0.462794;0.632117;0.135028;302;0.289695;0.375329;0.459619;0.536670;0.657209
20400;20.4;0.460624;0.630734;0.134662;302;0.289116;0.376620;0.456417;0.531520;0.658837
20500;20.5;0.458581;0.628445;0.134222;302;0.285852;0.376013;0.459238;0.533035;0.655662
20600;20.6;0.456469;0.626552;0.133677;302;0.285279;0.373531;0.454321;0.528981;0.647273
20700;20.7;0.454216;0.625092;0.133149;302;0.287380;0.371165;0.450432;0.528101;0.642977
20800;20.8;0.451945;0.623760;0.132606;302;0.288583;0.369552;0.448840;0.529070;0.637467
20900;20.9;0.449665;0.621902;0.131925;302;0.288808;0.369174;0.444994;0.526293;0.635924
21000;21;0.447271;0.620786;0.131257;302;0.288286;0.367513;0.444291;0.523516;0.632551
21100;21.1;0.444897;0.619322;0.130525;302;0.285794;0.366863;0.442253;0.521195;0.629075
21200;21.2;0.442487;0.618042;0.129715;302;0.283313;0.365757;0.436517;0.520504;0.628680
21300;21.3;0.440101;0.616480;0.129056;302;0.280759;0.362859;0.433379;0.519831;0.624518
21400;21.4;0.437654;0.614856;0.128358;302;0.278603;0.356908;0.428969;0.521149;0.619420
21500;21.5;0.435388;0.612699;0.127688;302;0.277475;0.356879;0.423621;0.518429;0.615173
21600;21.6;0.433067;0.611065;0.127098;302;0.273095;0.356558;0.419754;0.517042;0.611698
21700;21.7;0.430797;0.609358;0.126673;302;0.273402;0.353626;0.419615;0.513075;0.608222
21800;21.8;0.428417;0.607953;0.126131;302;0.272064;0.351054;0.417253;0.512592;0.606963
21900;21.9;0.425939;0.606440;0.125556;302;0.270704;0.349840;0.414816;0.508124;0.600005
22000;22;0.423599;0.604599;0.124955;302;0.267234;0.347055;0.413277;0.502398;0.595632
22100;22.1;0.421218;0.602501;0.124244;302;0.264423;0.343224;0.411014;0.499389;0.592564
22200;22.2;0.418784;0.601055;0.123586;302;0.262864;0.341415;0.408618;0.493844;0.593231
22300;22.3;0.416308;0.599992;0.122750;302;0.262725;0.339244;0.406855;0.490768;0.589713
22400;22.4;0.413905;0.598278;0.122012;302;0.260264;0.337072;0.404775;0.488320;0.587436
22500;22.5;0.411391;0.596806;0.121323;302;0.263414;0.335082;0.402695;0.485901;0.580293
22600;22.6;0.408928;0.595391;0.120692;302;0.259259;0.334437;0.401198;0.485489;0.576755
22700;22.7;0.406601;0.594121;0.120034;302;0.254552;0.332180;0.399013;0.484191;0.572341
22800;22.8;0.404322;0.592310;0.119408;302;0.251905;0.328827;0.396631;0.481767;0.570786
22900;22.9;0.402210;0.590705;0.118847;302;0.251382;0.325548;0.393496;0.477825;0.568022
23000;23;0.400037;0.588619;0.118414;302;0.248188;0.325118;0.390311;0.475719;0.564954
23100;23.1;0.397784;0.587451;0.117992;302;0.247317;0.324095;0.387191;0.475085;0.562400
23200;23.2;0.395596;0.586002;0.117512;302;0.246691;0.321411;0.385467;0.473515;0.559859
23300;23.3;0.393551;0.584096;0.117071;302;0.246501;0.320537;0.383187;0.469025;0.557318
23400;23.4;0.391445;0.582323;0.116738;302;0.244875;0.320458;0.382583;0.468780;0.554778
23500;23.5;0.389270;0.580663;0.116473;302;0.242069;0.317811;0.378520;0.461327;0.558666
23600;23.6;0.387143;0.579242;0.116149;302;0.238834;0.314937;0.376226;0.460054;0.557011
23700;23.7;0.385105;0.577655;0.115764;302;0.233657;0.313674;0.373260;0.456861;0.555357
23800;23.8;0.383109;0.575881;0.115311;302;0.233084;0.310724;0.373403;0.454544;0.552493
23900;23.9;0.381278;0.574506;0.114815;302;0.234507;0.307292;0.374327;0.453943;0.548506
24000;24;0.379552;0.573306;0.114385;302;0.235930;0.305321;0.371530;0.451432;0.544935
24100;24.1;0.377813;0.571937;0.113894;302;0.235446;0.302167;0.370253;0.450652;0.541233
24200;24.2;0.375930;0.570371;0.113452;302;0.236135;0.297461;0.370377;0.448043;0.537531
24300;24.3;0.374139;0.568893;0.113087;302;0.234925;0.297343;0.368596;0.446410;0.534045
24400;24.4;0.372340;0.566771;0.112648;302;0.232003;0.294367;0.365620;0.444417;0.529919
24500;24.5;0.370530;0.565159;0.112070;302;0.233544;0.293347;0.365001;0.443652;0.527545
24600;24.6;0.368641;0.563670;0.111519;302;0.232324;0.291711;0.365959;0.438006;0.525171
24700;24.7;0.366462;0.562034;0.111019;302;0.235023;0.284418;0.362835;0.434241;0.522797
24800;24.8;0.364204;0.560449;0.110414;302;0.236071;0.281950;0.359602;0.431341;0.520423
24900;24.9;0.362025;0.559124;0.109817;302;0.234448;0.279999;0.357465;0.428055;0.518145
25000;25;0.359894;0.557533;0.109321;302;0.234409;0.279505;0.353774;0.425495;0.515297
25100;25.1;0.357816;0.556039;0.108866;302;0.235189;0.278676;0.353101;0.424035;0.510508
25200;25.2;0.355948;0.554459;0.108510;302;0.232667;0.277835;0.350508;0.420718;0.507369
25300;25.3;0.354165;0.553313;0.108218;302;0.231426;0.279348;0.346780;0.416728;0.505270
25400;25.4;0.352317;0.551724;0.107915;302;0.230824;0.277458;0.343520;0.418835;0.502652
25500;25.5;0.350466;0.549911;0.107466;302;0.225743;0.276221;0.342664;0.415364;0.497990
25600;25.6;0.348689;0.548581;0.107047;302;0.224696;0.274777;0.343030;0.415262;0.489985
25700;25.7;0.346862;0.546801;0.106720;302;0.223749;0.273152;0.339609;0.413223;0.485974
25800;25.8;0.344979;0.545143;0.106479;302;0.224461;0.273507;0.335987;0.411746;0.490618
25900;25.9;0.343227;0.543796;0.106302;302;0.224393;0.273458;0.332357;0.410831;0.487718
26000;26;0.341635;0.542487;0.106201;302;0.221509;0.271611;0.330568;0.409916;0.489958
26100;26.1;0.340080;0.540986;0.106181;302;0.214220;0.270454;0.330460;0.409863;0.487373
26200;26.2;0.338504;0.539698;0.106244;302;0.213446;0.268177;0.327599;0.407556;0.482236
26300;26.3;0.336991;0.538061;0.106077;302;0.212672;0.267137;0.325927;0.406256;0.482437
26400;26.4;0.335483;0.536690;0.105827;302;0.210973;0.266617;0.322349;0.405633;0.479969
26500;26.5;0.333984;0.535028;0.105502;302;0.209385;0.265505;0.322786;0.402770;0.481251
26600;26.6;0.332472;0.533766;0.105186;302;0.209349;0.265671;0.320049;0.398314;0.476790
26700;26.7;0.330922;0.531976;0.104929;302;0.209313;0.263069;0.319582;0.396053;0.476152
26800;26.8;0.329414;0.530449;0.104624;302;0.208801;0.261523;0.317049;0.396828;0.479635
26900;26.9;0.327925;0.529254;0.104403;302;0.208027;0.258004;0.317580;0.397263;0.479749
27000;27;0.326457;0.527908;0.104256;302;0.207245;0.258267;0.317209;0.395804;0.469133
27100;27.1;0.325031;0.526128;0.104131;302;0.202446;0.255546;0.313703;0.396434;0.466842
27200;27.2;0.323707;0.524930;0.103996;302;0.202673;0.253027;0.313098;0.388771;0.468638
27300;27.3;0.322354;0.523159;0.103771;302;0.202688;0.253020;0.313693;0.388315;0.470434
27400;27.4;0.321015;0.521555;0.103560;302;0.203127;0.249904;0.310712;0.387179;0.468655
27500;27.5;0.319593;0.520259;0.103431;302;0.201330;0.248892;0.309437;0.386394;0.461315
27600;27.6;0.318183;0.518770;0.103250;302;0.199147;0.247772;0.306253;0.385608;0.456893
27700;27.7;0.316702;0.517469;0.102941;302;0.199309;0.247216;0.305987;0.383372;0.459935
27800;27.8;0.315071;0.516514;0.102617;302;0.193815;0.245473;0.305751;0.381819;0.462448
27900;27.9;0.313315;0.515007;0.102326;302;0.192635;0.243213;0.305266;0.378169;0.457558
28000;28;0.311539;0.513308;0.102088;302;0.188106;0.242230;0.303537;0.374520;0.451545
28100;28.1;0.309844;0.511958;0.101731;302;0.185355;0.240576;0.300085;0.370870;0.447432
28200;28.2;0.308297;0.510491;0.101480;302;0.182728;0.241480;0.299795;0.368479;0.441698
28300;28.3;0.306799;0.509507;0.101162;302;0.183185;0.240103;0.299016;0.368959;0.436194
28400;28.4;0.305367;0.508000;0.100862;302;0.185566;0.240328;0.296962;0.369990;0.435417
28500;28.5;0.303862;0.506368;0.100618;302;0.185779;0.237880;0.293587;0.364687;0.435519
28600;28.6;0.302521;0.505281;0.100340;302;0.186201;0.236130;0.293632;0.361159;0.431127
28700;28.7;0.301229;0.503863;0.099997;302;0.185803;0.233674;0.289762;0.362855;0.431828
28800;28.8;0.299981;0.502395;0.099601;302;0.185480;0.233081;0.288773;0.362492;0.429152
28900;28.9;0.298711;0.501230;0.099112;302;0.183318;0.231363;0.289385;0.360701;0.425190
29000;29;0.297460;0.500151;0.098527;302;0.182290;0.232293;0.289452;0.355521;0.425535
29100;29.1;0.296375;0.498510;0.097993;302;0.179719;0.229488;0.288037;0.353159;0.426791
29200;29.2;0.295361;0.496676;0.097536;302;0.176506;0.229298;0.285743;0.354283;0.425273
29300;29.3;0.294320;0.495434;0.097107;302;0.175091;0.227420;0.287087;0.353758;0.423754
29400;29.4;0.293235;0.494534;0.096813;302;0.173618;0.226711;0.287185;0.351638;0.422236
29500;29.5;0.292255;0.492982;0.096756;302;0.172260;0.225722;0.286678;0.347529;0.423127
29600;29.6;0.291313;0.491455;0.096788;302;0.171549;0.222997;0.284749;0.347804;0.422934
29700;29.7;0.290253;0.490317;0.096776;302;0.171842;0.220271;0.283504;0.347026;0.422075
29800;29.8;0.289031;0.488771;0.096627;302;0.169683;0.222865;0.279471;0.345970;0.421216
29900;29.9;0.287667;0.487439;0.096292;302;0.167138;0.223003;0.277472;0.341332;0.420209
30000;30;0.286343;0.486119;0.095977;302;0.166963;0.220828;0.277088;0.341828;0.419498
30100;30.1;0.285020;0.485343;0.095648;302;0.166898;0.218715;0.274949;0.339156;0.418639
30200;30.2;0.283683;0.484150;0.095362;302;0.164783;0.215511;0.273245;0.337112;0.413924
30300;30.3;0.282356;0.483082;0.095148;302;0.164647;0.214538;0.272503;0.335723;0.415352
30400;30.4;0.281073;0.481295;0.094910;302;0.166036;0.213637;0.268533;0.336833;0.410369
30500;30.5;0.279840;0.479853;0.094649;302;0.163733;0.215369;0.267491;0.338265;0.411544
30600;30.6;0.278588;0.478691;0.094458;302;0.163626;0.215462;0.265573;0.339106;0.409485
30700;30.7;0.277227;0.477541;0.094229;302;0.164606;0.212012;0.264180;0.339259;0.405282
30800;30.8;0.275844;0.475954;0.093912;302;0.163052;0.212338;0.261736;0.339697;0.400163
30900;30.9;0.274508;0.474751;0.093440;302;0.161393;0.212946;0.260225;0.337368;0.398353
31000;31;0.273267;0.473746;0.093000;302;0.159734;0.212007;0.262460;0.333237;0.399014
31100;31.1;0.271935;0.472349;0.092513;302;0.158200;0.210459;0.260477;0.328819;0.400023
31200;31.2;0.270504;0.471217;0.091948;302;0.160747;0.209983;0.259334;0.327575;0.395862
31300;31.3;0.269074;0.470017;0.091352;302;0.156576;0.208166;0.257091;0.327353;0.395185
31400;31.4;0.267695;0.468563;0.090824;302;0.155275;0.206443;0.255778;0.326359;0.392560
31500;31.5;0.266324;0.467347;0.090242;302;0.155929;0.204729;0.255065;0.325495;0.385624
31600;31.6;0.264993;0.465818;0.089688;302;0.156583;0.203923;0.253793;0.322089;0.383371
31700;31.7;0.263695;0.464888;0.089200;302;0.156983;0.202662;0.253072;0.320470;0.383251
31800;31.8;0.262528;0.463893;0.088907;302;0.156048;0.201402;0.252271;0.320754;0.380005
31900;31.9;0.261474;0.462285;0.088668;302;0.154570;0.197159;0.251816;0.320517;0.377975
32000;32;0.260397;0.461141;0.088246;302;0.152458;0.197363;0.251060;0.318160;0.375462
32100;32.1;0.259394;0.459970;0.088014;302;0.153471;0.196926;0.248355;0.315984;0.374408
32200;32.2;0.258402;0.458891;0.087876;302;0.154822;0.197415;0.247290;0.315920;0.372715
32300;32.3;0.257423;0.457848;0.087617;302;0.154828;0.196911;0.248950;0.315008;0.366417
32400;32.4;0.256402;0.456728;0.087319;302;0.153559;0.197279;0.248375;0.314613;0.365622
32500;32.5;0.255325;0.455591;0.086972;302;0.152291;0.196659;0.245723;0.314282;0.365182
32600;32.6;0.254205;0.454366;0.086678;302;0.149919;0.193731;0.243426;0.312120;0.365149
32700;32.7;0.253187;0.452657;0.086429;302;0.148531;0.191592;0.243756;0.308508;0.360651
32800;32.8;0.252335;0.451625;0.086201;302;0.148485;0.192328;0.242936;0.309448;0.359367
32900;32.9;0.251393;0.450186;0.086087;302;0.145936;0.191606;0.242940;0.311140;0.362556
33000;33;0.250368;0.448830;0.086009;302;0.145948;0.190145;0.242532;0.311936;0.359932
33100;33.1;0.249204;0.448007;0.085826;302;0.144679;0.188453;0.239609;0.308222;0.357397
33200;33.2;0.247966;0.447053;0.085429;302;0.143411;0.185795;0.238217;0.306603;0.359991
33300;33.3;0.246771;0.445627;0.084997;302;0.142238;0.185069;0.236734;0.304924;0.362585
33400;33.4;0.245650;0.444547;0.084627;302;0.140874;0.183516;0.234505;0.304024;0.361135
33500;33.5;0.244572;0.443417;0.084319;302;0.139605;0.184116;0.234753;0.301820;0.356697
33600;33.6;0.243511;0.442641;0.084088;302;0.137891;0.184028;0.233025;0.300424;0.353813
33700;33.7;0.242449;0.441323;0.083983;302;0.136883;0.185488;0.232639;0.300681;0.354997
33800;33.8;0.241408;0.439975;0.083923;302;0.135489;0.185069;0.232446;0.298556;0.356182
33900;33.9;0.240377;0.438639;0.083766;302;0.136249;0.184040;0.232278;0.295809;0.355268
34000;34;0.239356;0.437857;0.083558;302;0.137076;0.183010;0.231711;0.294340;0.357670
34100;34.1;0.238379;0.436618;0.083412;302;0.135939;0.179974;0.231643;0.293468;0.357211
34200;34.2;0.237468;0.435568;0.083218;302;0.135957;0.178450;0.228800;0.292214;0.352088
34300;34.3;0.236643;0.434588;0.083016;302;0.133626;0.177598;0.227794;0.290013;0.353321
34400;34.4;0.235794;0.433395;0.082760;302;0.131620;0.176333;0.227207;0.287695;0.349854
34500;34.5;0.234908;0.432295;0.082536;302;0.132380;0.176856;0.227201;0.286242;0.347510
34600;34.6;0.234003;0.430812;0.082303;302;0.132956;0.176726;0.227937;0.284935;0.346652
34700;34.7;0.233087;0.429559;0.082018;302;0.131373;0.177000;0.227758;0.285752;0.341095
34800;34.8;0.232305;0.428806;0.081792;302;0.129150;0.175876;0.227575;0.285694;0.337060
34900;34.9;0.231527;0.427545;0.081679;302;0.129293;0.174108;0.225032;0.284530;0.336986
35000;35;0.230819;0.426706;0.081602;302;0.129464;0.173481;0.225874;0.282606;0.335468
35100;35.1;0.230098;0.425710;0.081542;302;0.129464;0.174102;0.223777;0.284009;0.336383
35200;35.2;0.229257;0.424562;0.081416;302;0.130496;0.172202;0.222514;0.281554;0.336626
35300;35.3;0.228369;0.423690;0.081135;302;0.132841;0.170036;0.220989;0.279364;0.335333
35400;35.4;0.227441;0.422034;0.080705;302;0.132993;0.169554;0.220611;0.277142;0.332443
35500;35.5;0.226448;0.420821;0.080157;302;0.132815;0.168887;0.221747;0.274856;0.330732
35600;35.6;0.225449;0.420018;0.079791;302;0.133832;0.167413;0.218748;0.274505;0.327865
35700;35.7;0.224518;0.419098;0.079515;302;0.134980;0.165019;0.216468;0.274752;0.325182
35800;35.8;0.223606;0.418135;0.079281;302;0.134788;0.164551;0.215584;0.274312;0.325062
35900;35.9;0.222837;0.417237;0.078959;302;0.133947;0.164897;0.213888;0.273080;0.323887
36000;36;0.222092;0.416148;0.078606;302;0.135567;0.163562;0.212762;0.271904;0.318444
36100;36.1;0.221386;0.414922;0.078324;302;0.133927;0.162571;0.212312;0.268883;0.316728
36200;36.2;0.220601;0.413823;0.077946;302;0.132848;0.162489;0.211605;0.267015;0.318478
36300;36.3;0.219866;0.412886;0.077566;302;0.133855;0.161501;0.212846;0.265148;0.314963
36400;36.4;0.219165;0.411857;0.077100;302;0.134628;0.161563;0.213668;0.264465;0.315261
36500;36.5;0.218614;0.410909;0.076751;302;0.133088;0.162307;0.214453;0.264886;0.318440
36600;36.6;0.217919;0.409885;0.076451;302;0.131688;0.161815;0.213048;0.265309;0.317950
36700;36.7;0.217230;0.408619;0.076230;302;0.132275;0.162429;0.211183;0.264174;0.317669
36800;36.8;0.216602;0.407560;0.076029;302;0.131491;0.161181;0.207859;0.262358;0.317810
36900;36.9;0.215822;0.406603;0.075942;302;0.130033;0.160987;0.205033;0.261155;0.319559
37000;37;0.215014;0.405508;0.075955;302;0.128382;0.159471;0.202925;0.261417;0.322466
37100;37.1;0.214283;0.404405;0.076032;302;0.128411;0.158870;0.204347;0.261008;0.323443
37200;37.2;0.213534;0.403848;0.076178;302;0.128701;0.157377;0.203512;0.259640;0.321673
37300;37.3;0.212764;0.402753;0.076245;302;0.128991;0.155103;0.202559;0.257628;0.323437
37400;37.4;0.212030;0.401953;0.076237;302;0.128756;0.154819;0.202164;0.258205;0.322558
37500;37.5;0.211244;0.400799;0.076149;302;0.127332;0.154255;0.201534;0.256530;0.320712
37600;37.6;0.210353;0.399629;0.075983;302;0.125907;0.153953;0.200175;0.255194;0.318867
37700;37.7;0.209421;0.398848;0.075775;302;0.125765;0.154118;0.199341;0.254474;0.321540
37800;37.8;0.208562;0.398184;0.075566;302;0.124468;0.151570;0.198506;0.253697;0.321414
37900;37.9;0.207812;0.396982;0.075424;302;0.124874;0.151491;0.196192;0.253647;0.318351
38000;38;0.207054;0.395818;0.075290;302;0.125987;0.151080;0.194349;0.252534;0.319005
38100;38.1;0.206219;0.394823;0.075165;302;0.124869;0.150174;0.193830;0.250684;0.318269
38200;38.2;0.205420;0.393831;0.075016;302;0.124888;0.149782;0.191870;0.249302;0.314418
38300;38.3;0.204627;0.392849;0.074889;302;0.125827;0.147687;0.191457;0.248552;0.311434
38400;38.4;0.203818;0.391676;0.074819;302;0.124783;0.148286;0.191316;0.247614;0.308986
38500;38.5;0.203076;0.391012;0.074754;302;0.123525;0.147299;0.190905;0.247809;0.306195
38600;38.6;0.202292;0.390096;0.074599;302;0.123439;0.146283;0.190565;0.247561;0.303234
38700;38.7;0.201379;0.389333;0.074428;302;0.120937;0.147634;0.188963;0.247709;0.301273
38800;38.8;0.200494;0.388425;0.074268;302;0.119143;0.147000;0.186081;0.246809;0.302861
38900;38.9;0.199701;0.387472;0.074107;302;0.119087;0.144528;0.186743;0.247870;0.304450
39000;39;0.198872;0.386551;0.073973;302;0.118373;0.143154;0.186822;0.244481;0.306038
39100;39.1;0.198094;0.385173;0.073972;302;0.116690;0.142921;0.182557;0.241986;0.303444
39200;39.2;0.197291;0.384367;0.073849;302;0.116407;0.142967;0.185533;0.240400;0.301805
39300;39.3;0.196540;0.383525;0.073690;302;0.115979;0.143013;0.183301;0.238473;0.299508
39400;39.4;0.195869;0.382343;0.073441;302;0.115450;0.143059;0.182752;0.239846;0.296189
39500;39.5;0.195209;0.381548;0.073177;302;0.116065;0.140703;0.182551;0.240891;0.294333
39600;39.6;0.194647;0.380747;0.072972;302;0.115048;0.139515;0.181878;0.240356;0.294655
39700;39.7;0.194084;0.380101;0.072874;302;0.114851;0.138962;0.181349;0.240116;0.298241
39800;39.8;0.193623;0.379119;0.072806;302;0.115671;0.138787;0.179139;0.238528;0.297206
39900;39.9;0.193273;0.378322;0.072821;302;0.115331;0.139032;0.179124;0.237328;0.295620
40000;40;0.192935;0.377471;0.072834;302;0.114870;0.137233;0.178602;0.238020;0.295942
40100;40.1;0.192560;0.376651;0.072992;302;0.113845;0.137049;0.180714;0.237706;0.294886
40200;40.2;0.192139;0.375295;0.073176;302;0.112550;0.136362;0.180487;0.238762;0.296053
40300;40.3;0.191701;0.374508;0.073296;302;0.111341;0.137068;0.179788;0.238214;0.297796
40400;40.4;0.191348;0.373538;0.073288;302;0.112157;0.137066;0.179046;0.238725;0.296210
40500;40.5;0.191081;0.372751;0.073292;302;0.111257;0.135663;0.176850;0.239690;0.295505
40600;40.6;0.190688;0.371901;0.073240;302;0.109106;0.135940;0.177755;0.239791;0.299585
40700;40.7;0.190188;0.370839;0.073110;302;0.109017;0.136717;0.178149;0.239203;0.298659
40800;40.8;0.189662;0.369966;0.072986;302;0.107869;0.136221;0.176263;0.238458;0.297531
40900;40.9;0.189106;0.369307;0.072872;302;0.106877;0.136022;0.175516;0.237728;0.299054
41000;41;0.188507;0.368646;0.072741;302;0.106661;0.135430;0.174452;0.236143;0.298843
41100;41.1;0.187925;0.367758;0.072645;302;0.106014;0.134573;0.174409;0.235840;0.292997
41200;41.2;0.187287;0.366835;0.072514;302;0.106221;0.132918;0.173277;0.234704;0.294633
41300;41.3;0.186599;0.366077;0.072354;302;0.104776;0.132024;0.173271;0.232544;0.294318
41400;41.4;0.186035;0.365145;0.072275;302;0.104375;0.132088;0.173359;0.232189;0.288341
41500;41.5;0.185493;0.364296;0.072306;302;0.104959;0.131004;0.173883;0.233786;0.287940
41600;41.6;0.184848;0.363449;0.072392;302;0.103390;0.129859;0.175074;0.233388;0.285801
41700;41.7;0.184149;0.362483;0.072421;302;0.102302;0.130277;0.171843;0.231807;0.287012
41800;41.8;0.183522;0.361835;0.072324;302;0.101302;0.130485;0.173481;0.233148;0.283102
41900;41.9;0.182912;0.361006;0.072195;302;0.100911;0.129620;0.173019;0.231964;0.280640
42000;42;0.182246;0.360236;0.072048;302;0.100210;0.128979;0.171542;0.233039;0.278254
42100;42.1;0.181493;0.359579;0.071799;302;0.099828;0.127811;0.171039;0.232511;0.276198
42200;42.2;0.180749;0.358702;0.071463;302;0.098583;0.127059;0.169980;0.229703;0.275031
42300;42.3;0.180056;0.357457;0.071152;302;0.099699;0.127063;0.169440;0.229339;0.273524
42400;42.4;0.179404;0.356606;0.070842;302;0.101035;0.127360;0.168584;0.226485;0.269864
42500;42.5;0.178758;0.356033;0.070624;302;0.101934;0.125974;0.168810;0.224860;0.268594
42600;42.6;0.178074;0.355214;0.070472;302;0.101306;0.124686;0.166336;0.223871;0.270239
42700;42.7;0.177409;0.354569;0.070362;302;0.100677;0.124379;0.164983;0.224579;0.270229
42800;42.8;0.176744;0.353573;0.070278;302;0.097666;0.124251;0.164640;0.222222;0.271113
42900;42.9;0.176110;0.352802;0.070301;302;0.096511;0.125440;0.163635;0.220973;0.271514
43000;43;0.175584;0.352121;0.070389;302;0.095525;0.123956;0.162144;0.220104;0.269956
43100;43.1;0.174994;0.351460;0.070450;302;0.095135;0.124642;0.161347;0.219469;0.268550
43200;43.2;0.174300;0.350443;0.070423;302;0.094135;0.124268;0.161846;0.219330;0.267689
43300;43.3;0.173602;0.349766;0.070358;302;0.093568;0.123984;0.159291;0.216031;0.268385
43400;43.4;0.172890;0.348917;0.070237;302;0.092426;0.123503;0.157775;0.216424;0.267652
43500;43.5;0.172188;0.348135;0.070120;302;0.092405;0.123221;0.157511;0.215709;0.267352
43600;43.6;0.171472;0.347473;0.070001;302;0.092862;0.122155;0.156482;0.217821;0.267053
43700;43.7;0.170730;0.346501;0.069875;302;0.092120;0.122133;0.155536;0.215748;0.266753
43800;43.8;0.170148;0.345818;0.069814;302;0.092344;0.122044;0.157557;0.212654;0.264762
43900;43.9;0.169676;0.344986;0.069697;302;0.090535;0.121169;0.157441;0.212238;0.264684
44000;44;0.169212;0.344258;0.069495;302;0.090816;0.121529;0.156576;0.211822;0.264436
44100;44.1;0.168786;0.343598;0.069187;302;0.091130;0.120609;0.157186;0.211406;0.266649
44200;44.2;0.168414;0.342660;0.068792;302;0.090942;0.119565;0.158307;0.210990;0.264854
44300;44.3;0.168089;0.341872;0.068364;302;0.090951;0.119105;0.157783;0.210574;0.262980
44400;44.4;0.167829;0.341136;0.067982;302;0.089961;0.118687;0.157917;0.211922;0.262530
44500;44.5;0.167491;0.340388;0.067465;302;0.090786;0.119261;0.156795;0.210983;0.261157
44600;44.6;0.167038;0.339622;0.066998;302;0.091264;0.120185;0.155928;0.209608;0.259784
44700;44.7;0.166504;0.338892;0.066610;302;0.090292;0.119103;0.155473;0.207298;0.258206
44800;44.8;0.165934;0.338140;0.066293;302;0.089788;0.119334;0.155427;0.206018;0.255856
44900;44.9;0.165382;0.337455;0.066094;302;0.089710;0.118068;0.155788;0.203770;0.254259
45000;45;0.164828;0.336837;0.065998;302;0.089645;0.116876;0.155794;0.202041;0.255677
45100;45.1;0.164219;0.336107;0.065998;302;0.088913;0.117014;0.155157;0.203599;0.257761
45200;45.2;0.163679;0.335331;0.066043;302;0.088181;0.115446;0.155649;0.202735;0.256670
45300;45.3;0.163099;0.334545;0.066089;302;0.087962;0.115320;0.152732;0.202436;0.257810
45400;45.4;0.162513;0.333784;0.066118;302;0.088478;0.115825;0.152601;0.200576;0.256268
45500;45.5;0.161930;0.332872;0.065998;302;0.088494;0.115486;0.150540;0.199738;0.259465
45600;45.6;0.161238;0.332379;0.065820;302;0.088155;0.115138;0.150767;0.198976;0.258396
45700;45.7;0.160611;0.331648;0.065604;302;0.087547;0.114208;0.150707;0.198049;0.255264
45800;45.8;0.160054;0.330865;0.065477;302;0.085207;0.114524;0.151170;0.200360;0.254769
45900;45.9;0.159504;0.330265;0.065338;302;0.084042;0.115052;0.151238;0.199186;0.251502
46000;46;0.158881;0.329780;0.065260;302;0.084285;0.113761;0.150691;0.199697;0.250855
46100;46.1;0.158222;0.328928;0.065196;302;0.084315;0.112332;0.151459;0.199526;0.247501
46200;46.2;0.157629;0.327996;0.065151;302;0.084933;0.110244;0.152464;0.198596;0.244148
46300;46.3;0.157073;0.327258;0.065168;302;0.083609;0.107831;0.151169;0.197544;0.242946
46400;46.4;0.156558;0.326620;0.065199;302;0.082039;0.107421;0.150637;0.197134;0.242679
46500;46.5;0.156095;0.325949;0.065263;302;0.082537;0.105995;0.149723;0.196744;0.242412
46600;46.6;0.155609;0.325231;0.065289;302;0.081366;0.104722;0.150083;0.196313;0.242145
46700;46.7;0.155089;0.324429;0.065233;302;0.080802;0.103990;0.148098;0.197322;0.241878
46800;46.8;0.154594;0.323754;0.065193;302;0.080359;0.103406;0.148020;0.196804;0.241611
46900;46.9;0.154040;0.323134;0.065146;302;0.080516;0.103140;0.148512;0.195268;0.234955
47000;47;0.153544;0.322261;0.065121;302;0.078227;0.103035;0.148121;0.194135;0.237330
47100;47.1;0.153150;0.321607;0.065001;302;0.077794;0.102449;0.147342;0.193406;0.236904
47200;47.2;0.152791;0.321111;0.064756;302;0.077572;0.101890;0.148241;0.193813;0.234492
47300;47.3;0.152409;0.320688;0.064484;302;0.077729;0.102161;0.147726;0.193440;0.232265
47400;47.4;0.152109;0.319949;0.064293;302;0.077921;0.102460;0.148375;0.193034;0.234407
47500;47.5;0.151707;0.319222;0.064094;302;0.078444;0.102721;0.146607;0.193322;0.236994
47600;47.6;0.151258;0.318343;0.063895;302;0.078197;0.103665;0.144514;0.192879;0.235174
47700;47.7;0.150906;0.317846;0.063783;302;0.078686;0.101352;0.145788;0.191764;0.235293
47800;47.8;0.150587;0.317036;0.063718;302;0.076405;0.101607;0.144329;0.190889;0.234314
47900;47.9;0.150254;0.316467;0.063654;302;0.075980;0.100578;0.144875;0.189555;0.233335
48000;48;0.149862;0.315648;0.063579;302;0.076606;0.100307;0.146024;0.188507;0.236075
48100;48.1;0.149531;0.314865;0.063455;302;0.076097;0.100539;0.145920;0.187737;0.233672
48200;48.2;0.149213;0.314145;0.063244;302;0.075431;0.101227;0.144922;0.186581;0.231556
48300;48.3;0.148905;0.313451;0.063002;302;0.075341;0.102918;0.146191;0.186197;0.228866
48400;48.4;0.148582;0.313041;0.062736;302;0.074992;0.101647;0.146085;0.184619;0.226462
48500;48.5;0.148291;0.312370;0.062429;302;0.074911;0.102077;0.144198;0.183332;0.225835
48600;48.6;0.148081;0.311951;0.062030;302;0.073365;0.102632;0.143756;0.181768;0.225061
48700;48.7;0.147903;0.311137;0.061583;302;0.072758;0.102959;0.144101;0.181795;0.225134
48800;48.8;0.147708;0.310525;0.061148;302;0.073983;0.103873;0.142645;0.182346;0.223853
48900;48.9;0.147509;0.309823;0.060689;302;0.075560;0.104770;0.142371;0.181576;0.226597
49000;49;0.147223;0.309161;0.060309;302;0.074937;0.104102;0.141415;0.180806;0.226855
49100;49.1;0.146953;0.308644;0.060010;302;0.076947;0.103497;0.139710;0.180488;0.227681
49200;49.2;0.146645;0.308007;0.059751;302;0.076900;0.103565;0.139132;0.179766;0.227168
49300;49.3;0.146291;0.307302;0.059554;302;0.076053;0.103548;0.139832;0.180716;0.227254
49400;49.4;0.145862;0.306794;0.059356;302;0.075526;0.103206;0.139140;0.180515;0.227549
49500;49.5;0.145454;0.306171;0.059262;302;0.075236;0.103723;0.138110;0.179046;0.225765
49600;49.6;0.144991;0.305399;0.059150;302;0.075569;0.103776;0.138223;0.177913;0.225150
49700;49.7;0.144442;0.304778;0.059056;302;0.074900;0.103910;0.137270;0.175541;0.225814
49800;49.8;0.143980;0.304421;0.058945;302;0.074230;0.103628;0.136822;0.177138;0.225038
49900;49.9;0.143580;0.303666;0.058819;302;0.075257;0.103528;0.134379;0.176502;0.224098
50000;50;0.143177;0.302914;0.058721;302;0.075530;0.103946;0.135057;0.175625;0.221431
50100;50.1;0.142826;0.302282;0.058698;302;0.073715;0.103086;0.135487;0.174671;0.221984
50200;50.2;0.142514;0.301797;0.058716;302;0.072573;0.101579;0.135547;0.172373;0.219636
50300;50.3;0.142222;0.301388;0.058683;302;0.075214;0.101910;0.136659;0.172016;0.219742
50400;50.4;0.141848;0.300459;0.058758;302;0.074936;0.101586;0.136814;0.172051;0.217871
50500;50.5;0.141528;0.299977;0.058836;302;0.073401;0.101583;0.135047;0.171300;0.218888
50600;50.6;0.141198;0.299290;0.058917;302;0.072579;0.099573;0.135521;0.172517;0.219354
50700;50.7;0.140812;0.298778;0.058996;302;0.072017;0.099474;0.135691;0.171231;0.218482
50800;50.8;0.140392;0.298211;0.059038;302;0.072153;0.099808;0.134970;0.173895;0.212042
50900;50.9;0.140046;0.297509;0.059140;302;0.071469;0.099639;0.133977;0.171784;0.211083
51000;51;0.139730;0.296924;0.059188;302;0.070063;0.099814;0.132748;0.173868;0.212338
51100;51.1;0.139421;0.296514;0.059261;302;0.068802;0.099697;0.132618;0.173959;0.213097
51200;51.2;0.139104;0.295898;0.059365;302;0.068670;0.099542;0.132443;0.175198;0.213662
51300;51.3;0.138772;0.295398;0.059453;302;0.069387;0.098934;0.132015;0.174184;0.214086
51400;51.4;0.138382;0.294765;0.059493;302;0.069303;0.099203;0.131684;0.173263;0.214023
51500;51.5;0.137970;0.294070;0.059523;302;0.069705;0.097876;0.130524;0.170621;0.213869
51600;51.6;0.137579;0.293381;0.059488;302;0.068289;0.097101;0.130194;0.174130;0.211840
51700;51.7;0.137165;0.293041;0.059443;302;0.068392;0.097088;0.128651;0.174436;0.212537
51800;51.8;0.136763;0.292525;0.059342;302;0.067931;0.097001;0.127173;0.174003;0.213348
51900;51.9;0.136284;0.291907;0.059211;302;0.067810;0.096430;0.125886;0.172350;0.213372
52000;52;0.135894;0.291323;0.059054;302;0.067676;0.096045;0.124581;0.171790;0.212595
52100;52.1;0.135512;0.290717;0.058855;302;0.067524;0.094695;0.124587;0.170071;0.210815
52200;52.2;0.135155;0.290070;0.058720;302;0.068163;0.094412;0.124717;0.171450;0.210004
52300;52.3;0.134800;0.289397;0.058623;302;0.068078;0.094565;0.124486;0.171217;0.210133
52400;52.4;0.134615;0.288965;0.058557;301;0.068385;0.094840;0.125003;0.170429;0.210222
52500;52.5;0.134210;0.288500;0.058444;301;0.068845;0.094548;0.124944;0.170001;0.209143
52600;52.6;0.133842;0.288082;0.058342;301;0.068812;0.092873;0.125008;0.169779;0.208110
52700;52.7;0.133540;0.287369;0.058227;301;0.068771;0.092517;0.124692;0.169280;0.209866
52800;52.8;0.133231;0.286809;0.058079;301;0.068779;0.092909;0.124143;0.168285;0.211694
52900;52.9;0.132950;0.286212;0.057973;301;0.070048;0.092331;0.123139;0.168157;0.206938
53000;53;0.132625;0.285625;0.057893;301;0.069577;0.092561;0.123820;0.167233;0.206000
53100;53.1;0.132323;0.285153;0.057821;301;0.068950;0.092046;0.124612;0.166448;0.205535
53200;53.2;0.131986;0.284594;0.057669;301;0.068241;0.091288;0.123675;0.167250;0.204636
53300;53.3;0.131575;0.284094;0.057509;301;0.067662;0.093290;0.123340;0.166867;0.203834
53400;53.4;0.131110;0.283684;0.057384;301;0.066823;0.094795;0.122803;0.165934;0.203192
53500;53.5;0.130596;0.283084;0.057225;301;0.066017;0.093348;0.122888;0.164444;0.202494
53600;53.6;0.130093;0.282600;0.056906;301;0.065406;0.093474;0.121623;0.162930;0.202219
53700;53.7;0.129584;0.281928;0.056497;301;0.064697;0.092718;0.119725;0.162237;0.202697
53800;53.8;0.129047;0.281431;0.056146;301;0.064670;0.091457;0.118925;0.162074;0.201815
53900;53.9;0.128547;0.280979;0.055836;301;0.064250;0.090675;0.118125;0.160541;0.199349
54000;54;0.128020;0.280340;0.055553;301;0.063361;0.090512;0.117326;0.160315;0.198420
54100;54.1;0.127521;0.279634;0.055292;301;0.062637;0.090150;0.117167;0.158602;0.196919
54200;54.2;0.127091;0.279170;0.055111;301;0.062704;0.089495;0.117241;0.158162;0.196567
54300;54.3;0.126786;0.278689;0.055002;301;0.062197;0.089196;0.117051;0.158640;0.194594
54400;54.4;0.126557;0.278179;0.054874;301;0.061684;0.088680;0.117929;0.158847;0.196314
54500;54.5;0.126348;0.277695;0.054817;301;0.061435;0.088138;0.118681;0.157958;0.198513
54600;54.6;0.126141;0.277237;0.054806;301;0.061837;0.088762;0.118365;0.159074;0.198528
54700;54.7;0.126305;0.276484;0.054669;299;0.061311;0.087902;0.118028;0.160151;0.197783
54800;54.8;0.126033;0.276051;0.054646;299;0.060840;0.086783;0.117714;0.160083;0.195718
54900;54.9;0.125658;0.275383;0.054616;299;0.061343;0.086681;0.119323;0.159435;0.196319
55000;55;0.125277;0.274914;0.054546;299;0.061178;0.085454;0.118827;0.159193;0.197047
55100;55.1;0.125518;0.273862;0.054086;297;0.061583;0.086226;0.119086;0.157939;0.191791
55200;55.2;0.125159;0.273419;0.053997;297;0.060848;0.086390;0.118671;0.156524;0.192205
55300;55.3;0.125157;0.273182;0.053684;296;0.062824;0.086785;0.117666;0.155108;0.192445
55400;55.4;0.124811;0.272545;0.053597;296;0.062719;0.087483;0.116785;0.156181;0.189638
55500;55.5;0.124466;0.272070;0.053470;296;0.064530;0.085271;0.116682;0.156939;0.190763
55600;55.6;0.124112;0.271540;0.053377;296;0.066109;0.085668;0.116137;0.157001;0.192121
55700;55.7;0.123755;0.271112;0.053338;296;0.066575;0.086018;0.115727;0.156410;0.193479
55800;55.8;0.123348;0.270498;0.053326;296;0.067412;0.085460;0.115085;0.155948;0.193644
55900;55.9;0.122860;0.269988;0.053339;296;0.067496;0.084034;0.114136;0.155291;0.193884
56000;56;0.122329;0.269615;0.053283;296;0.065956;0.084337;0.112710;0.154073;0.191827
56100;56.1;0.121794;0.269003;0.053166;296;0.064484;0.083973;0.112860;0.153146;0.189057
56200;56.2;0.121363;0.268554;0.052975;296;0.063013;0.084355;0.112398;0.153733;0.189829
56300;56.3;0.120975;0.268082;0.052829;296;0.062941;0.085118;0.112156;0.153188;0.191377
56400;56.4;0.120646;0.267618;0.052685;296;0.063341;0.085158;0.112172;0.154882;0.193137
56500;56.5;0.120369;0.267090;0.052494;296;0.063495;0.084663;0.112420;0.155621;0.192884
56600;56.6;0.120176;0.266495;0.052306;296;0.062762;0.084175;0.112603;0.154673;0.192671
56700;56.7;0.120228;0.266040;0.052124;295;0.061926;0.085473;0.113141;0.154394;0.192378
56800;56.8;0.120075;0.265451;0.051984;295;0.060485;0.084469;0.112778;0.153000;0.192603
56900;56.9;0.119978;0.265067;0.051856;295;0.060195;0.083346;0.112666;0.154645;0.193915
57000;57;0.119796;0.264512;0.051724;295;0.060264;0.084143;0.113299;0.155013;0.192356
57100;57.1;0.119551;0.264074;0.051568;295;0.061578;0.083492;0.112669;0.154580;0.191365
57200;57.2;0.119618;0.263890;0.051097;294;0.061043;0.083582;0.112040;0.152833;0.191112
57300;57.3;0.119411;0.263432;0.050950;294;0.061332;0.083890;0.112060;0.152436;0.188614
57400;57.4;0.119224;0.263038;0.050768;294;0.060440;0.084231;0.112204;0.151056;0.188442
57500;57.5;0.119274;0.262254;0.050559;293;0.060446;0.085252;0.112905;0.150513;0.189859
57600;57.6;0.119140;0.261742;0.050376;293;0.060451;0.084724;0.113251;0.150736;0.189805
57700;57.7;0.118996;0.261138;0.050243;293;0.060186;0.085544;0.113371;0.151738;0.188488
57800;57.8;0.118811;0.260599;0.050196;293;0.059865;0.085216;0.113718;0.149126;0.189187
57900;57.9;0.118683;0.260068;0.050177;293;0.058235;0.084499;0.112895;0.150723;0.189652
58000;58;0.118569;0.259650;0.050099;293;0.059221;0.083689;0.112769;0.151252;0.190836
58100;58.1;0.118368;0.259117;0.049952;293;0.058900;0.084707;0.112090;0.151080;0.189982
58200;58.2;0.118082;0.258827;0.049763;293;0.058578;0.084971;0.111715;0.148461;0.188800
58300;58.3;0.117709;0.258383;0.049534;293;0.059033;0.083946;0.111222;0.149925;0.186212
58400;58.4;0.117369;0.257991;0.049284;293;0.059564;0.083641;0.110928;0.149572;0.184481
58500;58.5;0.116992;0.257665;0.049084;293;0.059743;0.083510;0.110190;0.148648;0.183395
58600;58.6;0.116656;0.257183;0.048849;293;0.058882;0.084004;0.109732;0.147192;0.182260
58700;58.7;0.116337;0.256628;0.048650;293;0.057578;0.084413;0.109135;0.146322;0.181523
58800;58.8;0.116086;0.256144;0.048493;293;0.057113;0.085063;0.108830;0.146023;0.181334
58900;58.9;0.115889;0.255620;0.048297;293;0.058036;0.084251;0.108901;0.146025;0.181471
59000;59;0.115700;0.255221;0.048055;293;0.056865;0.084309;0.109144;0.146026;0.181719
59100;59.1;0.115443;0.254747;0.047806;293;0.056741;0.083482;0.109503;0.145498;0.181375
59200;59.2;0.115124;0.254412;0.047604;293;0.055382;0.084303;0.109806;0.144897;0.180882
59300;59.3;0.114772;0.253945;0.047445;293;0.054625;0.083402;0.108377;0.144311;0.179710
59400;59.4;0.114419;0.253404;0.047183;293;0.054913;0.083416;0.106884;0.143632;0.177729
59500;59.5;0.114088;0.253033;0.046919;293;0.056245;0.083936;0.106489;0.142919;0.176803
59600;59.6;0.113709;0.252466;0.046609;293;0.057155;0.083421;0.106431;0.141623;0.175737
59700;59.7;0.113403;0.252094;0.046260;293;0.057245;0.083629;0.107154;0.141396;0.174114
59800;59.8;0.113139;0.251669;0.045988;293;0.056928;0.083601;0.107085;0.142204;0.174444
59900;59.9;0.112797;0.251256;0.045799;293;0.056602;0.083321;0.106307;0.141509;0.174491
60000;60;0.112519;0.250994;0.045601;293;0.056281;0.082510;0.105442;0.140360;0.174680
60100;60.1;0.112271;0.250447;0.045461;293;0.056353;0.082558;0.105498;0.139671;0.174313
60200;60.2;0.112078;0.249989;0.045349;293;0.056611;0.082331;0.105349;0.141014;0.175057
60300;60.3;0.111847;0.249578;0.045246;293;0.057612;0.081916;0.104788;0.139837;0.175276
60400;60.4;0.111649;0.249169;0.045153;293;0.057332;0.081868;0.104639;0.140029;0.173220
60500;60.5;0.111504;0.248603;0.045034;293;0.057383;0.080992;0.104838;0.140306;0.171163
60600;60.6;0.111349;0.248288;0.044944;293;0.057579;0.081284;0.104799;0.140119;0.170188
60700;60.7;0.111175;0.247867;0.044888;293;0.057897;0.079127;0.104240;0.141099;0.173365
60800;60.8;0.110960;0.247344;0.044880;293;0.057705;0.080220;0.104612;0.140075;0.175244
60900;60.9;0.110779;0.247028;0.044829;293;0.057184;0.081789;0.104396;0.139774;0.175146
61000;61;0.110547;0.246651;0.044771;293;0.056557;0.081909;0.104960;0.139244;0.172231
61100;61.1;0.110350;0.246339;0.044727;293;0.056727;0.081135;0.104786;0.138571;0.168166
61200;61.2;0.110154;0.245820;0.044680;293;0.056284;0.080977;0.104369;0.138183;0.167243
61300;61.3;0.109949;0.245355;0.044623;293;0.056264;0.081802;0.105012;0.139356;0.166690
61400;61.4;0.109706;0.244859;0.044479;293;0.056460;0.082004;0.104464;0.139010;0.166078
61500;61.5;0.109418;0.244423;0.044337;293;0.056186;0.080739;0.103706;0.137179;0.163805
61600;61.6;0.109161;0.244000;0.044269;293;0.055884;0.080718;0.102935;0.137777;0.166276
61700;61.7;0.108935;0.243705;0.044269;293;0.055583;0.080509;0.101857;0.137408;0.165666
61800;61.8;0.108694;0.243320;0.044338;293;0.055282;0.080070;0.101942;0.137241;0.165633
61900;61.9;0.108421;0.242901;0.044396;293;0.055776;0.078966;0.102253;0.136427;0.167964
62000;62;0.108051;0.242496;0.044448;293;0.054680;0.077862;0.102397;0.136156;0.165721
62100;62.1;0.107715;0.242027;0.044485;293;0.054378;0.076299;0.102377;0.135761;0.165132
62200;62.2;0.107386;0.241657;0.044512;293;0.054948;0.074931;0.101475;0.135318;0.166940
62300;62.3;0.107099;0.241274;0.044516;293;0.055378;0.075058;0.100793;0.135100;0.167740
62400;62.4;0.106883;0.240907;0.044501;293;0.054695;0.074999;0.100566;0.135749;0.166656
62500;62.5;0.106695;0.240432;0.044465;293;0.054218;0.075452;0.099487;0.134831;0.166866
62600;62.6;0.106490;0.240004;0.044451;293;0.054290;0.075797;0.099898;0.134124;0.164568
62700;62.7;0.106465;0.239928;0.044241;292;0.054705;0.075574;0.100840;0.134354;0.164532
62800;62.8;0.106175;0.239604;0.044149;292;0.054213;0.075935;0.101119;0.134001;0.163121
62900;62.9;0.105858;0.239255;0.043998;292;0.053839;0.076256;0.100321;0.134266;0.162206
63000;63;0.105544;0.238892;0.043785;292;0.053727;0.075918;0.099523;0.133679;0.161729
63100;63.1;0.105193;0.238434;0.043603;292;0.053543;0.075399;0.099500;0.133282;0.161990
63200;63.2;0.104863;0.237976;0.043496;292;0.053814;0.075185;0.099866;0.132008;0.160933
63300;63.3;0.104582;0.237580;0.043356;292;0.053397;0.075734;0.099314;0.132247;0.159212
63400;63.4;0.104393;0.237225;0.043151;292;0.052872;0.076601;0.098968;0.129758;0.158671
63500;63.5;0.104203;0.236850;0.042969;292;0.052930;0.076694;0.098578;0.129211;0.160707
63600;63.6;0.104026;0.236489;0.042783;292;0.053587;0.075758;0.098338;0.129379;0.159312
63700;63.7;0.103804;0.235990;0.042659;292;0.052124;0.076233;0.098966;0.129417;0.162098
63800;63.8;0.103696;0.235320;0.042586;291;0.051920;0.076782;0.099024;0.129498;0.162371
63900;63.9;0.103382;0.234963;0.042439;291;0.051744;0.076750;0.099455;0.129498;0.162946
64000;64;0.103078;0.234550;0.042305;291;0.051934;0.077258;0.098244;0.129497;0.160408
64100;64.1;0.102968;0.234014;0.042134;290;0.052132;0.076998;0.097561;0.130050;0.159892
64200;64.2;0.102716;0.233582;0.042074;290;0.051103;0.075186;0.096336;0.129496;0.159870
64300;64.3;0.102448;0.233204;0.041922;290;0.050899;0.075532;0.095470;0.128778;0.158977
64400;64.4;0.102200;0.232884;0.041816;290;0.050832;0.075553;0.094955;0.129302;0.158519
64500;64.5;0.101961;0.232449;0.041712;290;0.051945;0.075070;0.095116;0.129630;0.155972
64600;64.6;0.101691;0.232106;0.041638;290;0.051179;0.075311;0.096015;0.129698;0.154853
64700;64.7;0.101468;0.231773;0.041586;290;0.053082;0.074688;0.096260;0.130112;0.154645
64800;64.8;0.101287;0.231343;0.041546;290;0.053012;0.072983;0.097268;0.129020;0.153753
64900;64.9;0.101017;0.230979;0.041446;290;0.052889;0.072803;0.095963;0.127865;0.154739
65000;65;0.100649;0.230370;0.041316;289;0.052555;0.071651;0.094339;0.127687;0.154694
65100;65.1;0.100298;0.229960;0.041104;289;0.051793;0.071557;0.094090;0.126174;0.154986
65200;65.2;0.099934;0.229620;0.040875;289;0.051620;0.071499;0.094679;0.126096;0.155327
65300;65.3;0.099587;0.229171;0.040640;289;0.051153;0.071115;0.094402;0.125277;0.155415
65400;65.4;0.099226;0.228731;0.040370;289;0.050685;0.070835;0.095064;0.125540;0.156672
65500;65.5;0.098857;0.228452;0.040150;289;0.050531;0.071409;0.095486;0.123308;0.157018
65600;65.6;0.098546;0.228075;0.040019;289;0.050535;0.071147;0.095544;0.122558;0.156134
65700;65.7;0.098208;0.227851;0.039836;289;0.050776;0.070328;0.094618;0.122357;0.154048
65800;65.8;0.097920;0.227531;0.039665;289;0.050818;0.070331;0.094844;0.122592;0.153825
65900;65.9;0.097654;0.227209;0.039635;289;0.050389;0.069830;0.094361;0.122827;0.152667
66000;66;0.097405;0.226807;0.039655;289;0.049557;0.070050;0.094800;0.123062;0.154346
66100;66.1;0.097182;0.226320;0.039675;289;0.048605;0.069853;0.094319;0.123242;0.153029
66200;66.2;0.096905;0.225895;0.039723;289;0.048133;0.069165;0.094725;0.122630;0.152962
66300;66.3;0.096598;0.225524;0.039807;289;0.046971;0.069881;0.094289;0.123327;0.152445
66400;66.4;0.096324;0.225299;0.039921;289;0.046578;0.070604;0.093947;0.122492;0.153548
66500;66.5;0.096052;0.224833;0.039917;289;0.045227;0.070743;0.093605;0.121940;0.152968
66600;66.6;0.095798;0.224436;0.039881;289;0.045403;0.070105;0.092898;0.122136;0.152190
66700;66.7;0.095570;0.224196;0.039825;289;0.045859;0.068917;0.092217;0.122108;0.150939
66800;66.8;0.095326;0.223914;0.039730;289;0.044483;0.067723;0.092610;0.121724;0.152477
66900;66.9;0.095098;0.223512;0.039666;289;0.043858;0.069133;0.091239;0.121630;0.151722
67000;67;0.094860;0.223078;0.039615;289;0.043844;0.068798;0.091235;0.121558;0.150532
67100;67.1;0.094602;0.222778;0.039616;289;0.044465;0.068114;0.090317;0.121995;0.149353
67200;67.2;0.094120;0.222716;0.039751;290;0.045219;0.066146;0.089299;0.121969;0.148418
67300;67.3;0.093913;0.222310;0.039883;290;0.044448;0.064870;0.089464;0.121937;0.148012
67400;67.4;0.093826;0.221944;0.040000;290;0.043678;0.065677;0.089248;0.120974;0.147979
67500;67.5;0.093781;0.221611;0.040123;290;0.043026;0.066089;0.089017;0.120601;0.148849
67600;67.6;0.093710;0.221284;0.040224;290;0.043509;0.065741;0.088133;0.120229;0.150100
67700;67.7;0.093676;0.220946;0.040371;290;0.044244;0.065984;0.088672;0.119856;0.152988
67800;67.8;0.093626;0.220701;0.040533;290;0.044712;0.066582;0.087880;0.119672;0.153969
67900;67.9;0.093519;0.220352;0.040585;290;0.044056;0.065780;0.087000;0.119584;0.153852
68000;68;0.093359;0.219939;0.040560;290;0.043276;0.065474;0.087683;0.120395;0.153311
68100;68.1;0.093142;0.219668;0.040538;290;0.042887;0.064908;0.086936;0.119985;0.150751
68200;68.2;0.092858;0.219289;0.040530;290;0.043033;0.065855;0.087443;0.119885;0.152273
68300;68.3;0.093052;0.218595;0.040104;288;0.044971;0.066143;0.087444;0.119009;0.154996
68400;68.4;0.092767;0.218245;0.040055;288;0.043324;0.065329;0.086850;0.119367;0.153482
68500;68.5;0.092470;0.217913;0.039930;288;0.043469;0.063775;0.087619;0.119286;0.150725
68600;68.6;0.092143;0.217701;0.039762;288;0.043615;0.064105;0.088267;0.117762;0.151283
68700;68.7;0.091870;0.217276;0.039591;288;0.042094;0.063231;0.087568;0.118213;0.150418
68800;68.8;0.091909;0.216729;0.039275;287;0.042607;0.064009;0.088498;0.118270;0.149649
68900;68.9;0.091726;0.216377;0.039249;287;0.040920;0.064787;0.088205;0.117345;0.149870
69000;69;0.091814;0.216187;0.039040;286;0.042520;0.065488;0.087609;0.116924;0.150442
69100;69.1;0.091635;0.215969;0.038948;286;0.042193;0.064910;0.087383;0.116366;0.150906
69200;69.2;0.091482;0.215671;0.038863;286;0.042298;0.064964;0.087026;0.115075;0.149830
69300;69.3;0.091290;0.215413;0.038856;286;0.042757;0.065184;0.087553;0.115346;0.149110
69400;69.4;0.090811;0.214746;0.039063;287;0.042060;0.063418;0.088272;0.115561;0.148129
69500;69.5;0.090567;0.214474;0.039129;287;0.041066;0.062818;0.087271;0.115563;0.147982
69600;69.6;0.090353;0.214208;0.039176;287;0.042097;0.062157;0.087581;0.115801;0.147998
69700;69.7;0.090151;0.213883;0.039238;287;0.043439;0.061672;0.087413;0.115779;0.147373
69800;69.8;0.089988;0.213608;0.039326;287;0.043775;0.060502;0.088274;0.116479;0.146221
69900;69.9;0.089856;0.213212;0.039454;287;0.043664;0.060646;0.088132;0.117175;0.144274
70000;70;0.089718;0.212877;0.039523;287;0.042450;0.060442;0.086636;0.117272;0.145022
70100;70.1;0.089532;0.212547;0.039521;287;0.041004;0.059025;0.085860;0.117189;0.143683
70200;70.2;0.089355;0.212168;0.039526;287;0.041148;0.059529;0.085682;0.117056;0.142344
70300;70.3;0.089208;0.211873;0.039528;287;0.042594;0.059990;0.085541;0.117024;0.142045
70400;70.4;0.089548;0.211235;0.039168;285;0.043042;0.059910;0.086565;0.116063;0.142139
70500;70.5;0.089436;0.210880;0.039025;285;0.043589;0.060692;0.086722;0.115086;0.141720
70600;70.6;0.089306;0.210636;0.038918;285;0.044091;0.060942;0.086747;0.114813;0.142326
70700;70.7;0.089131;0.210344;0.038853;285;0.043739;0.060133;0.086368;0.114844;0.142420
70800;70.8;0.088947;0.210056;0.038789;285;0.044396;0.059818;0.085897;0.115245;0.142514
70900;70.9;0.088761;0.209760;0.038769;285;0.043628;0.059814;0.085953;0.114114;0.142607
71000;71;0.088618;0.209388;0.038736;285;0.044452;0.060760;0.085522;0.114138;0.141809
71100;71.1;0.088529;0.209196;0.038724;285;0.043117;0.061470;0.085661;0.114759;0.142795
71200;71.2;0.088448;0.208839;0.038700;285;0.042604;0.061624;0.085419;0.113822;0.140114
71300;71.3;0.088392;0.208426;0.038691;285;0.042105;0.062093;0.085307;0.113147;0.139841
71400;71.4;0.088256;0.208175;0.038725;285;0.041198;0.062592;0.084088;0.114040;0.138977
71500;71.5;0.088113;0.207905;0.038792;285;0.040291;0.062425;0.082880;0.114695;0.139774
71600;71.6;0.087967;0.207601;0.038898;285;0.039915;0.062241;0.083017;0.113220;0.140742
71700;71.7;0.087774;0.207215;0.038990;285;0.040327;0.061557;0.082052;0.112654;0.141710
71800;71.8;0.087531;0.206939;0.039081;285;0.039460;0.062278;0.081760;0.111844;0.140639
71900;71.9;0.087364;0.206603;0.039162;285;0.039204;0.062416;0.082251;0.111279;0.138982
72000;72;0.087236;0.206292;0.039267;285;0.039740;0.061763;0.082789;0.111734;0.137265
72100;72.1;0.087115;0.206100;0.039323;285;0.039212;0.061781;0.082446;0.110184;0.136241
72200;72.2;0.086974;0.205758;0.039276;285;0.040218;0.061772;0.082120;0.110465;0.136734
72300;72.3;0.086774;0.205503;0.039185;285;0.040230;0.061593;0.081757;0.110140;0.137669
72400;72.4;0.086559;0.205241;0.039110;285;0.039677;0.061141;0.082086;0.110969;0.137719
72500;72.5;0.086337;0.204819;0.039049;285;0.039365;0.061136;0.080851;0.109086;0.138489
72600;72.6;0.086077;0.204598;0.038894;285;0.039238;0.061128;0.080767;0.108900;0.137043
72700;72.7;0.085954;0.204419;0.038650;284;0.039829;0.060679;0.081176;0.111338;0.136179
72800;72.8;0.085684;0.204073;0.038432;284;0.039707;0.060693;0.081072;0.110918;0.134233
72900;72.9;0.085555;0.204141;0.038114;285;0.039922;0.060477;0.081638;0.110509;0.134258
73000;73;0.085288;0.203794;0.037909;285;0.039852;0.060920;0.081537;0.108864;0.134252
73100;73.1;0.085009;0.203529;0.037723;285;0.039838;0.060725;0.081350;0.109347;0.133449
73200;73.2;0.084772;0.203208;0.037547;285;0.039713;0.060757;0.080810;0.108189;0.133066
73300;73.3;0.084559;0.202881;0.037411;285;0.039643;0.061122;0.081236;0.107511;0.132620
73400;73.4;0.084354;0.202631;0.037335;285;0.039985;0.061093;0.081324;0.106237;0.132324
73500;73.5;0.084164;0.202307;0.037311;285;0.039883;0.060792;0.081399;0.105183;0.132807
73600;73.6;0.083968;0.202035;0.037319;285;0.039731;0.060102;0.080260;0.104786;0.133048
73700;73.7;0.083958;0.201542;0.037276;284;0.040121;0.059622;0.080599;0.105677;0.133755
73800;73.8;0.083801;0.201291;0.037315;284;0.039295;0.059249;0.080074;0.106309;0.132909
73900;73.9;0.083664;0.201062;0.037429;284;0.039004;0.058322;0.079515;0.106995;0.133517
74000;74;0.083546;0.200769;0.037551;284;0.039148;0.058498;0.079168;0.105816;0.134327
74100;74.1;0.083462;0.200480;0.037703;284;0.038956;0.058616;0.079272;0.106151;0.133665
74200;74.2;0.083711;0.199867;0.037664;283;0.038763;0.058830;0.080477;0.106934;0.132319
74300;74.3;0.083747;0.199586;0.037900;283;0.039404;0.058335;0.080498;0.106239;0.133738
74400;74.4;0.083814;0.199239;0.038076;283;0.038759;0.057904;0.080685;0.106258;0.136070
74500;74.5;0.083909;0.198993;0.038203;283;0.038810;0.058074;0.081443;0.106325;0.136341
74600;74.6;0.083976;0.198789;0.038335;283;0.038235;0.057526;0.081745;0.106540;0.135607
74700;74.7;0.084023;0.198534;0.038456;283;0.037800;0.056978;0.081537;0.106195;0.134435
74800;74.8;0.084041;0.198176;0.038493;283;0.037214;0.057400;0.081899;0.104946;0.135467
74900;74.9;0.083989;0.197991;0.038486;283;0.036973;0.057941;0.080339;0.104942;0.136652
75000;75;0.083858;0.197751;0.038461;283;0.036990;0.057885;0.079146;0.104983;0.137553
75100;75.1;0.083706;0.197429;0.038434;283;0.036120;0.057829;0.079138;0.105025;0.137534
75200;75.2;0.083538;0.197156;0.038357;283;0.035797;0.057774;0.079831;0.104355;0.137224
75300;75.3;0.083402;0.196883;0.038390;283;0.035473;0.057718;0.079540;0.103621;0.135702
75400;75.4;0.083250;0.196574;0.038390;283;0.035220;0.057323;0.080063;0.103159;0.135480
75500;75.5;0.083162;0.196250;0.038435;283;0.035808;0.057318;0.080091;0.104461;0.133659
75600;75.6;0.083021;0.195992;0.038474;283;0.034863;0.057551;0.079741;0.103477;0.133524
75700;75.7;0.082841;0.195663;0.038523;283;0.034695;0.058530;0.079071;0.104012;0.133322
75800;75.8;0.082675;0.195421;0.038581;283;0.034527;0.058657;0.079323;0.102842;0.131978
75900;75.9;0.082824;0.195323;0.038510;282;0.035596;0.058785;0.079599;0.102344;0.132591
76000;76;0.082908;0.195138;0.038543;281;0.034808;0.058305;0.079341;0.100646;0.133259
76100;76.1;0.082745;0.194885;0.038594;281;0.036042;0.058372;0.080176;0.100478;0.131230
76200;76.2;0.082658;0.194535;0.038822;281;0.037582;0.057783;0.080086;0.100227;0.131568
76300;76.3;0.082595;0.194209;0.039083;281;0.037703;0.058262;0.079695;0.101127;0.131408
76400;76.4;0.082536;0.193984;0.039402;281;0.037823;0.057631;0.080154;0.100465;0.130744
76500;76.5;0.082467;0.193704;0.039722;281;0.037944;0.057957;0.079642;0.100723;0.129610
76600;76.6;0.082389;0.193391;0.039985;281;0.036764;0.057499;0.079440;0.101442;0.128614
76700;76.7;0.082261;0.193191;0.040067;281;0.036395;0.056675;0.079332;0.101208;0.127837
76800;76.8;0.082335;0.192971;0.040053;280;0.036509;0.056820;0.079595;0.100996;0.127038
76900;76.9;0.082180;0.192780;0.040105;280;0.035905;0.056926;0.079433;0.100903;0.126200
77000;77;0.082022;0.192490;0.040135;280;0.034102;0.056548;0.078845;0.100143;0.126728
77100;77.1;0.081883;0.192261;0.040053;280;0.035047;0.056840;0.078468;0.099251;0.126605
77200;77.2;0.081635;0.192309;0.040096;280;0.035679;0.057172;0.078754;0.099417;0.127241
77300;77.3;0.081474;0.192130;0.040017;280;0.035274;0.056156;0.078631;0.098770;0.128759
77400;77.4;0.081330;0.191911;0.039898;280;0.035394;0.056970;0.078232;0.099043;0.129778
77500;77.5;0.081166;0.191484;0.039747;279;0.034698;0.057428;0.078658;0.098674;0.129386
77600;77.6;0.081339;0.191304;0.039449;277;0.036173;0.057996;0.078607;0.099052;0.129171
77700;77.7;0.081180;0.191061;0.039248;277;0.035859;0.057877;0.079057;0.099445;0.129446
77800;77.8;0.080989;0.190809;0.039046;277;0.035760;0.057636;0.078790;0.098771;0.128918
77900;77.9;0.080802;0.190637;0.038827;277;0.035820;0.057441;0.078330;0.097585;0.129928
78000;78;0.080618;0.190313;0.038719;277;0.035566;0.057245;0.078231;0.097133;0.128149
78100;78.1;0.080503;0.190048;0.038673;277;0.036439;0.057049;0.077507;0.096935;0.127862
78200;78.2;0.080696;0.189947;0.038467;276;0.037850;0.056853;0.077512;0.096706;0.127574
78300;78.3;0.080645;0.189658;0.038496;276;0.037789;0.056657;0.077729;0.096975;0.127553
78400;78.4;0.080619;0.189448;0.038651;276;0.036616;0.057150;0.077966;0.097422;0.127545
78500;78.5;0.080569;0.189208;0.038713;276;0.036157;0.057022;0.077877;0.096959;0.127538
78600;78.6;0.080555;0.188990;0.038771;276;0.037067;0.057033;0.077335;0.096742;0.127701
78700;78.7;0.080537;0.188634;0.038853;276;0.036902;0.057182;0.077362;0.096604;0.128043
78800;78.8;0.080529;0.188480;0.038917;276;0.037915;0.057524;0.078114;0.096261;0.127836
78900;78.9;0.080544;0.188207;0.038982;276;0.036825;0.058332;0.078223;0.096416;0.126706
79000;79;0.080493;0.188070;0.039048;276;0.037581;0.058236;0.077909;0.096528;0.125664
79100;79.1;0.080386;0.187828;0.038952;276;0.038599;0.058499;0.077667;0.096698;0.124623
79200;79.2;0.080221;0.187589;0.038878;276;0.038839;0.058753;0.077243;0.096771;0.124748
79300;79.3;0.080092;0.186984;0.038905;275;0.039080;0.058475;0.077079;0.096652;0.125755
79400;79.4;0.079900;0.186883;0.038884;276;0.038278;0.055642;0.076153;0.096196;0.127001
79500;79.5;0.080096;0.186624;0.038812;274;0.038460;0.058295;0.075991;0.097534;0.126352
79600;79.6;0.079934;0.186302;0.038819;274;0.038365;0.057642;0.076203;0.097647;0.126955
79700;79.7;0.079740;0.186123;0.038813;274;0.038485;0.057447;0.075640;0.097768;0.126405
79800;79.8;0.079827;0.185566;0.038422;273;0.038314;0.057953;0.075338;0.096582;0.126750
79900;79.9;0.079574;0.185326;0.038099;273;0.039042;0.057517;0.075196;0.096491;0.126821
80000;80;0.079328;0.184983;0.037816;273;0.039121;0.058109;0.075490;0.095301;0.125286
80100;80.1;0.079135;0.184786;0.037559;273;0.038998;0.058306;0.075378;0.095552;0.127605
80200;80.2;0.079051;0.184592;0.037374;273;0.039156;0.058158;0.075116;0.095341;0.127837
80300;80.3;0.079010;0.184360;0.037344;273;0.039129;0.057484;0.074535;0.095932;0.126511
80400;80.4;0.078953;0.184120;0.037367;273;0.040003;0.056872;0.074665;0.095445;0.125045
80500;80.5;0.078856;0.183944;0.037261;273;0.039056;0.056989;0.075833;0.095654;0.123858
80600;80.6;0.078802;0.183782;0.037145;273;0.038527;0.057247;0.075431;0.095844;0.122532
80700;80.7;0.078792;0.183437;0.037101;273;0.038402;0.056737;0.075746;0.095990;0.121206
80800;80.8;0.078738;0.183163;0.037132;273;0.037664;0.056563;0.074751;0.096224;0.120583
80900;80.9;0.078656;0.182923;0.037186;273;0.038153;0.055809;0.074898;0.096414;0.120576
81000;81;0.078513;0.182705;0.037262;273;0.038029;0.054949;0.074524;0.096700;0.120569
81100;81.1;0.078341;0.182499;0.037341;273;0.037734;0.055084;0.074425;0.097041;0.121689
81200;81.2;0.078146;0.182093;0.037170;272;0.037235;0.054961;0.074609;0.096057;0.122035
81300;81.3;0.077924;0.181816;0.036924;272;0.036508;0.055319;0.074812;0.096190;0.121799
81400;81.4;0.077708;0.181654;0.036681;272;0.037320;0.055440;0.074905;0.095812;0.121373
81500;81.5;0.077512;0.181465;0.036497;272;0.037783;0.054876;0.074434;0.096955;0.121174
81600;81.6;0.077274;0.181239;0.036342;272;0.034991;0.054821;0.074476;0.096609;0.120678
81700;81.7;0.076942;0.180943;0.036160;273;0.036600;0.053987;0.074189;0.096505;0.120520
81800;81.8;0.076681;0.180722;0.036038;273;0.036574;0.053700;0.073599;0.094904;0.121229
81900;81.9;0.076437;0.180530;0.035920;273;0.036894;0.053474;0.074082;0.094256;0.121586
82000;82;0.076216;0.180247;0.035783;273;0.037226;0.053531;0.073647;0.095071;0.122113
82100;82.1;0.076054;0.180054;0.035672;273;0.038018;0.053043;0.073279;0.094925;0.121561
82200;82.2;0.076115;0.179936;0.035424;272;0.038810;0.053293;0.072736;0.095320;0.119619
82300;82.3;0.076061;0.179242;0.035307;271;0.038471;0.053285;0.073322;0.095836;0.118753
82400;82.4;0.075838;0.178997;0.035219;271;0.037973;0.053186;0.073021;0.095936;0.118197
82500;82.5;0.075617;0.178744;0.035120;271;0.037295;0.052783;0.072575;0.095820;0.117642
82600;82.6;0.075413;0.178495;0.035043;271;0.036828;0.053156;0.072596;0.095716;0.117086
82700;82.7;0.075254;0.178244;0.035011;271;0.036129;0.052986;0.072171;0.094623;0.117627
82800;82.8;0.075074;0.178051;0.035022;271;0.035134;0.053525;0.071538;0.092390;0.117368
82900;82.9;0.075053;0.177537;0.034992;270;0.033824;0.054248;0.071165;0.092438;0.115917
83000;83;0.074903;0.177369;0.034974;270;0.034492;0.054650;0.071257;0.091893;0.115686
83100;83.1;0.074749;0.177162;0.034957;270;0.033892;0.053213;0.071368;0.092173;0.116843
83200;83.2;0.074582;0.176958;0.034979;270;0.032939;0.051587;0.071593;0.092131;0.117374
83300;83.3;0.074457;0.176606;0.035064;269;0.032310;0.053283;0.071483;0.092798;0.118695
83400;83.4;0.074220;0.176395;0.034948;269;0.032492;0.052764;0.071515;0.093138;0.120050
83500;83.5;0.073960;0.176146;0.034620;269;0.032674;0.052128;0.071313;0.093110;0.118746
83600;83.6;0.073665;0.175947;0.034273;269;0.032856;0.052060;0.071845;0.093148;0.117441
83700;83.7;0.073435;0.175617;0.033955;269;0.033027;0.051279;0.071615;0.092721;0.116608
83800;83.8;0.073209;0.175444;0.033636;269;0.033906;0.051118;0.071865;0.092138;0.117871
83900;83.9;0.073030;0.175188;0.033402;269;0.034075;0.051343;0.072283;0.091546;0.117746
84000;84;0.072870;0.174948;0.033195;269;0.034878;0.050755;0.072610;0.091326;0.116988
84100;84.1;0.072776;0.174786;0.033070;269;0.035488;0.050831;0.072274;0.090753;0.116230
84200;84.2;0.072712;0.174629;0.032978;269;0.035082;0.050853;0.071203;0.090859;0.115473
84300;84.3;0.072640;0.174375;0.032928;269;0.034132;0.050500;0.071420;0.089866;0.114625
84400;84.4;0.072627;0.174218;0.033022;269;0.034290;0.050034;0.072349;0.090053;0.113746
84500;84.5;0.072646;0.173995;0.033153;269;0.033747;0.049635;0.072254;0.090240;0.114223
84600;84.6;0.072633;0.173752;0.033237;269;0.033291;0.049723;0.071960;0.090428;0.114022
84700;84.7;0.072596;0.173603;0.033291;269;0.033859;0.049671;0.072013;0.091095;0.113821
84800;84.8;0.072538;0.173397;0.033370;269;0.033682;0.049908;0.071706;0.091035;0.113619
84900;84.9;0.072668;0.172752;0.033278;268;0.034169;0.049843;0.071488;0.090894;0.114454
85000;85;0.072511;0.172557;0.033233;268;0.034512;0.049051;0.071093;0.091176;0.115721
85100;85.1;0.072339;0.172309;0.033176;268;0.035802;0.049197;0.070449;0.091295;0.116989
85200;85.2;0.072183;0.172092;0.033107;268;0.035825;0.048791;0.070086;0.090771;0.116220
85300;85.3;0.072021;0.171887;0.032969;268;0.036297;0.048493;0.070328;0.091197;0.117802
85400;85.4;0.071892;0.171663;0.032880;268;0.036931;0.048480;0.070119;0.090710;0.118859
85500;85.5;0.071759;0.171453;0.032800;268;0.036904;0.048325;0.069423;0.089580;0.116734
85600;85.6;0.071630;0.171291;0.032754;268;0.035703;0.048169;0.069707;0.088894;0.114168
85700;85.7;0.071519;0.171105;0.032731;268;0.035950;0.048241;0.070326;0.089050;0.113632
85800;85.8;0.071447;0.170911;0.032754;268;0.036327;0.048346;0.070400;0.089850;0.113943
85900;85.9;0.071447;0.170698;0.032815;268;0.036079;0.048836;0.070297;0.089835;0.114255
86000;86;0.071524;0.170463;0.032905;268;0.035757;0.048679;0.070245;0.090321;0.114978
86100;86.1;0.071670;0.170120;0.033076;267;0.035435;0.048523;0.070102;0.090523;0.115838
86200;86.2;0.071799;0.169865;0.033293;267;0.035342;0.048291;0.070063;0.091246;0.117238
86300;86.3;0.071919;0.169665;0.033520;267;0.035183;0.047818;0.070910;0.090961;0.119570
86400;86.4;0.071866;0.169645;0.033665;268;0.035241;0.047797;0.069244;0.090035;0.121200
86500;86.5;0.071907;0.169504;0.033814;268;0.035139;0.047780;0.069389;0.090556;0.121159
86600;86.6;0.071889;0.169263;0.033902;268;0.035175;0.047700;0.069217;0.090617;0.120871
86700;86.7;0.071765;0.169070;0.033913;268;0.034501;0.047583;0.068760;0.090415;0.119748
86800;86.8;0.071592;0.168883;0.033939;268;0.033724;0.046822;0.068331;0.090349;0.120176
86900;86.9;0.071377;0.168656;0.033899;268;0.032310;0.047118;0.068475;0.089243;0.120006
87000;87;0.071189;0.168529;0.033863;268;0.033057;0.047136;0.068240;0.089879;0.118454
87100;87.1;0.070995;0.168329;0.033807;268;0.034041;0.047150;0.068133;0.089250;0.118884
87200;87.2;0.070808;0.168127;0.033685;268;0.033142;0.046643;0.067632;0.089020;0.117763
87300;87.3;0.070664;0.167939;0.033576;268;0.032889;0.046773;0.067710;0.089421;0.117513
87400;87.4;0.070548;0.167686;0.033480;268;0.031292;0.047097;0.068146;0.088613;0.117728
87500;87.5;0.070421;0.167493;0.033357;268;0.032206;0.046570;0.069433;0.089130;0.116587
87600;87.6;0.070303;0.167346;0.033208;268;0.033082;0.046296;0.069328;0.089586;0.116381
87700;87.7;0.070194;0.167140;0.033047;268;0.033255;0.046191;0.068647;0.089565;0.116513
87800;87.8;0.070096;0.166958;0.032927;268;0.033053;0.046156;0.068521;0.089646;0.116692
87900;87.9;0.069768;0.166675;0.032964;269;0.031777;0.046519;0.068695;0.089392;0.116871
88000;88;0.069684;0.166442;0.032855;269;0.032190;0.046407;0.068397;0.089637;0.115226
88100;88.1;0.069598;0.166282;0.032747;269;0.032901;0.046138;0.067702;0.089677;0.114184
88200;88.2;0.069510;0.166130;0.032673;269;0.032288;0.046255;0.067367;0.089243;0.114251
88300;88.3;0.069616;0.166033;0.032500;268;0.032097;0.046399;0.066925;0.089524;0.114448
88400;88.4;0.069649;0.165679;0.032325;267;0.031906;0.046221;0.066770;0.090547;0.114517
88500;88.5;0.069344;0.165073;0.032214;266;0.031440;0.046660;0.066479;0.090097;0.114812
88600;88.6;0.069169;0.164886;0.032120;266;0.031035;0.046826;0.066071;0.090957;0.113748
88700;88.7;0.068977;0.164666;0.032068;266;0.031033;0.046337;0.065373;0.089950;0.113163
88800;88.8;0.068782;0.164506;0.032008;266;0.031282;0.045682;0.065996;0.089885;0.113948
88900;88.9;0.068603;0.164335;0.031900;266;0.030887;0.046133;0.066093;0.089223;0.115119
89000;89;0.068751;0.164260;0.031689;265;0.033322;0.045963;0.066516;0.088649;0.115441
89100;89.1;0.068725;0.164054;0.031650;265;0.033364;0.046042;0.067107;0.088193;0.116428
89200;89.2;0.068654;0.163845;0.031626;265;0.032649;0.045529;0.067035;0.088317;0.112779
89300;89.3;0.068499;0.163687;0.031580;265;0.032307;0.045756;0.067947;0.089039;0.112967
89400;89.4;0.068335;0.163536;0.031575;265;0.032173;0.045745;0.068209;0.088945;0.113154
89500;89.5;0.068184;0.163268;0.031631;265;0.031953;0.045417;0.067057;0.088854;0.113342
89600;89.6;0.068045;0.163081;0.031728;265;0.031180;0.045313;0.066719;0.088580;0.113298
89700;89.7;0.068057;0.162952;0.031843;266;0.030130;0.045442;0.065071;0.088748;0.113559
89800;89.8;0.067961;0.162780;0.032028;266;0.030553;0.045215;0.064558;0.088880;0.113905
89900;89.9;0.067847;0.162588;0.032252;266;0.029560;0.044962;0.063865;0.088138;0.113474
90000;90;0.067719;0.162449;0.032494;266;0.029599;0.045019;0.063111;0.087854;0.112840
90100;90.1;0.067812;0.162304;0.032602;265;0.029148;0.044781;0.063472;0.087514;0.112671
90200;90.2;0.067741;0.162107;0.032853;265;0.029262;0.044405;0.063197;0.087864;0.111687
90300;90.3;0.067718;0.161905;0.033153;265;0.028848;0.043876;0.062917;0.088260;0.112721
90400;90.4;0.067762;0.161756;0.033410;264;0.028713;0.043630;0.062853;0.087381;0.112419
90500;90.5;0.067703;0.161618;0.033635;264;0.028117;0.043243;0.063142;0.088025;0.111711
90600;90.6;0.067643;0.161454;0.033787;264;0.027914;0.043556;0.063556;0.087959;0.113153
90700;90.7;0.067477;0.161083;0.033885;265;0.027421;0.043666;0.063714;0.087899;0.112228
90800;90.8;0.067440;0.160893;0.033955;265;0.027869;0.043318;0.064094;0.087427;0.111250
90900;90.9;0.067643;0.160973;0.033889;264;0.031164;0.043675;0.064324;0.087030;0.110272
91000;91;0.067847;0.160806;0.033922;262;0.031538;0.043772;0.064610;0.086858;0.109295
91100;91.1;0.067811;0.160668;0.034091;262;0.031074;0.043615;0.064873;0.086361;0.111404
91200;91.2;0.067704;0.160470;0.034100;262;0.030409;0.043360;0.065183;0.086446;0.112337
91300;91.3;0.067609;0.160260;0.034130;262;0.030145;0.043132;0.065195;0.086810;0.111911
91400;91.4;0.067464;0.160086;0.034186;262;0.029875;0.042964;0.064910;0.088115;0.111238
91500;91.5;0.067319;0.159868;0.034168;262;0.030145;0.042368;0.063776;0.088720;0.110566
91600;91.6;0.067141;0.159718;0.034106;262;0.030340;0.042041;0.063655;0.087919;0.109893
91700;91.7;0.066743;0.159329;0.034232;263;0.029625;0.041399;0.063171;0.086905;0.109221
91800;91.8;0.066564;0.159204;0.034233;263;0.028728;0.040835;0.062911;0.087782;0.108548
91900;91.9;0.066439;0.159019;0.034237;263;0.028925;0.040990;0.062625;0.087351;0.108590
92000;92;0.066303;0.158815;0.034210;263;0.028772;0.041063;0.062689;0.086919;0.108226
92100;92.1;0.066377;0.158857;0.034022;262;0.028886;0.041533;0.062353;0.086983;0.107550
92200;92.2;0.066216;0.158727;0.033956;262;0.029233;0.041291;0.062125;0.086659;0.107639
92300;92.3;0.066062;0.158541;0.033878;262;0.028931;0.041405;0.061786;0.087129;0.107735
92400;92.4;0.065904;0.158335;0.033782;262;0.028603;0.041295;0.061009;0.085858;0.107830
92500;92.5;0.065752;0.158196;0.033678;262;0.028153;0.040769;0.060476;0.084762;0.107370
92600;92.6;0.065585;0.157995;0.033608;262;0.028379;0.039916;0.060338;0.084755;0.106449
92700;92.7;0.065383;0.157791;0.033518;262;0.028394;0.040072;0.060378;0.084632;0.107388
92800;92.8;0.065321;0.157907;0.033443;263;0.029259;0.041176;0.060659;0.085659;0.109296
92900;92.9;0.065110;0.157722;0.033366;263;0.028411;0.041943;0.059756;0.086547;0.108548
93000;93;0.065063;0.157496;0.033174;262;0.029279;0.040324;0.059528;0.085989;0.109031
93100;93.1;0.064868;0.157296;0.033008;262;0.028549;0.040801;0.060287;0.086005;0.107062
93200;93.2;0.064688;0.157139;0.032824;262;0.028800;0.040856;0.060235;0.085400;0.105304
93300;93.3;0.064482;0.156978;0.032637;262;0.029051;0.040928;0.059444;0.084027;0.104495
93400;93.4;0.064256;0.156798;0.032501;262;0.029301;0.040814;0.059165;0.083944;0.104671
93500;93.5;0.063784;0.156577;0.032578;263;0.026645;0.041304;0.058650;0.083963;0.105219
93600;93.6;0.063546;0.156382;0.032494;263;0.026201;0.041602;0.058565;0.083879;0.107086
93700;93.7;0.063346;0.156229;0.032427;263;0.026693;0.041244;0.058611;0.083255;0.108293
93800;93.8;0.063182;0.156059;0.032355;263;0.027679;0.040635;0.059450;0.083934;0.108812
93900;93.9;0.063064;0.155913;0.032323;263;0.026946;0.040245;0.059546;0.084106;0.107551
94000;94;0.062950;0.155728;0.032318;263;0.027067;0.039774;0.059207;0.084057;0.106541
94100;94.1;0.062837;0.155554;0.032353;263;0.026619;0.040000;0.059957;0.083230;0.105530
94200;94.2;0.062972;0.155365;0.032200;262;0.027430;0.039794;0.059970;0.083070;0.104526
94300;94.3;0.062891;0.155167;0.032177;262;0.027200;0.038907;0.059244;0.083116;0.104907
94400;94.4;0.062793;0.155017;0.032039;262;0.027295;0.038935;0.058942;0.083267;0.105691
94500;94.5;0.062671;0.154858;0.031920;262;0.027192;0.038767;0.058610;0.082610;0.106197
94600;94.6;0.062740;0.154509;0.031593;261;0.028480;0.038735;0.058444;0.082171;0.106202
94700;94.7;0.062548;0.154351;0.031381;261;0.027828;0.038765;0.058397;0.081977;0.104928
94800;94.8;0.062374;0.154164;0.031200;261;0.027851;0.039089;0.058192;0.082516;0.104341
94900;94.9;0.062216;0.154035;0.031081;261;0.027197;0.039221;0.057584;0.082412;0.104858
95000;95;0.062095;0.153903;0.030983;261;0.027375;0.039903;0.057685;0.082274;0.104671
95100;95.1;0.061965;0.153749;0.030906;261;0.026501;0.039699;0.058016;0.081851;0.103896
95200;95.2;0.061849;0.153564;0.030915;261;0.026305;0.040242;0.058145;0.081423;0.104299
95300;95.3;0.062028;0.153283;0.030902;260;0.026110;0.039938;0.058603;0.081051;0.104529
95400;95.4;0.062046;0.152731;0.031022;259;0.026263;0.039237;0.058997;0.080863;0.104043
95500;95.5;0.062073;0.152509;0.031060;259;0.026571;0.039718;0.059427;0.080588;0.104010
95600;95.6;0.062094;0.152331;0.031102;259;0.026431;0.039215;0.060182;0.080854;0.103484
95700;95.7;0.062167;0.152023;0.031000;258;0.026150;0.038961;0.059948;0.081021;0.103047
95800;95.8;0.062107;0.151837;0.030848;258;0.026681;0.039006;0.060358;0.081188;0.102611
95900;95.9;0.062109;0.151699;0.030746;258;0.027402;0.039006;0.060769;0.081478;0.101587
96000;96;0.062055;0.151558;0.030619;258;0.027170;0.038512;0.061173;0.081522;0.101710
96100;96.1;0.061993;0.151374;0.030551;258;0.027685;0.038333;0.061360;0.081689;0.102096
96200;96.2;0.061935;0.151253;0.030608;258;0.027570;0.037997;0.061092;0.081184;0.101324
96300;96.3;0.061845;0.151136;0.030698;258;0.026890;0.037371;0.060774;0.080454;0.101298
96400;96.4;0.061699;0.150999;0.030682;258;0.025865;0.037222;0.060315;0.079960;0.101988
96500;96.5;0.061355;0.150924;0.030796;259;0.024957;0.037431;0.060319;0.079580;0.102637
96600;96.6;0.061193;0.150710;0.030626;259;0.024688;0.037296;0.059601;0.079398;0.102504
96700;96.7;0.061065;0.150528;0.030430;259;0.024280;0.037421;0.059392;0.078895;0.102233
96800;96.8;0.060941;0.150368;0.030316;259;0.024454;0.038091;0.059426;0.078710;0.102910
96900;96.9;0.060811;0.150196;0.030291;259;0.024428;0.037680;0.059514;0.078176;0.102719
97000;97;0.060682;0.150025;0.030250;259;0.025207;0.037860;0.059493;0.077742;0.101929
97100;97.1;0.060547;0.149838;0.030173;259;0.025200;0.037526;0.059308;0.077486;0.101787
97200;97.2;0.060420;0.149725;0.030143;259;0.024451;0.037633;0.058978;0.077780;0.102130
97300;97.3;0.060338;0.149581;0.030092;259;0.024194;0.037692;0.058705;0.077046;0.101223
97400;97.4;0.060168;0.149440;0.030076;259;0.023884;0.037750;0.058163;0.078350;0.101687
97500;97.5;0.060157;0.149232;0.029928;258;0.024367;0.038098;0.057669;0.078316;0.101105
97600;97.6;0.059940;0.149072;0.029903;258;0.024874;0.038468;0.057499;0.078647;0.100676
97700;97.7;0.059704;0.148981;0.029840;258;0.024566;0.038483;0.057133;0.077713;0.100226
97800;97.8;0.059569;0.148546;0.029757;257;0.025259;0.038607;0.057307;0.078107;0.100282
97900;97.9;0.059398;0.148385;0.029619;257;0.024532;0.038600;0.056702;0.077872;0.098812
98000;98;0.059221;0.148181;0.029475;257;0.024595;0.038543;0.056415;0.077587;0.097440
98100;98.1;0.059073;0.148006;0.029334;257;0.024780;0.038487;0.056560;0.077348;0.098224
98200;98.2;0.058932;0.147858;0.029202;257;0.025130;0.038556;0.056048;0.076716;0.099008
98300;98.3;0.058831;0.147735;0.029126;256;0.024188;0.038374;0.055925;0.076025;0.098746
98400;98.4;0.058605;0.147998;0.028982;257;0.024588;0.038812;0.055629;0.075172;0.098144
98500;98.5;0.058437;0.147824;0.028924;257;0.024938;0.039046;0.055679;0.074883;0.098928
98600;98.6;0.058241;0.147675;0.028863;257;0.025380;0.039483;0.055556;0.074540;0.099877
98700;98.7;0.058091;0.147494;0.028805;257;0.025790;0.039825;0.055433;0.074371;0.099945
98800;98.8;0.057971;0.147355;0.028737;257;0.026142;0.039433;0.055310;0.074154;0.099105
98900;98.9;0.057890;0.147199;0.028682;257;0.025619;0.038818;0.055187;0.073890;0.098018
99000;99;0.057929;0.146953;0.028586;256;0.025389;0.038932;0.055059;0.073766;0.097200
99100;99.1;0.057804;0.146807;0.028537;256;0.025121;0.039079;0.054940;0.073686;0.096554
99200;99.2;0.057693;0.146651;0.028536;256;0.024853;0.038535;0.054791;0.073388;0.096811
99300;99.3;0.057859;0.146575;0.028385;255;0.024783;0.037991;0.054671;0.073050;0.096614
99400;99.4;0.057808;0.146421;0.028449;255;0.025047;0.038034;0.054354;0.072965;0.096645
99500;99.5;0.057829;0.146224;0.028557;255;0.025160;0.038436;0.054429;0.072930;0.096340
99600;99.6;0.057900;0.146077;0.028649;255;0.024900;0.038479;0.054929;0.073811;0.096709
99700;99.7;0.058162;0.146106;0.028495;255;0.025628;0.038399;0.055007;0.074074;0.096457
99800;99.8;0.058171;0.145976;0.028537;255;0.025821;0.038658;0.054998;0.073821;0.095897
99900;99.9;0.058254;0.145435;0.028627;254;0.026045;0.038916;0.055607;0.074763;0.095337
100000;100;0.058314;0.145308;0.028731;254;0.026779;0.038784;0.055666;0.074711;0.095348
