citynumber;cityfile;country;LU_k_fact;POP_l_fact;;;totpop;lostpop;totsurf(km2);totgreen(km2);%greensurf;totforest(km2);%forestsurf;totwater(km2);%watersurf
1;be001l_bruxelles;BE;2.567915858;1.875227052;389420.8594;11.68262578;1827727.186;34288.828;1623.9648;41.234;2.539094;98.904217;6.090293;5.246618;0.323075
2;be002l_antwerpen;BE;3.622757721;2.358809458;276032.8118;8.280984353;918320.6888;28474.3432;944.4116;19.3168;2.045379;61.170024;6.477051;23.592801;2.498148
3;be003l_gent;BE;5.460117077;3.100758694;183146.256;5.49438768;404267.6966;18713.0868;539.9032;8.8936;1.647258;12.354607;2.2883;8.622411;1.597029
4;be006l_brugge;BE;8.570227053;4.18788633;116683.023;3.500490689;164092.3347;6815.5888;412.2856;3.464;0.840194;13.408805;3.25231;7.6596;1.857838
5;be004l_charleroi;BE;5.590327156;3.149861679;178880.4076;5.366412227;385654.5871;11984.622;619.2076;7.5584;1.220657;45.213603;7.301849;1.4284;0.230682
6;be005l_liege;BE;4.380072693;2.677036004;228306.7132;6.849201395;628217.9098;5782.1728;1055.9648;9.7636;0.924614;100.364203;9.504503;6.498609;0.615419
7;be007l_namur;BE;9.299591791;4.422242869;107531.6017;3.22594805;139362.2595;12394.516;397.4348;5.1324;1.291382;47.91482;12.05602;1.797612;0.452304
8;fr009c_lille;FR;3.323275877;2.226952378;300907.9104;9.027237312;1091289.96;21863.2688;612.7912;11.5632;1.886972;4.574386;0.746484;2.895399;0.472494
9;fr010l_montpellier;FR;5.20862845;3.004800106;191989.1214;5.759673643;444248.7274;6617.0572;591.1548;9.2524;1.56514;30.109028;5.093256;29.22957;4.944487
10;fr012l_le_havre;FR;6.534054326;3.495064225;153044.3351;4.591330053;282297.7833;3067.8516;641.0976;9.2404;1.441341;14.012408;2.18569;8.907798;1.38946
11;fr017l_metz;FR;5.289777784;3.035929057;189043.858;5.671315739;430723.03;7274.4924;1838.9912;9.4392;0.513281;200.001793;10.875625;11.805449;0.641952
12;fr032l_toulon;FR;5.583422993;3.147267718;179101.6015;5.373048046;386608.9366;7420.6476;334.9976;9.6216;2.87214;25.199986;7.522438;2.151417;0.642219
13;fr203c_marseille;FR;3.462619344;2.288775349;288798.7101;8.663961303;1005225.387;18193.3312;605.9436;17.986;2.968263;31.213389;5.151204;5.038199;0.831463
14;fr205c_nice;FR;4.959026021;2.908021355;201652.5011;6.049575032;490094.8916;7657.7684;329.2396;4.3612;1.324628;57.025993;17.320515;0.913597;0.277487
15;fr207c_lens_lievin;FR;7.081802835;3.687759192;141206.9812;4.236209437;240317.4391;20133.7524;239.7836;8.3352;3.476134;8.149803;3.398816;0.729196;0.304106
16;fr016l_nancy;FR;5.438108642;3.092420805;183887.4627;5.516623881;407546.5216;12110.318;1835.8888;9.7988;0.533736;288.593221;15.719537;14.191368;0.772997
17;fr022l_clermont-ferrand;FR;5.365229315;3.064729809;186385.3232;5.591559697;418693.6481;12320.0372;1818.9412;9.682;0.532288;207.515554;11.408591;4.734976;0.260315
18;fr006l_strasbourg;FR;4.365004801;2.670892963;229094.8225;6.872844675;632562.5822;23393.918;1368.9452;7.992;0.583807;119.815627;8.752405;19.811801;1.447231
19;fr008l_nantes;FR;3.999001778;2.519422856;250062.4044;7.501872133;753650.0902;13548.8572;2307.44;25.4836;1.10441;71.693587;3.107062;32.539449;1.410197
20;fr011c_saint_etienne;FR;5.707326524;3.193658537;175213.3851;5.256401552;370004.9296;8563.5924;570.9704;7.2712;1.273481;75.818596;13.278901;1.700813;0.297881
21;fr014l_amiens;FR;6.719224319;3.560787801;148826.7027;4.46480108;266952.9164;3986.9584;1769.0768;5.4548;0.308342;112.170595;6.340629;10.047795;0.567968
22;fr018l_reims;FR;6.443980495;3.462869656;155183.5858;4.655507574;290244.8454;3139.7016;1793.5388;5.4812;0.305608;127.405766;7.103597;3.569771;0.199035
23;fr019l_orleans;FR;5.801717174;3.228774409;172362.7626;5.170882879;358063.327;9299.6708;2070.5324;14.2696;0.689175;361.051823;17.437632;18.69678;0.902994
24;fr026l_grenoble;FR;4.800791508;2.845827447;208298.9853;6.24896956;522934.4567;11523.2968;1601.2896;8.5808;0.535868;414.198612;25.866565;10.055988;0.627993
25;fr035l_tours;FR;5.598356976;3.152877218;178623.8363;5.358715089;384549.0784;7852.8544;1812.6992;11.9092;0.656987;224.11797;12.363771;11.754805;0.64847
26;fr202c_aix_en_provence;FR;5.885405313;3.25974968;169911.8322;5.097354966;347952.6882;46592.2028;1293.1948;4.8564;0.375535;113.846222;8.803486;4.464981;0.345267
27;fr013l_rennes;FR;4.644309366;2.783646573;215317.2671;6.459518012;558766.8949;19990.5472;2558.43;6.9292;0.270838;128.151232;5.008979;11.96301;0.467592
28;fr004l_toulouse;FR;3.326769604;2.228512887;300591.9012;9.017757035;1088999.049;15468.1676;4040.3808;11.8352;0.292923;208.643361;5.163953;23.504423;0.581738
29;fr020l_dijon;FR;6.039093671;3.316254436;165587.7611;4.967632833;330468.0047;9358.3388;2279.978;11.0772;0.485847;422.125831;18.514469;8.753412;0.383925
30;fr021l_poitiers;FR;7.363670418;3.78497395;135801.8411;4.074055233;222271.7484;8105.9636;1760.76;8.162;0.46355;162.551437;9.231891;2.781993;0.158
31;fr007l_bordeaux;FR;3.49031298;2.300962716;286507.2575;8.595217726;989336.8947;15561.7012;3890.8216;19.3704;0.497849;1070.837562;27.522145;37.589444;0.966106
32;fr025l_besancon;FR;7.224921382;3.73727811;138409.8106;4.152294318;230890.8373;7768.984;1668.6504;2.9248;0.175279;380.396396;22.79665;7.722828;0.462819
33;fr023l_caen;FR;5.659808472;3.175907342;176684.424;5.30053272;376243.911;3265.2888;1625.4056;5.9496;0.366038;54.44924;3.349886;3.578183;0.220141
34;fr027l_ajaccio;FR;11.95082845;5.227154558;83676.20738;2.510286221;84387.26764;1420.0392;1015.014;0.3776;0.037201;72.442804;7.137124;2.71018;0.267009
35;fr024l_limoges;FR;6.854992723;3.608593801;145879.0754;4.376372261;256483.2179;8414.7708;1836.1476;5.0884;0.277124;253.219412;13.790798;9.067423;0.493829
36;fr015l_rouen;FR;4.828759408;2.85686934;207092.5295;6.212775884;516894.3861;-1;1585.2528;9.8804;0.62327;153.434815;9.678886;12.391211;0.781655
37;fr001l_paris;FR;1.026347413;1.017488699;974328.9532;29.22986859;11441531.66;43275.1504;12068.5556;207.2748;1.717478;1388.319239;11.503607;68.551839;0.56802
38;fr003l_lyon;FR;2.647495216;1.913771676;377715.5078;11.33146524;1719501.591;18436.8768;3318.5244;26.4864;0.798138;292.854302;8.824835;39.469796;1.189378
39;at001l_wien;AT;2.311514159;1.748226525;432616.8611;12.97850583;2255692.179;22516.1268;4618.1968;59.2212;1.282345;585.989578;12.68871;35.823199;0.775697
40;at002l_graz;AT;5.61940935;3.160776442;177954.6457;5.338639372;381673.1512;12822.3684;1231.1268;3.6956;0.30018;331.550195;26.930629;3.469623;0.281825
41;at003l_linz;AT;4.757075509;2.828525055;210213.1863;6.306395588;532589.8188;21029.5244;1744.6656;11.3604;0.651151;183.418636;10.513111;16.684019;0.956287
42;at004l_salzburg;AT;5.984245761;3.296144789;167105.4365;5.013163095;336553.4976;10062.7568;1743.8896;6.61;0.379038;415.282164;23.813558;20.433965;1.171746
43;at005l_innsbruck;AT;6.608140755;3.521433759;151328.4957;4.539854872;276003.367;12309.544;2093.4952;1.688;0.080631;358.456202;17.12238;2.961802;0.141476
44;bg002l_plovdiv;BG;5.274141855;3.029943552;189604.3048;5.688129145;433280.6927;11087.9548;1226.7192;2.746;0.223849;188.135809;15.336502;3.988379;0.325126
45;bg003l_varna;BG;5.886915426;3.26030726;169868.2464;5.096047391;347774.1973;6372.0012;880.7476;5.0732;0.576011;122.946204;13.9593;12.228793;1.388456
46;bg004l_burgas;BG;7.553610173;3.849784137;132387.0278;3.971610834;211233.9956;9906.516;1396.0768;1.7132;0.122715;163.383596;11.703052;42.065399;3.013115
47;bg006l_ruse;BG;8.258054706;4.085562297;121093.8939;3.632816816;176732.9143;7421.7456;892.6128;2.1468;0.240507;60.067178;6.729366;9.307792;1.042758
48;bg007l_vidin;BG;13.42703893;5.649198459;74476.58457;2.234297537;66851.69977;1735.3536;517.5072;1.1368;0.219668;30.169199;5.829716;12.215579;2.360465
49;bg005l_pleven;BG;8.414638994;4.13704577;118840.5112;3.565215337;170216.6241;17928.9208;1791.9856;3.4504;0.192546;93.865637;5.23808;11.504402;0.641992
50;bg001l_sofia;BG;3.042889564;2.099862191;328634.9961;9.859049882;1301669.019;16129.0464;3419.6704;19.1076;0.558756;707.472889;20.688336;6.95639;0.203423
51;bg501c_starazagora;BG;9.342064765;4.435697447;107042.7176;3.211281527;138097.9407;3707.216;85.474;2.2704;2.656246;10.153599;11.879167;0.082999;0.097104
52;cy001l_lefkosia;CY;#DIV/0!;#DIV/0!;#DIV/0!;#DIV/0!;0;0;2712.3492;3.8468;0.141825;4.267613;0.15734;2.039018;0.075175
53;cz002l_brno;CZ;4.071154712;2.549637303;245630.5571;7.368916714;727172.9857;42393.0996;3300.6424;8.0044;0.24251;617.040555;18.694559;6.18961;0.187527
54;cz003l_ostrava;CZ;3.249481654;2.19386244;307741.3897;9.232241692;1141418.143;50682.4308;3885.9068;35.1896;0.90557;653.307521;16.812228;24.153717;0.621572
55;cz005l_usti_nad_labem;CZ;7.040067643;3.673256209;142044.0897;4.261322692;243175.2024;9365.5652;874.6448;5.4068;0.618171;183.696372;21.002397;5.639586;0.644786
56;cz006l_olomouc;CZ;7.323781956;3.771292962;136541.4762;4.096244287;224699.5165;15136.3172;1617.2176;2.6376;0.163095;271.234585;16.771681;3.208807;0.198415
57;cz007l_liberec;CZ;6.990260602;3.655910691;143056.183;4.291685491;246652.8945;10108.056;1328.958;8.1572;0.613804;346.05996;26.039947;2.535021;0.190753
58;cz009l_hradec_kralove;CZ;8.783347946;4.257030139;113851.803;3.41555409;156225.8065;8687.1192;875.9988;4.082;0.465982;77.380993;8.833459;4.261404;0.486462
59;cz010l_pardubice;CZ;8.760828133;4.249750566;114144.4604;3.424333812;157029.9993;15642.0108;890.9536;4.866;0.546156;116.248801;13.047683;7.637005;0.857172
60;cz011l_zlin;CZ;7.974208027;3.99139805;125404.303;3.762129091;189538.6695;13739.534;1032.0768;2.5048;0.242695;244.121203;23.653395;2.448187;0.23721
61;cz014l_jihlava;CZ;10.62894963;4.834225438;94082.67373;2.822480212;106682.271;3581.1668;1178.692;2.2876;0.19408;189.514814;16.0784;4.688592;0.397779
62;cz008l_ceske_budejovice;CZ;8.236491524;4.078447134;121410.9184;3.642327551;177659.5012;6480.2984;1624.5368;5.0556;0.311203;279.823371;17.22481;27.992404;1.723101
63;cz004l_plzen;CZ;5.891458472;3.261984406;169737.2569;5.092117706;347238.0499;8301.0144;3103.03;3.6596;0.117936;605.062852;19.499098;10.400104;0.33516
64;cz013l_karlovyvary;CZ;10.11612993;4.677454797;98852.03204;2.965560961;117772.5701;8142.8756;1621.3588;13.8748;0.855751;382.139795;23.569107;6.65103;0.410213
65;cz001l_praha;CZ;2.472706778;1.828584691;404415.1166;12.1324535;1971186.478;34235.1984;6974.5496;79.7808;1.143885;836.135958;11.988386;37.067005;0.531461
66;de003l_munchen;DE;2.195587628;1.689275629;455458.9337;13.66376801;2500180.71;61448.1204;5195.2136;57.5464;1.107681;591.403855;11.383629;28.608637;0.550673
67;de004l_koln;DE;2.534391127;1.858870319;394572.0885;11.83716266;1876401.067;94472.6128;1626.3896;45.4192;2.79264;158.041247;9.717306;17.828006;1.096171
68;de009l_dresden;DE;3.657089448;2.373688479;273441.4933;8.2032448;901159.7469;23884.7864;2618.3928;22.5876;0.862651;403.064705;15.393592;11.953601;0.456524
69;de012l_bremen;DE;3.134150859;2.141640633;319065.6879;9.571970637;1226967.773;47756.2788;5897.2756;32.4684;0.550566;426.184923;7.22681;32.955534;0.558826
70;de013l_hannover;DE;3.064007307;2.109566391;326369.9789;9.791099366;1283788.133;38736.356;2973.5948;41.8228;1.406473;331.927197;11.162489;27.474843;0.923961
71;de016l_wuppertal;DE;5.837220157;3.241933103;171314.4225;5.139432674;353720.9666;26540.5872;168.3816;2.84;1.686645;24.15359;14.344554;0.643203;0.381991
72;de017l_bielefeld;DE;3.070028905;2.112329397;325729.8321;9.771894964;1278756.991;70617.1336;2924.4252;29.68;1.0149;309.175469;10.572179;5.470082;0.187048
73;de025l_darmstadt;DE;5.319288108;3.047209702;187995.0813;5.639852438;425957.1601;41874.2216;782.722;4.2008;0.536691;151.348799;19.336214;1.16361;0.148662
74;de026l_trier;DE;7.133971591;3.705847842;140174.3737;4.205231212;236815.5406;13892.18;1211.1612;1.7428;0.143895;278.332205;22.980608;7.440795;0.614352
75;de029l_frankfurt_oder;DE;13.87271368;5.773523643;72083.95006;2.162518502;62625.34108;2471.1408;148.3188;3.2528;2.193114;21.157599;14.264947;2.332001;1.572289
76;de035l_karlsruhe;DE;4.146767716;2.581109757;241151.6797;7.23455039;700895.9208;47754.4628;1258.5268;5.7796;0.459235;215.959172;17.15968;13.582606;1.079246
77;de036l_monchengladbach;DE;6.844112833;3.604774541;146110.9751;4.383329254;257299.3141;29180.938;170.6828;2.452;1.436583;9.710601;5.689268;0.177398;0.103935
78;de011l_dusseldorf;DE;2.82092051;1.996459781;354494.2144;10.63482643;1514576.636;117445.9276;1201.1796;21.1816;1.7634;84.712419;7.052436;15.843808;1.319021
80;de005l_frankfurt_am_main;DE;2.198847126;1.690947111;454783.7766;13.6435133;2492773.836;64154.9572;4300.378;25.8344;0.600747;818.412265;19.03117;17.201734;0.400005
81;de008l_leipzig;DE;3.66585709;2.377480811;272787.5024;8.183625073;896854.2885;29590.9588;2802.0512;33.7448;1.204289;180.23143;6.432125;38.176033;1.362432
82;de019l_magdeburg;DE;4.583044827;2.759112466;218195.5529;6.545866587;573805.5437;27235.6068;4326.9944;16.782;0.387844;456.825328;10.557567;26.694061;0.616919
83;de031l_schwerin;DE;6.20152802;3.375456174;161250.5816;4.837517448;313383.069;24428.8952;4892.0652;8.7968;0.179818;691.297623;14.130998;72.599618;1.484028
84;de042l_koblenz;DE;6.184429262;3.369248815;161696.4085;4.850892254;315118.3525;16529.4744;922.6212;4.02;0.435715;150.324828;16.293234;7.980423;0.864973
85;de030l_weimar;DE;8.967658775;4.316377134;111511.8254;3.345354763;149870.0322;16632.0964;889.4764;4.1612;0.467826;77.77398;8.743794;0.845606;0.095068
86;de039l_kiel;DE;4.395561918;2.683343481;227502.1985;6.825065955;623798.2409;17121.9076;3381.642;11.4456;0.338463;211.919549;6.266765;86.163907;2.54799
87;de032l_erfurt;DE;4.755355163;2.827843076;210289.2351;6.308677054;532975.2387;16536.9712;2857.1912;8.2264;0.287919;368.865843;12.910086;8.144367;0.285048
88;de034l_bonn;DE;3.652202506;2.371573379;273807.3802;8.214221405;903573.0096;100996.2828;1294.4864;9.6492;0.745408;208.089422;16.075057;9.233443;0.71329
89;de037l_mainz;DE;5.580680357;3.146236986;179189.6213;5.37568864;386989.0293;34030.0176;703.1652;4.174;0.593602;44.744405;6.363285;9.106415;1.295061
90;de020l_wiesbaden;DE;5.145848689;2.980606708;194331.4039;5.829942117;455154.5896;48477.206;1017.736;3.9756;0.390632;263.713774;25.911806;7.420402;0.729109
91;de027l_freiburg_im_breisgau;DE;4.454923789;2.707448385;224470.7311;6.734121934;607284.7736;32311.0704;2211.1744;9.9428;0.449662;529.924391;23.965744;9.222371;0.41708
92;de002l_hamburg;DE;1.963586016;1.56807424;509272.3169;15.27816951;3125885.664;67512.2824;7211.772;70.5104;0.977713;654.668538;9.077776;67.103693;0.930474
93;de007l_stuttgart;DE;2.13228029;1.656645283;468981.4959;14.06944488;2650845.187;57623.8776;3653.6444;21.156;0.579038;597.136228;16.343578;6.41476;0.175572
94;de014l_nurnberg;DE;3.097508391;2.124915483;322840.1262;9.685203787;1256168.697;27615.6472;2676.2076;15.6512;0.584828;482.221374;18.018833;18.30984;0.684171
95;de018l_halle_an_der_saale;DE;5.229537616;3.012836246;191221.4948;5.736644844;440703.366;15733.5195999999;1574.2428;13.5476;0.860579;54.270236;3.447387;16.430955;1.043737
96;de021l_gottingen;DE;5.486514022;3.110744407;182265.0951;5.467952853;400386.9953;39396.6364;2387.5612;7.0264;0.294292;451.554982;18.912813;3.802545;0.159265
97;de028l_regensburg;DE;5.358699898;3.062242813;186612.4282;5.598372846;419714.6012;21325.3872;2364.9144;5.5136;0.233142;371.781595;15.720721;15.012391;0.634796
98;de033l_augsburg;DE;4.39059141;2.681320214;227759.7496;6.832792488;625211.4216;19703.6292;1994.4252;7.6324;0.382687;299.607214;15.022234;6.51357;0.326589
99;de001l_berlin;DE;1.563617576;1.34716367;639542.5681;19.18627704;4929602.067;68890.8984;17464.258;119.9852;0.687033;3333.693579;19.088664;217.818754;1.247226
100;de038l_essen;DE;1.514643512;1.318885072;660221.3604;19.80664081;5253540.592;167326.108;4438.4884;119.5356;2.69316;420.946788;9.484012;52.264999;1.177541
101;dk001l_kobenhavn;DK;2.60233971;1.891948567;384269.5849;11.52808755;1779692.509;20358.2736;3002.112;62.8556;2.093713;215.464861;7.177109;113.373584;3.776461
102;dk003l_odense;DK;5.217695447;3.008286195;191655.4943;5.749664829;442706.0915;19498.9424;3491.3944;14.4176;0.412947;178.395781;5.109585;12.20699;0.349631
103;dk002l_aarhus;DK;4.388410603;2.680432266;227872.9341;6.836188023;625832.9698;25678.83;4538.8604;20.9524;0.461622;395.042337;8.703558;20.388492;0.449198
104;dk004l_aalborg;DK;5.198191367;3.000784739;192374.6029;5.771238087;446034.47;35860.5596;6165.7152;12.5208;0.203071;382.767461;6.207998;13.770239;0.223336
105;ee001l_tallinn;EE;4.830903819;2.857715085;207000.6023;6.210018068;516435.595;13325.7988;4340.4296;18.892;0.435256;1218.745406;28.078912;25.401771;0.585236
106;ee002l_tartu;EE;9.434125179;4.464790544;105998.1695;3.179945085;135415.9064;9649.3316;3000.5644;3.4192;0.113952;678.587583;22.615331;17.245332;0.574736
107;es003l_valencia;ES;2.729525161;1.953101145;366364.0893;10.99092268;1617702.832;7964.3092;1447.6696;9.3868;0.648408;27.518603;1.90089;14.799384;1.02229
108;es004l_sevilla;ES;3.073153866;2.11376257;325398.6112;9.761958335;1276157.685;7121.2456;3076.1584;12.5684;0.408575;27.619802;0.897867;43.133008;1.402171
109;es005l_zaragoza;ES;4.147466007;2.581399511;241111.078;7.23333234;700659.927;2613.4176;2288.9688;6.2284;0.272105;37.470791;1.637016;5.04287;0.220312
110;es008l_las_palmas;ES;4.546822635;2.744555446;219933.8044;6.598014131;582984.3861;10025.9236;876.804;1.5724;0.179333;34.617401;3.948134;1.493787;0.170367
111;es009l_valladolid;ES;5.272319892;3.029245712;189669.8266;5.690094799;433580.2032;2383.6132;3036.74;8.392;0.276349;197.805952;6.51376;7.059779;0.232479
112;es010l_palma_di_mallorca;ES;4.515023289;2.731743992;221482.8;6.644483999;591225.2321;2554.2356;2172.9204;8.2636;0.380299;169.739833;7.811599;1.558046;0.071703
114;es020l_cordoba;ES;6.111067214;3.342550984;163637.5391;4.909126172;322729.6218;4087.7144;1255.2144;2.4656;0.196429;9.436015;0.751745;5.917008;0.471394
115;es022l_vigo;ES;4.785145052;2.839640782;208980.0809;6.269402427;526359.8275;9567.0112;1430.6404;10.0932;0.705502;240.930606;16.840752;4.363783;0.305023
116;es023l_gijon;ES;6.494788328;3.481047914;153969.606;4.61908818;285721.5168;8179.3224;526.0088;2.4204;0.460144;73.551612;13.982962;2.493827;0.474104
117;es015l_santander;ES;6.54460884;3.49882695;152797.52;4.583925599;281387.9922;2062.8756;594.0836;6.6756;1.12368;77.552793;13.054188;1.892783;0.318605
118;es021l_alicante;ES;5.25548556;3.022794092;190277.3756;5.708321269;436362.3337;22297.184;674.964;4.392;0.650701;14.024817;2.077861;0.736791;0.10916
119;es025l_santa_cruz_de_tenerife;ES;5.085203636;2.957142361;196648.9587;5.899468762;466075.4765;11115.6976;609.302;1.1684;0.19176;54.72361;8.981361;0.760985;0.124895
120;es006l_malaga;ES;4.162958104;2.587823745;240213.8035;7.206414105;695454.7371;-1;944.2996;4.0708;0.431092;35.348791;3.743387;0.923594;0.097807
121;es007l_murcia;ES;4.943459798;2.90193271;202287.4749;6.068624248;493186.2235;11234.0624;1324.5868;2.3348;0.176266;60.826785;4.592133;3.419608;0.258164
122;es011l_santiago_de_compostela;ES;7.974586868;3.991524465;125398.3456;3.761950368;189520.6615;6613.096;1351.6368;2.7424;0.202895;326.271637;24.139002;2.391992;0.17697
123;es017l_badajoz;ES;9.186857877;4.3864313;108851.1451;3.265534354;142803.5338;3296.6392;1470.3472;1.7508;0.119074;9.886009;0.672359;4.944398;0.336274
124;es018l_logrono;ES;8.179030527;4.059456445;122263.8792;3.667916375;180164.5294;1453.7764;1437.0308;2.4092;0.167651;211.164599;14.694507;3.026389;0.2106
125;es012l_vitoria_gasteiz;ES;6.934396045;3.636406522;144208.6655;4.326259966;250643.0497;11746.8436;2314.4568;3.9;0.168506;442.419553;19.115481;12.25042;0.5293
126;es014l_pamplona_iruna;ES;5.752681034;3.210555608;173831.9914;5.214959742;364193.6429;5360.1096;4382.2284;5.0656;0.115594;881.861447;20.123585;11.567134;0.263956
127;es013l_oviedo;ES;6.11008002;3.342190999;163663.9777;4.909919331;322833.916;19832.2332;2343.8228;2.928;0.124924;340.648198;14.533872;2.411242;0.102876
128;es016l_toledo;ES;8.273718876;4.090727091;120864.6335;3.625939006;176064.3506;7454.5292;3616.3288;2.02;0.055858;86.866201;2.402055;8.9918;0.248644
129;es001l_madrid;ES;1.421351703;1.264157065;703555.6352;21.10666906;5965815.825;58645.5728;8021.9992;100.0492;1.247185;299.710132;3.736103;30.051482;0.374613
130;es002l_barcelona;ES;1.675123943;1.410472525;596970.7521;17.90912256;4295157.144;29858.6924;1800.7152;20.3392;1.129507;278.23334;15.451268;4.922406;0.273358
131;fi001l_helsinki;FI;3.193488941;2.168587471;313137.142;9.394114259;1181794.915;19330.8988;3111.4352;40.4748;1.30084;779.039626;25.037951;65.743431;2.112962
132;fi002l_tampere;FI;6.255585694;3.395043307;159857.1339;4.795714018;307990.2686;5593.82;2378.0316;25.156;1.05785;627.599968;26.391574;261.654796;11.002999
133;fi004l_oulu;FI;7.818592946;3.939300117;127900.251;3.837007529;197158.608;6395.664;3768.3564;19.5292;0.518242;1263.001173;33.515969;35.087404;0.931106
134;fi003l_turku;FI;6.530269161;3.493714305;153133.0448;4.593991344;282625.1369;7349.7584;1756.2996;14.81;0.84325;430.605997;24.517798;9.295225;0.529251
135;gr002l_thessaloniki;GR;3.543869651;2.324440817;282177.4214;8.465322643;959660.1721;26675.0684;1425.8436;3.3264;0.233293;76.758181;5.383352;9.059005;0.635344
136;gr003l_patrai;GR;7.363997303;3.785085963;135795.8129;4.073874387;222252.0157;3040.9796;512.9752;2.3168;0.45164;23.718395;4.623692;2.481213;0.483691
137;gr004l_iraklion;GR;8.103000723;4.034260318;123411.0713;3.702332139;183561.3296;7324.8716;604.474;0.2944;0.048704;1.510816;0.249939;1.442996;0.238719
138;gr005l_larisa;GR;8.177914773;4.059087252;122280.5602;3.668416807;180213.6943;8224.7904;1555.6916;1.1452;0.073614;29.033653;1.866286;2.817988;0.181141
139;gr006l_volos;GR;9.600094422;4.517002557;104165.6421;3.124969264;130774.1605;2348.908;304.2824;0.5256;0.172734;20.995205;6.899908;0.219001;0.071973
140;gr007l_ioannina;GR;9.585127401;4.512306516;104328.2951;3.129848853;131182.8829;8891.3268;1326.3184;1.25;0.094246;195.046008;14.705821;11.666942;0.879649
141;gr008l_kavala;GR;13.86218909;5.770603201;72138.67837;2.164160351;62720.47129;6355.2076;351.4676;0.3904;0.111077;39.230982;11.162048;0.752001;0.21396
142;gr009l_kalamata;GR;13.30612687;5.615232891;75153.34928;2.254600478;68072.17549;5993.7792;441.94;0.3788;0.085713;27.189406;6.152284;0.264407;0.059829
143;gr001l_athina;GR;1.740311475;1.446831612;574609.7835;17.23829351;3979412.707;22872.7548;3040.4744;27.9156;0.918133;146.241183;4.809815;6.735167;0.221517
144;hu001l_budapest;HU;2.230871121;1.707325477;448255.388;13.44766164;2421720.326;28039.632;2522.466;37.838;1.50004;285.599361;11.322228;32.148187;1.274475
145;hu002l_miskolc;HU;6.72527879;3.562926485;148692.7206;4.460781618;266472.481;11535.2084;1006.2324;3.2144;0.319449;166.626017;16.559397;7.511386;0.746486
146;hu004l_pecs;HU;8.132033454;4.04389097;122970.473;3.689114189;182252.9794;2964.0956;570.6724;1.1492;0.201376;82.2332;14.409879;2.111609;0.370021
147;hu005l_debrecen;HU;6.310471557;3.414872887;158466.7629;4.754002887;302656.0243;11193.0828;1676.7176;4.5632;0.272151;241.861212;14.424684;2.763408;0.164811
148;hu006l_szeged;HU;7.768433093;3.922433774;128726.0877;3.861782632;199712.8874;4989.6256;752.9272;5.8764;0.780474;32.423018;4.306262;15.60421;2.072473
149;hu007l_gyor;HU;7.564173278;3.853372373;132202.1539;3.966064618;210644.4457;6860.0996;1439.1776;5.062;0.351729;166.414177;11.563144;7.695413;0.534709
150;hu009l_szekesfehervar;HU;8.708576257;4.232835973;114829.3327;3.44487998;158920.0276;6808.266;1144.2036;2.6924;0.235308;59.757811;5.222655;5.966596;0.521463
151;hu003l_nyiregyhaza;HU;7.420747362;3.80450738;134757.3164;4.042719491;218865.6757;9989.3816;1437.6404;1.1904;0.082802;88.673791;6.168009;6.767623;0.470745
152;hu008l_kecskemet;HU;8.486373915;4.160524739;117835.958;3.535078739;167351.1202;-1;1483.0584;4.4692;0.30135;169.420382;11.423716;3.200415;0.215798
153;ie004c_galway;IE;13.30829563;5.615843023;75141.10207;2.254233062;68049.99081;752.6644;50.3596;1.8812;3.735534;0.588799;1.169189;0.729599;1.448779
154;ie005c_waterford;IE;16.447241;6.467384836;60800.47105;1.824014131;44554.0141;860.9384;41.6572;1.2408;2.978597;0.205599;0.493549;1.524799;3.660349
155;ie002l_cork;IE;6.144099138;3.35458507;162757.7904;4.882733713;319268.83;14036.9032;2120.008;4.8964;0.230961;96.109019;4.533427;14.00799;0.660752
156;ie001l_dublin;IE;2.728889881;1.952798085;366449.3782;10.99348135;1618456.117;40976.1128;7016.6496;56.16;0.800382;305.701062;4.356795;27.620929;0.393648
157;ie003l_limerick;IE;7.262561941;3.750247236;137692.4573;4.130773719;228503.7076;27462.052;3523.5332;1.7008;0.04827;174.596517;4.955155;106.726042;3.02895
158;it002l_milano;IT;1.979918778;1.57675754;505071.2237;15.15213671;3074526.218;44756.3264;1345.1588;32.5944;2.423089;13.245964;0.984714;6.651795;0.494499
159;it003l_napoli;IT;2.354175842;1.769671265;424777.1054;12.74331316;2174678.958;65820.0556;566.9416;10.1732;1.7944;13.573188;2.394107;2.786003;0.491409
160;it004l_torino;IT;2.645956895;1.913030276;377935.1061;11.33805318;1721501.558;38007.0604;1879.2932;18.8008;1.000419;215.221561;11.452261;8.463195;0.450339
161;it005l_palermo;IT;3.816641265;2.442235619;262010.4774;7.860314323;827389.9989;5453.1756;1177.4592;3.9748;0.337574;35.668137;3.029246;5.296216;0.4498
162;it007l_firenze;IT;4.207791586;2.606370475;237654.3561;7.129630683;680713.7267;32548.0544;1262.6852;7.3252;0.580129;260.644391;20.642072;3.405181;0.269678
163;it015l_trieste;IT;7.261914834;3.750024463;137704.727;4.131141811;228544.4332;1460.4664;212.0832;1.8224;0.859285;40.199007;18.954357;0.254394;0.11995
164;it017l_ancona;IT;7.84877322;3.949430908;127408.4461;3.822253384;195645.286;25769.0592;408.4236;2.2376;0.547863;6.752608;1.653334;0.708204;0.1734
165;it019l_pescara;IT;6.091341134;3.335354101;164167.4597;4.92502379;324823.2489;16754.4764;676.1104;1.5884;0.234932;28.804403;4.260311;0.440199;0.065108
166;it025l_reggio_di_calabria;IT;7.572911785;3.856339539;132049.6037;3.961488111;210158.594;7937.7112;490.0988;0.53;0.108141;69.742406;14.230275;0.335204;0.068395
167;it029l_brescia;IT;5.310767616;3.043954797;188296.6969;5.648900906;427325.0512;22020.3116;539.9448;2.8316;0.524424;50.327216;9.320808;1.754616;0.324962
168;it010l_catania;IT;4.657431273;2.788887335;214710.6294;6.441318881;555622.776;20418.9016;587.0168;1.8188;0.309838;10.383622;1.76888;0.755192;0.128649
169;it013l_cremona;IT;9.820536393;4.585888307;101827.4318;3.054822955;124969.0681;8866.6004;661.332;2.0076;0.303569;5.009783;0.757529;5.294807;0.800628
170;it014l_trento;IT;8.186106675;4.061797486;122158.1931;3.664745793;179853.1922;8393.274;779.1536;0.9168;0.117666;254.967;32.723586;5.47642;0.702868
171;it021l_caserta;IT;5.562281679;3.139318062;179782.3371;5.393470114;389553.3951;62578.1444;670.8096;1.756;0.261773;41.204795;6.142547;1.510788;0.225219
172;it022l_taranto;IT;5.73063917;3.202349359;174500.6046;5.235018138;367000.6404;85389.6096;1444.2836;3.5552;0.246157;66.571359;4.6093;13.246162;0.917144
173;it024l_catanzaro;IT;9.288631033;4.4187674;107658.4909;3.229754728;139691.3537;6847.7808;761.394;0.342;0.044918;120.179612;15.784155;1.416393;0.186026
174;it027l_cagliari;IT;5.175269703;2.991956844;193226.6447;5.79679934;449994.261;19985.4324;1687.562;3.0908;0.183152;138.205821;8.189674;28.413272;1.683688
175;it030l_modena;IT;6.196901127;3.373777037;161370.9787;4.841129362;313851.2164;21054.7176;641.958;5.6008;0.872456;7.958031;1.23965;2.581598;0.402144
176;it031l_foggia;IT;8.752886035;4.24718178;114248.0316;3.427440947;157315.097;38873.6892;1048.1244;0.8592;0.081975;18.486191;1.76374;0.288205;0.027497
177;it008l_bari;IT;4.689371157;2.801623287;213248.2089;6.397446267;548079.722;58570.2636;895.582;2.774;0.309743;4.69639;0.524395;0.104994;0.011724
178;it011l_venezia;IT;4.461008634;2.709913172;224164.5516;6.724936547;605629.2226;28769.8644;1215.4324;8.3528;0.687229;4.538605;0.373415;185.203001;15.237623
179;it012l_verona;IT;4.639955298;2.781906511;215519.3177;6.465579531;559816.0646;13565.7284;1207.9296;4.694;0.388599;86.452377;7.157071;5.633025;0.466337
180;it016l_perugia;IT;7.629405156;3.875494448;131071.8175;3.932154524;207057.7989;13057.7248;806.0112;1.5492;0.192206;93.616757;11.614821;27.851818;3.455513
181;it028l_padova;IT;4.429010269;2.696939008;225784.078;6.77352234;614411.8392;40499.7108;975.8616;3.6084;0.369766;17.661381;1.809824;15.364997;1.574506
182;it032l_salerno;IT;5.627787537;3.163917342;177689.7215;5.330691644;380537.5899;30734.0448;949.5244;0.934;0.098365;185.991017;19.587808;1.629578;0.17162
183;it009l_bologna;IT;4.065290578;2.547188365;245984.8763;7.379546289;729272.3755;28206.4868;2048.2864;11.3024;0.551798;125.858615;6.144581;9.252993;0.451743
184;it018l_laquila;IT;11.33978342;5.047424598;88185.10578;2.645553173;93726.72246;11720.958;1587.7968;0.6732;0.042398;231.454647;14.577095;5.918987;0.37278
185;it023l_potenza;IT;9.425612794;4.462104427;106093.8978;3.182816933;135660.6083;9505.86;1498.4656;0.5448;0.036357;166.834814;11.13371;1.810797;0.120843
186;it020l_campobasso;IT;10.7154613;4.860421293;93323.09378;2.799692814;104966.6183;12010.5604;1308.6708;0.5332;0.040744;181.729581;13.886577;3.813355;0.291391
187;it006l_genova;IT;4.159631077;2.586444772;240405.9354;7.212178062;696567.683;18802.758;924.542;2.1772;0.23549;291.938207;31.576522;1.474982;0.159537
188;it026l_sassari;IT;8.237058858;4.078634416;121402.5561;3.642076682;177635.0291;26264.0988;1226.4884;0.5116;0.041713;7.987191;0.651224;3.486405;0.284259
189;it001l_roma;IT;1.88520342;1.526061887;530446.7355;15.91340206;3391224.273;66138.0208;3595.2532;41.7704;1.161821;285.195633;7.93256;7.607584;0.211601
190;lt001l_vilnius;LT;4.182673512;2.595987782;239081.5341;7.172446024;688914.0117;24890.9384;4246.76959999999;35.364;0.832727;915.028292;21.546455;57.499116;1.35395
191;lt002l_kaunas;LT;5.251832018;3.021392993;190409.7459;5.712292376;436969.6732;14995.9088;1622.102;27.814;1.714689;253.737444;15.642509;19.088801;1.176794
192;lt003l_panevezys;LT;8.851055328;4.278879311;112980.8778;3.389426333;153844.8062;6572.5492;2228.2252;5.9292;0.266095;371.269169;16.662103;6.809448;0.3056
193;lu001l_luxembourg;LU;5.161718327;2.986731629;193733.9344;5.812018033;452360.1577;39387.0808;2595.8664;6.0868;0.23448;473.931773;18.257171;6.237999;0.240305
194;lv002l_liepaja;LV;10.11404183;4.676811117;98872.44058;2.966173217;117821.2047;11214.0332;3657.3104;3.8568;0.105455;843.149221;23.053805;54.34422;1.485907
195;lv001l_riga;LV;3.528873469;2.317878806;283376.5531;8.501296592;967833.7813;35380.5412;5391.6092;33.4276;0.619993;1457.961504;27.041305;102.384162;1.898954
196;mt001l_valletta;MT;5.876498237;3.256459941;170169.3695;5.105081085;349008.2793;3403.8096;246.6788;1.112;0.450789;0.059599;0.024161;0.625805;0.253692
197;mt002l_gozo;MT;19.99955858;7.367954583;50001.10357;1.500033107;30132.28938;165.9348;69.0968;0.3176;0.459645;0.019601;0.028367;0.287003;0.415363
198;nl001l_sgravenhage;NL;3.495161234;2.303093006;286109.8339;8.583295017;986594.1147;91602.528;419.9968;27.1428;6.462621;8.656992;2.061204;7.276598;1.732537
199;nl002l_amsterdam;NL;2.872304789;2.020631016;348152.4676;10.44457403;1460871.126;15210.6556;1172.4656;36.2052;3.087954;22.990212;1.960843;156.399351;13.339355
200;nl003l_rotterdam;NL;3.213205405;2.177504156;311215.7095;9.336471286;1167336.251;74506.836;708.674;30.9688;4.369964;11.196806;1.579966;61.463609;8.673044
201;nl004l_utrecht;NL;4.608566042;2.769345941;216987.2344;6.509617032;567467.9254;27738.9032;389.748;13.438;3.447869;22.282402;5.717131;8.3424;2.14046
202;nl005l_eindhoven;NL;5.481740725;3.108939902;182423.8048;5.472714144;401084.5833;21605.4356;327.0372;10.3344;3.160007;30.760798;9.405902;2.236809;0.683962
203;nl006l_tilburg;NL;6.484199789;3.477263419;154221.0346;4.626631038;286655.4311;21697.25;388.7292;8.1352;2.092768;37.975795;9.769216;2.677192;0.688704
204;nl007l_groningen;NL;5.984393843;3.296199164;167101.3015;5.013039046;336536.8421;16019.852;938.09;12.5;1.332495;25.909233;2.761913;11.467189;1.222398
205;nl012l_breda;NL;6.234831079;3.387529826;160389.2691;4.811678074;310044.1682;8345.2728;498.1232;6.424;1.289641;25.048612;5.028598;14.008614;2.812279
206;nl013l_nijmegen;NL;6.614563714;3.523715224;151181.5508;4.535446523;275467.6105;12813.8872;317.568;9.2028;2.897899;19.826993;6.243385;9.212398;2.900921
207;nl014l_apeldoorn;NL;7.563478708;3.853136482;132214.2943;3.96642883;210683.1353;8072.6708;625.0544;6.8224;1.091489;121.848796;19.494111;2.427211;0.38832
208;nl008l_enschede;NL;6.291898662;3.408169191;158934.5369;4.768036106;304445.4666;15074.5184;352.282;7.6804;2.180185;24.816;7.044357;1.709391;0.485234
209;nl009l_arnhem;NL;5.911688382;3.269447407;169156.4128;5.074692383;344865.6057;38813.056;488.2156;8.5044;1.741935;52.365185;10.725832;10.33281;2.116444
210;nl015l_leeuwarden;NL;8.766040579;4.251436053;114076.5881;3.422297642;156843.3091;11346.494;452.0568;4.5052;0.9966;2.185803;0.483524;8.864588;1.960946
211;nl010l_heerlen;NL;6.856818713;3.609234596;145840.2273;4.37520682;256346.6317;-1;211.5536;5.2328;2.47351;12.389605;5.856485;0.527398;0.249297
212;pl001l_warszawa;PL;2.123119535;1.651896999;471005.0393;14.13015118;2673770.07;36611.6828;5201.7392;38.276;0.735831;729.792453;14.029778;42.793806;0.822683
213;pl002l_lodz;PL;3.251338865;2.194698282;307565.6035;9.226968104;1140114.527;41330.2112;2858.2232;13.3672;0.467675;299.624753;10.482903;6.659222;0.232985
214;pl003l_krakow;PL;3.085515743;2.119427237;324094.9271;9.722847814;1265952.517;19039.3456;3006.25;22.0408;0.733166;256.93395;8.546659;15.325242;0.509779
215;pl005l_poznan;PL;3.447569678;2.282138696;290059.4022;8.701782067;1014020.757;20208.13;3717.59;35.328;0.950293;404.867687;10.890595;28.777021;0.774077
216;pl009l_lublin;PL;4.35338503;2.66615086;229706.3074;6.891189223;635943.8783;25304.14;2882.3476;9.4648;0.328371;195.868211;6.79544;6.907988;0.239665
217;pl013l_torun;PL;6.530201278;3.493690093;153134.6367;4.5940391;282631.0128;29916.9028;1347.1828;6.3652;0.472482;222.501998;16.516095;15.412997;1.144091
218;pl014l_olsztyn;PL;6.625577394;3.527625616;150930.2421;4.527907263;274552.5535;23733.2156;2930.014;4.9072;0.16748;620.121589;21.164458;64.497051;2.201254
219;pl006l_gdansk;PL;3.332776444;2.231194627;300050.1284;9.001503852;1085077.065;39422.586;3339.01;12.44;0.372566;469.726481;14.067837;48.792316;1.461281
220;pl012l_kielce;PL;5.470006217;3.104501543;182815.1487;5.484454461;402807.2791;6467.1052;2355.9304;4.9548;0.210312;443.931598;18.843154;3.980215;0.168945
221;pl025l_radom;PL;5.733123863;3.203274943;174424.9773;5.23274932;366682.5987;9258.882;1630.6744;2.5248;0.154832;205.589768;12.607653;3.474593;0.213077
222;pl008l_bydgoszcz;PL;4.65254619;2.786936856;214936.0714;6.448082142;556790.1749;34923.8228;3404.0772;6.1128;0.179573;552.846787;16.240724;35.51562;1.043326
223;pl010l_katowice;PL;2.126840735;1.653826627;470180.9512;14.10542854;2664421.997;46281.0752;2636.48;46.6636;1.769921;381.834232;14.482728;23.290148;0.88338
224;pl026l_plock;PL;7.657004445;3.884835194;130599.3757;3.91798127;205567.8301;35062.6864;1885.4704;2.386;0.126547;186.020179;9.865982;29.685999;1.574461
225;pl028l_koszalin;PL;8.506334823;4.1670462;117559.4449;3.526783347;166566.6317;5652.2388;1751.088;3.6188;0.20666;403.285006;23.030539;19.649138;1.12211
226;pl017l_gorzow_wielkopolski;PL;8.003705815;4.001235176;124942.1235;3.748263704;188144.1483;9905.1548;1305.372;4.6484;0.356098;298.739018;22.885355;9.989618;0.76527
227;pl018l_zielona_gora;PL;7.640202805;3.87915016;130886.578;3.926597339;206472.9564;7777.9996;1626.9968;3.8632;0.237444;444.921417;27.346177;8.026821;0.493352
228;pl022l_konin;PL;9.318343563;4.428185571;107315.2104;3.219456312;138801.9325;8058.7996;758.43;1.8584;0.245033;72.477208;9.556216;13.99839;1.845706
229;pl024l_czestochowa;PL;5.117657983;2.969710895;195401.8817;5.862056452;460182.8542;14912.7236;2569.5452;5.6784;0.220989;407.326217;15.852074;6.16755;0.240025
230;pl004l_wroclaw;PL;3.41969844;2.269822379;292423.4454;8.772703362;1030617.066;11995.108;4584.8032;15.37;0.335238;484.921619;10.576716;29.93047;0.652819
231;pl011l_bialystok;PL;4.841987798;2.862084558;206526.7493;6.195802478;514073.9162;13173.5612;5114.5136;6.2196;0.121607;952.630257;18.626019;17.264076;0.337551
232;pl027l_kalisz;PL;5.557592342;3.137553392;179934.0323;5.398020969;390211.0603;23879.0732;3103.5268;3.7332;0.120289;365.08878;11.763674;8.696901;0.280226
233;pl007l_szczecin;PL;3.969198535;2.506889636;251940.0305;7.558200914;765010.3399;25582.8832;6045.7292;13.5828;0.224668;1030.156961;17.039416;103.769735;1.716414
234;pl019l_jelenia_gora;PL;9.78123886;4.573646308;102236.5382;3.067096145;125975.2477;3389.0768;585.6424;1.8192;0.310633;132.41479;22.610178;3.23478;0.552347
235;pl016l_opole;PL;6.816910556;3.595216629;146694.018;4.400820541;259356.8714;10536.7076;1693.2216;2.7156;0.160381;386.740419;22.840508;16.129603;0.952598
236;pl020l_nowy_sacz;PL;8.763177808;4.250510394;114113.8548;3.423415644;156945.8016;9094.38;448.36;0.4408;0.098314;85.33759;19.033275;1.735009;0.386968
237;pl015l_rzeszow;PL;6.0500667;3.320270309;165287.4339;4.958623018;329270.3495;15107.8564;1273.5772;3.4432;0.270357;173.197595;13.599301;2.0332;0.159645
238;pl021l_suwalki;PL;12.53460353;5.396022283;79779.1488;2.393374464;76709.9583;6931.9936;618.3192;0.3928;0.063527;68.338408;11.052286;17.005812;2.750329
239;pt005l_coimbra;PT;7.138009068;3.707245928;140095.0868;4.202852604;236547.7162;8538.4604;1252.9248;3.0732;0.245282;320.134182;25.550949;5.717047;0.456296
240;pt003l_braga;PT;7.059820087;3.680123747;141646.6691;4.249400074;241816.3618;8810.748;493.7956;2.5464;0.515679;54.795198;11.096737;1.371796;0.277807
241;pt001l_lisboa;PT;2.23273859;1.708278149;447880.4658;13.43641398;2417670.952;20889.594;1437.126;26.4152;1.838057;34.027565;2.367751;40.001006;2.783403
242;pt006l_setubal;PT;10.00804767;4.644078765;99919.588;2.99758764;120330.0838;6094.7972;172.8332;1.3652;0.789895;13.148393;7.607562;3.223405;1.865038
243;pt008l_aveiro;PT;10.32155624;4.74056518;96884.61472;2.906538442;113131.2493;4495.1288;273.3516;2.0736;0.758583;25.669002;9.390471;11.001397;4.024632
244;pt009l_faro;PT;10.53295261;4.805074072;94940.14042;2.848204212;108635.7306;6390.5832;482.1728;0.4796;0.099466;9.045609;1.87601;22.355602;4.63643
245;pt002l_oporto;PT;3.308208507;2.220216109;302278.4078;9.068352233;1101253.247;16117.962;563.182;14.2804;2.535663;67.184773;11.929496;6.39461;1.135443
246;pt007l_ponta_delgada;PT;10.66741074;4.845880257;93743.46075;2.812303823;105914.3767;416.9792;537.1232;0.4076;0.075886;40.642172;7.566639;3.46561;0.645217
247;pt004l_funchal;PT;8.12081597;4.0401713;123140.3351;3.694210054;182756.8283;2820.762;260.958;0.804;0.308096;50.536202;19.365646;0.148002;0.056715
248;ro004l_craiova;RO;6.159129851;3.36005387;162360.5971;4.870817912;317712.4469;4715.6132;341.3164;2.3792;0.697066;20.80861;6.096575;2.877591;0.843086
249;ro003l_timisoara;RO;6.100678263;3.338761635;163916.2003;4.917486009;323829.7216;5485.3028;236.8292;2.1344;0.90124;5.793003;2.446068;0.694999;0.29346
250;ro002l_cluj_napoca;RO;5.951618913;3.284153216;168021.5106;5.040645317;340253.5928;5614.9196;591.6724;1.334;0.225463;51.962582;8.782323;1.339388;0.226373
251;ro001l_bucuresti;RO;2.377027979;1.781105026;420693.4074;12.62080222;2133066.341;28993.2168;1074.3456;13.2832;1.236399;56.308815;5.24122;12.468201;1.160539
252;ro005l_braila;RO;7.560402116;3.852091519;132268.0969;3.968042908;210854.6389;11941.6196;436.028;0.7528;0.172649;17.940196;4.11446;20.792206;4.768548
253;ro006l_oradea;RO;7.467276517;3.820394013;133917.6335;4.017529006;216146.6368;2356.2108;201.0892;1.158;0.575864;11.158605;5.549082;1.445002;0.718587
254;ro007l_bacau;RO;7.754060527;3.917594288;128964.6884;3.868940653;200453.9306;5239.382;220.7836;1.1788;0.533916;32.605204;14.767947;3.193803;1.446576
255;ro008l_arad;RO;8.064529115;4.021480892;123999.8003;3.71999401;185316.8552;6906.5084;519.7792;1.6476;0.316981;10.948799;2.106433;3.800599;0.731195
256;ro009l_sibiu;RO;8.100103531;4.033298639;123455.2122;3.703656365;183692.6631;3798.018;588.1384;1.1576;0.196824;154.248375;26.226544;0.756799;0.128677
257;ro011l_piatra_neamt;RO;10.03093266;4.651155686;99691.62725;2.990748818;119781.6579;5690.3152;146.7028;0.1128;0.07689;25.457597;17.353177;1.149992;0.783892
258;ro012l_calarasi;RO;12.19856469;5.299145234;81976.85756;2.459305727;80994.49143;5703.9376;245.7756;0.3964;0.161285;3.938801;1.6026;6.670402;2.714021
259;ro013l_giurgiu;RO;13.19238141;5.583186467;75801.32568;2.27403977;69251.0802;9762.68;110.9784;0.2904;0.261673;4.903795;4.418693;4.216999;3.799838
260;ro014l_alba_iulia;RO;11.13239436;4.985695168;89827.9353;2.694838059;97251.38276;5037.2352;258.8188;0.9112;0.352061;23.677398;9.148253;1.359602;0.52531
261;ro010l_targu_mures;RO;8.411523012;4.136024395;118884.5348;3.566536043;170342.7582;3689.3116;141.3564;0.4256;0.301083;11.684795;8.266194;1.065003;0.753417
262;se004l_jonkoping;SE;9.061050877;4.346293456;110362.4749;3.310874247;146796.5376;6907.6444;3473.308;9.6116;0.276728;1021.865031;29.420513;309.632922;8.91464
263;se003l_malmo;SE;4.690774911;2.802182366;213184.3925;6.395531776;547751.7361;16959.3532;1857.9088;34.4732;1.855484;83.210988;4.478744;17.422964;0.937773
264;se008l_orebro;SE;8.295817617;4.098007954;120542.6694;3.616280081;175127.585;14423.5916;3687.7876;11.1552;0.30249;1060.38984;28.754092;189.806335;5.146889
265;se005l_umea;SE;9.442671721;4.467486625;105902.2308;3.177066924;135170.888;5173.7048;9812.134;5.0232;0.051194;3973.607766;40.496876;228.487628;2.328623
266;se007l_linkoping;SE;8.197323136;4.065506909;121991.0431;3.659731293;179361.3399;9256.818;4231.9004;12.974;0.306576;1189.051182;28.097334;210.148076;4.965809
267;se002l_goteborg;SE;3.729511352;2.404923626;268131.6413;8.043949238;866501.0297;12335.2404;4221.3716;39.2764;0.930418;1191.538028;28.226324;149.70113;3.546268
268;se006l_uppsala;SE;7.036293;3.671943108;142120.2898;4.263608693;243436.1767;13996.388;6879.4344;10.0844;0.146588;2338.80265;33.997019;116.960918;1.700153
269;se001l_stockholm;SE;2.535864779;1.859590824;394342.7931;11.83028379;1874220.856;9785.3304;7162.3336;87.6004;1.223071;1980.224945;27.647762;368.558515;5.145788
270;si001l_ljubljana;SI;5.045225597;2.941623324;198207.1923;5.946215768;473491.0442;21192.3552;2555.4432;5.0904;0.199198;785.014409;30.719306;4.947121;0.193592
271;si002l_maribor;SI;6.519958146;3.49003572;153375.2177;4.601256531;283519.7612;35294.7196;2170.5952;1.8188;0.083793;463.173787;21.338561;11.499053;0.529765
272;sk005l_presov;SK;8.59105197;4.194667722;116400.1805;3.492005415;163297.7713;4765.8448;934.53;1.726;0.184692;211.130021;22.592107;0.688219;0.073643
273;sk003l_banska_bystrica;SK;10.47806322;4.788366049;95437.4849;2.863124547;109776.8896;2634.6584;808.8824;1.9396;0.239788;277.551408;34.312949;0.468379;0.057904
274;sk002l_kosice;SK;5.923155304;3.27367388;168828.9347;5.064868041;343531.6143;13003.4324;1776.148;4.052;0.228134;387.130014;21.796045;6.4202;0.361468
275;sk001l_bratislava;SK;4.49711533;2.724515922;222364.7665;6.670942994;595943.2423;19834.5396;2046.2284;7.4476;0.363967;401.959623;19.643927;18.731361;0.915409
276;sk004l_nitra;SK;8.639595015;4.210453966;115746.1661;3.472384984;161467.8935;10228.0932;870.1896;3.664;0.421058;48.410994;5.56327;2.107987;0.242245
277;sk007l_trnava;SK;9.819427909;4.585543215;101838.9268;3.055167804;124997.2844;14792.0584;740.8936;3.4988;0.472241;68.180615;9.202484;1.468775;0.198244
278;sk008l_trencin;SK;10.39153378;4.761967596;96232.18489;2.886965547;111612.7073;21166.6116;674.028;0.8196;0.121597;167.781397;24.892348;2.260599;0.335387
279;sk006l_zilina;SK;8.787525811;4.258379957;113797.6743;3.413930228;156077.2925;5540.154;813.8948;1.5224;0.187051;245.05883;30.109399;3.762178;0.462244
280;uk010l_sheffield;UK;3.064102588;2.109610124;326359.8301;9.790794904;1283708.293;113805.1376;1866.7992;32.2912;1.729763;76.365039;4.090694;9.605384;0.514538
281;uk014l_leicester;UK;3.930838835;2.490711879;254398.6263;7.63195879;780014.1369;29124.2412;1397.4596;17.7552;1.270534;23.734607;1.698411;3.304414;0.236459
282;uk012l_belfast;UK;4.317215026;2.651362564;231630.8069;6.948924206;646644.5029;28940.528;960.4552;14.7088;1.531441;16.293035;1.696387;7.439659;0.774597
284;uk027l_stoke_on_trent;UK;5.153763769;2.983662336;194032.9524;5.820988572;453757.6227;20660.4588;880.8664;21.3676;2.425748;32.058023;3.639374;1.551797;0.176167
285;uk028l_wolverhampton;UK;5.884212654;3.259309279;169946.2713;5.098388138;348093.7541;94695.7704;477.1348;5.8256;1.220955;19.435207;4.073316;1.89601;0.397374
286;uk029l_nottingham;UK;3.78656212;2.429387116;264091.7984;7.922753952;840587.2107;34720.4608;903.6708;13.758;1.522457;27.450993;3.037721;4.52259;0.500469
287;uk006l_liverpool;UK;3.007163408;2.083393727;332539.2951;9.976178853;1332781.31;93637.8488;645.9856;41.8368;6.476429;7.6992;1.191853;3.542016;0.548312
288;uk007l_edinburgh;UK;4.018865036;2.527758704;248826.4699;7.464794097;746218.6629;-1;1742.2952;25.2564;1.449605;80.15939;4.600793;7.012368;0.402479
289;uk015l_derry;UK;10.83256153;4.895767403;92314.26909;2.769428073;102709.5014;4318.9344;387.5156;3.5076;0.905151;8.488395;2.190465;4.317603;1.114175
290;uk022l_wrexham;UK;6.631364517;3.529679458;150798.5268;4.523955805;274073.5643;89502.396;943.4748;3.18;0.337052;42.178601;4.470559;2.716422;0.287917
291;uk024l_worcester;UK;6.563339491;3.505499525;152361.4619;4.570843858;279784.2174;52308.038;1274.866;8.0308;0.629933;44.639208;3.501482;3.632984;0.28497
292;uk025l_coventry;UK;4.329193026;2.65626439;230989.9314;6.929697941;643071.1846;73954.4152;814.6304;15.8408;1.944538;13.352595;1.639099;3.824188;0.469438
293;uk002l_birmingham;UK;2.254020131;1.719116045;443651.7609;13.30955283;2372233.143;35301.8736;1598.12;53.158;3.326283;30.728807;1.92281;7.548373;0.472328
294;uk023l_portsmouth;UK;5.055383212;2.945570271;197808.9411;5.934268233;471590.2159;9079.9512;198.7528;5.9976;3.017618;6.017993;3.027878;1.174606;0.590988
295;uk009l_cardiff;UK;3.787175567;2.429649493;264049.0208;7.921470624;840314.9161;13641.6456;1181.3992;22.7824;1.928425;87.806356;7.432404;4.406787;0.373014
296;uk026l_kingston_upon_hull;UK;4.591189453;2.76238035;217808.4808;6.534254425;571771.5233;36336.614;2495.698;10.136;0.406139;34.856013;1.396644;6.462397;0.258941
297;uk004l_glasgow;UK;2.666515283;1.922926649;375021.2896;11.25063869;1695058.908;72467.73;3376.5124;54.5316;1.615027;233.101778;6.903626;28.974023;0.858105
298;uk013l_newcastle_upon_tyne;UK;3.410980618;2.265963106;293170.8245;8.795124734;1035891.923;17913.9952;3391.3888;21.288;0.627707;307.539807;9.068256;15.766577;0.4649
299;uk016l_aberdeen;UK;5.572638187;3.143213621;179448.2194;5.383446582;388106.8042;50357.636;6527.7096;14.1004;0.216008;491.967718;7.536605;15.40502;0.235994
300;uk018l_exeter;UK;5.298787283;3.039375256;188722.4277;5.661672831;429259.5632;36138.7504;2452.5756;4.6444;0.189368;155.789198;6.352065;2.822818;0.115096
301;uk019l_lincoln;UK;8.385759945;4.127574784;119249.7766;3.577493298;171391.0337;6623.83;723.7892;5.8712;0.811175;15.580003;2.152561;2.853003;0.394176
302;uk011l_bristol;UK;3.421506269;2.270622272;292268.9369;8.768068108;1029528.254;47024.272;1335.7044;23.2628;1.741613;42.421211;3.175943;6.080616;0.455237
303;uk001l_london;UK;1;1;1000000;30;12052383.72;97628.106;9094.3108;301.264;3.312664;445.022652;4.893418;121.056472;1.331123
304;uk008l_manchester;UK;2.175337757;1.678872822;459698.7281;13.79096184;2546944.927;48895.5972;1276.8844;64.1868;5.026829;22.255038;1.742917;7.583369;0.593896
305;uk201l_leeds;UK;2.223482623;1.703553694;449744.9135;13.49234741;2437841.527;44665.8112;5123.0616;53.0876;1.036248;128.970827;2.517456;22.400232;0.437243
