dist;dist_km;housing_av;housing_stdev;count;10%quant;25%quant;50%quant;75%quant;90%quant
0;0;0.281457;0.449710;302;0.000000;0.000000;0.000000;1.000000;1.000000
100;0,1;0.321370;0.383966;302;0.028078;0.058911;0.101206;0.882719;0.949739
200;0,2;0.363041;0.330085;302;0.056461;0.117823;0.203665;0.768429;0.905908
300;0,3;0.399345;0.288610;302;0.084692;0.176734;0.303627;0.667097;0.863170
400;0,4;0.428235;0.256779;302;0.112922;0.236331;0.365094;0.640862;0.821105
500;0,5;0.451012;0.234132;302;0.142905;0.284554;0.436651;0.641380;0.779359
600;0,6;0.465984;0.217506;302;0.170296;0.318885;0.469817;0.647691;0.756935
700;0,7;0.477530;0.205265;302;0.198678;0.342339;0.491638;0.634619;0.741815
800;0,8;0.484838;0.195964;302;0.226531;0.362339;0.507599;0.630970;0.725035
900;0,9;0.487067;0.189452;302;0.236363;0.377382;0.503231;0.627420;0.724061
1000;1;0.487972;0.183191;302;0.228120;0.378546;0.508461;0.633321;0.716300
1100;1,1;0.488010;0.177228;302;0.245107;0.381831;0.503786;0.624946;0.706176
1200;1,2;0.488640;0.171610;302;0.261746;0.384185;0.495750;0.615444;0.698029
1300;1,3;0.488767;0.166298;302;0.275210;0.388271;0.506973;0.612551;0.694560
1400;1,4;0.489410;0.161642;302;0.285365;0.389115;0.508603;0.604454;0.693531
1500;1,5;0.489565;0.158674;302;0.275769;0.395497;0.505290;0.603154;0.690122
1600;1,6;0.489104;0.156507;302;0.271318;0.396501;0.507125;0.602791;0.679970
1700;1,7;0.488252;0.155606;302;0.270095;0.392080;0.504384;0.605607;0.678545
1800;1,8;0.486890;0.155096;302;0.267882;0.386768;0.497294;0.604245;0.674082
1900;1,9;0.485098;0.154323;302;0.274589;0.379788;0.498827;0.605800;0.666962
2000;2;0.483164;0.152949;302;0.273054;0.384877;0.499475;0.604248;0.666390
2100;2,1;0.481062;0.151140;302;0.277460;0.382750;0.492411;0.597028;0.665575
2200;2,2;0.478890;0.149206;302;0.277763;0.385542;0.497674;0.590842;0.667159
2300;2,3;0.476849;0.147093;302;0.285510;0.378068;0.494957;0.583140;0.658165
2400;2,4;0.474966;0.145540;302;0.288333;0.376314;0.491217;0.576702;0.662572
2500;2,5;0.473805;0.144352;302;0.289285;0.371992;0.484127;0.570663;0.662186
2600;2,6;0.472094;0.143735;302;0.282790;0.377161;0.481760;0.566743;0.658096
2700;2,7;0.470003;0.143585;302;0.276787;0.371899;0.473256;0.569209;0.658137
2800;2,8;0.467937;0.143606;302;0.274203;0.375632;0.470085;0.566237;0.656273
2900;2,9;0.466258;0.144121;302;0.275427;0.375229;0.464196;0.567122;0.659176
3000;3;0.464609;0.144174;302;0.269823;0.372774;0.459666;0.570957;0.659750
3100;3,1;0.462861;0.143642;302;0.266945;0.368635;0.459616;0.566503;0.657616
3200;3,2;0.461105;0.143092;302;0.270630;0.363254;0.456872;0.560719;0.655035
3300;3,3;0.458789;0.142325;302;0.270845;0.359341;0.454543;0.560715;0.652078
3400;3,4;0.457046;0.141287;302;0.272795;0.364590;0.450903;0.552603;0.647842
3500;3,5;0.455424;0.140372;302;0.267950;0.365976;0.452383;0.557172;0.644153
3600;3,6;0.453601;0.139391;302;0.271493;0.366758;0.451499;0.552197;0.645569
3700;3,7;0.451675;0.138405;302;0.271641;0.367661;0.454747;0.548337;0.645054
3800;3,8;0.450091;0.137760;302;0.273422;0.368804;0.453132;0.541070;0.633737
3900;3,9;0.448260;0.137156;302;0.269635;0.359083;0.452451;0.537485;0.632309
4000;4;0.446169;0.136494;302;0.267894;0.353763;0.456342;0.536308;0.624700
4100;4,1;0.444010;0.135737;302;0.268174;0.352129;0.451149;0.527976;0.624348
4200;4,2;0.442009;0.134320;302;0.267411;0.353493;0.447970;0.526799;0.620115
4300;4,3;0.440241;0.132766;302;0.270805;0.355044;0.442157;0.524530;0.612387
4400;4,4;0.438930;0.131631;302;0.270292;0.354126;0.438083;0.522937;0.607305
4500;4,5;0.437445;0.130914;302;0.269228;0.351629;0.445515;0.518829;0.600561
4600;4,6;0.435751;0.130691;302;0.264407;0.349279;0.437220;0.519703;0.596341
4700;4,7;0.434085;0.130731;302;0.264070;0.345232;0.439315;0.512335;0.593212
4800;4,8;0.432688;0.131090;302;0.260205;0.345049;0.442939;0.508297;0.596137
4900;4,9;0.431284;0.131583;302;0.258109;0.339652;0.440620;0.507120;0.597086
5000;5;0.429776;0.131863;302;0.257745;0.335097;0.435513;0.506165;0.600025
5100;5,1;0.428417;0.132385;302;0.254967;0.338065;0.437369;0.502973;0.601076
5200;5,2;0.427169;0.132818;302;0.254385;0.338188;0.432387;0.506338;0.605152
5300;5,3;0.425766;0.133229;302;0.255013;0.337907;0.430015;0.502317;0.608842
5400;5,4;0.424556;0.133639;302;0.248310;0.337893;0.428522;0.503986;0.604304
5500;5,5;0.423277;0.133901;302;0.247981;0.336985;0.426274;0.504593;0.604316
5600;5,6;0.421795;0.134114;302;0.250058;0.334459;0.425096;0.504396;0.601381
5700;5,7;0.421070;0.133821;302;0.247789;0.334804;0.420832;0.503806;0.594982
5800;5,8;0.420352;0.133436;302;0.251352;0.329747;0.423129;0.506513;0.592355
5900;5,9;0.419280;0.132940;302;0.244691;0.328823;0.421002;0.505378;0.593102
6000;6;0.418037;0.132117;302;0.243122;0.329539;0.419826;0.506465;0.588736
6100;6,1;0.416374;0.131048;302;0.242067;0.330359;0.417786;0.506045;0.588331
6200;6,2;0.414731;0.130118;302;0.246521;0.328814;0.417155;0.501826;0.583720
6300;6,3;0.413409;0.129013;302;0.247158;0.325284;0.413482;0.500935;0.575530
6400;6,4;0.412275;0.127827;302;0.247774;0.320647;0.417598;0.499042;0.575223
6500;6,5;0.411312;0.126690;302;0.246436;0.323446;0.417696;0.495636;0.577998
6600;6,6;0.410118;0.126012;302;0.245562;0.322351;0.416799;0.492230;0.576637
6700;6,7;0.408829;0.125522;302;0.245649;0.323764;0.414654;0.491888;0.569609
6800;6,8;0.407336;0.125168;302;0.244143;0.328053;0.412791;0.491273;0.565384
6900;6,9;0.405751;0.124747;302;0.239289;0.331051;0.409214;0.490000;0.556890
7000;7;0.404041;0.124305;302;0.232864;0.325763;0.403837;0.487775;0.557034
7100;7,1;0.402268;0.123970;302;0.231762;0.325695;0.400797;0.490456;0.558772
7200;7,2;0.400577;0.123734;302;0.232153;0.320876;0.399008;0.489972;0.552731
7300;7,3;0.398779;0.123322;302;0.233312;0.316815;0.399155;0.486243;0.554015
7400;7,4;0.397069;0.122854;302;0.232053;0.313032;0.394564;0.487237;0.553026
7500;7,5;0.395487;0.122729;302;0.230378;0.312021;0.396675;0.488016;0.554516
7600;7,6;0.394042;0.122445;302;0.233269;0.310382;0.391956;0.483140;0.543889
7700;7,7;0.392739;0.122238;302;0.229755;0.306668;0.389667;0.483385;0.542401
7800;7,8;0.391328;0.121896;302;0.230440;0.307390;0.385447;0.478359;0.536006
7900;7,9;0.389811;0.121659;302;0.229250;0.308980;0.389198;0.473948;0.538224
8000;8;0.387973;0.121627;302;0.229701;0.305149;0.387125;0.467440;0.539589
8100;8,1;0.386357;0.121728;302;0.229870;0.300757;0.385892;0.463422;0.543164
8200;8,2;0.384952;0.122181;302;0.227813;0.298177;0.386163;0.461025;0.544795
8300;8,3;0.383929;0.122943;302;0.225052;0.300610;0.388261;0.461089;0.539414
8400;8,4;0.383104;0.123560;302;0.223521;0.297512;0.388426;0.457964;0.541775
8500;8,5;0.382318;0.124006;302;0.222063;0.297088;0.390070;0.458195;0.540264
8600;8,6;0.381706;0.124160;302;0.218902;0.292394;0.387611;0.461858;0.537867
8700;8,7;0.381114;0.124210;302;0.217468;0.292087;0.385168;0.465062;0.537331
8800;8,8;0.380573;0.124379;302;0.223033;0.291117;0.386201;0.460544;0.540125
8900;8,9;0.379990;0.124590;302;0.221929;0.289160;0.385958;0.458692;0.542647
9000;9;0.378769;0.124578;302;0.221741;0.289812;0.382713;0.459749;0.546528
9100;9,1;0.377216;0.124493;302;0.218299;0.287233;0.382717;0.458613;0.546671
9200;9,2;0.375535;0.124284;302;0.218616;0.285252;0.381687;0.449179;0.538348
9300;9,3;0.373711;0.124151;302;0.216168;0.283848;0.380897;0.454575;0.537786
9400;9,4;0.372110;0.123934;302;0.216407;0.284225;0.377449;0.451121;0.540827
9500;9,5;0.370535;0.123687;302;0.213601;0.282785;0.375296;0.451687;0.540491
9600;9,6;0.368873;0.123411;302;0.209727;0.283587;0.373831;0.449638;0.534672
9700;9,7;0.367125;0.123107;302;0.204442;0.281602;0.372547;0.451949;0.535899
9800;9,8;0.365640;0.122652;302;0.205244;0.283808;0.368505;0.450177;0.531850
9900;9,9;0.364491;0.122001;302;0.212036;0.282925;0.364072;0.446935;0.525452
10000;10;0.363321;0.121566;302;0.211600;0.281155;0.361407;0.446180;0.526694
10100;10,1;0.362097;0.121106;302;0.215069;0.279969;0.357278;0.449836;0.531074
10200;10,2;0.360808;0.120667;302;0.209799;0.279042;0.356882;0.444614;0.528211
10300;10,3;0.359294;0.120250;302;0.207177;0.279322;0.356676;0.443463;0.531400
10400;10,4;0.357684;0.119558;302;0.203843;0.275371;0.354222;0.441577;0.530125
10500;10,5;0.356073;0.118782;302;0.204595;0.273950;0.352239;0.437726;0.524579
10600;10,6;0.354330;0.118079;302;0.203747;0.272406;0.348539;0.438174;0.523740
10700;10,7;0.352393;0.117251;302;0.203037;0.269473;0.346454;0.440426;0.514575
10800;10,8;0.350651;0.116763;302;0.200687;0.268211;0.344631;0.440382;0.510020
10900;10,9;0.348849;0.116252;302;0.196810;0.272634;0.340500;0.440102;0.512851
11000;11;0.347117;0.116016;302;0.192303;0.268747;0.337458;0.438556;0.511246
11100;11,1;0.345529;0.115885;302;0.196210;0.266757;0.333236;0.431857;0.505616
11200;11,2;0.344041;0.115725;302;0.193394;0.261732;0.333839;0.425430;0.501495
11300;11,3;0.342587;0.115421;302;0.193968;0.261203;0.332617;0.428102;0.500939
11400;11,4;0.341137;0.115077;302;0.192503;0.259908;0.330895;0.424956;0.500611
11500;11,5;0.339717;0.114664;302;0.191039;0.257238;0.330174;0.416717;0.501983
11600;11,6;0.338102;0.114026;302;0.189495;0.257785;0.332643;0.421266;0.499893
11700;11,7;0.336352;0.113187;302;0.186637;0.256958;0.330273;0.417109;0.494962
11800;11,8;0.334669;0.112371;302;0.183780;0.258190;0.329512;0.414355;0.487222
11900;11,9;0.332972;0.111904;302;0.185181;0.259896;0.324206;0.410519;0.482255
12000;12;0.331427;0.111792;302;0.187889;0.257521;0.325102;0.412368;0.481234
12100;12,1;0.329998;0.111703;302;0.186286;0.255309;0.326066;0.413463;0.484553
12200;12,2;0.328739;0.111773;302;0.185435;0.253705;0.326261;0.411273;0.487873
12300;12,3;0.327336;0.111765;302;0.183351;0.251502;0.326570;0.406544;0.487909
12400;12,4;0.326030;0.111840;302;0.183552;0.250103;0.323462;0.404378;0.482527
12500;12,5;0.324807;0.111866;302;0.183830;0.248234;0.322815;0.403651;0.476552
12600;12,6;0.323343;0.111827;302;0.182132;0.243374;0.321731;0.405432;0.476448
12700;12,7;0.321860;0.111798;302;0.180276;0.241922;0.317275;0.405468;0.475981
12800;12,8;0.320339;0.111651;302;0.181022;0.240050;0.318811;0.405266;0.475513
12900;12,9;0.318964;0.111249;302;0.179306;0.238178;0.318348;0.404225;0.475046
13000;13;0.317441;0.110968;302;0.175416;0.238828;0.314328;0.402271;0.474364
13100;13,1;0.315877;0.110695;302;0.174425;0.237770;0.311849;0.396705;0.468082
13200;13,2;0.314274;0.110410;302;0.173951;0.240537;0.310089;0.393428;0.465831
13300;13,3;0.312699;0.110330;302;0.173361;0.238546;0.307934;0.389067;0.463717
13400;13,4;0.311270;0.110221;302;0.168936;0.236074;0.305963;0.386797;0.458038
13500;13,5;0.309934;0.109844;302;0.168230;0.232488;0.305045;0.387752;0.458146
13600;13,6;0.308659;0.109627;302;0.170885;0.232583;0.304054;0.384575;0.456921
13700;13,7;0.307290;0.109330;302;0.169321;0.230767;0.302824;0.384455;0.455275
13800;13,8;0.305987;0.109109;302;0.168456;0.227074;0.300657;0.383577;0.455291
13900;13,9;0.304640;0.108692;302;0.168184;0.224825;0.299541;0.380318;0.452800
14000;14;0.303450;0.108520;302;0.166284;0.224784;0.296490;0.377117;0.449149
14100;14,1;0.302314;0.108261;302;0.165441;0.224105;0.295361;0.374982;0.446791
14200;14,2;0.301226;0.107969;302;0.167072;0.222555;0.289543;0.374236;0.447161
14300;14,3;0.300242;0.107965;302;0.167620;0.221005;0.289456;0.376803;0.447531
14400;14,4;0.299101;0.108013;302;0.167571;0.219455;0.285516;0.377721;0.442167
14500;14,5;0.297941;0.108225;302;0.168716;0.221357;0.286116;0.379010;0.444730
14600;14,6;0.296658;0.108184;302;0.167944;0.222767;0.285992;0.376906;0.447293
14700;14,7;0.295256;0.108151;302;0.165479;0.221993;0.287265;0.376156;0.444205
14800;14,8;0.293734;0.107932;302;0.164858;0.218532;0.284708;0.368945;0.439861
14900;14,9;0.292421;0.107547;302;0.165131;0.215019;0.283236;0.370276;0.431542
15000;15;0.291191;0.107123;302;0.164554;0.214973;0.280836;0.367950;0.426288
15100;15,1;0.290041;0.106847;302;0.162350;0.214029;0.280302;0.365761;0.426381
15200;15,2;0.288836;0.106746;302;0.162916;0.215000;0.277491;0.364787;0.425719
15300;15,3;0.287649;0.106573;302;0.163275;0.215014;0.276622;0.362455;0.423397
15400;15,4;0.286468;0.106366;302;0.164406;0.214379;0.273503;0.362690;0.421063
15500;15,5;0.285027;0.106093;302;0.158879;0.215047;0.275799;0.360809;0.422682
15600;15,6;0.283238;0.105869;302;0.158039;0.212096;0.270909;0.356881;0.418418
15700;15,7;0.281450;0.105642;302;0.157199;0.210892;0.268668;0.353689;0.419175
15800;15,8;0.279635;0.105298;302;0.153372;0.207153;0.268615;0.347100;0.411685
15900;15,9;0.277725;0.104956;302;0.150744;0.202941;0.266785;0.344927;0.410477
16000;16;0.276020;0.104812;302;0.148220;0.198582;0.264946;0.342598;0.412022
16100;16,1;0.274364;0.104738;302;0.149081;0.196040;0.264923;0.343696;0.410020
16200;16,2;0.272809;0.104624;302;0.148533;0.198691;0.266100;0.344281;0.410871
16300;16,3;0.271214;0.104281;302;0.146239;0.198446;0.263394;0.340545;0.409373
16400;16,4;0.269664;0.104021;302;0.143945;0.197670;0.261833;0.333559;0.408258
16500;16,5;0.268187;0.103792;302;0.141652;0.195335;0.259998;0.328645;0.405825
16600;16,6;0.266589;0.103521;302;0.138212;0.191781;0.260999;0.326859;0.397328
16700;16,7;0.264844;0.103231;302;0.137064;0.188657;0.259161;0.324302;0.399513
16800;16,8;0.263251;0.102965;302;0.135088;0.187203;0.256647;0.325050;0.397975
16900;16,9;0.261601;0.102608;302;0.135348;0.185698;0.257126;0.325970;0.401439
17000;17;0.259934;0.102109;302;0.135941;0.183351;0.257024;0.325922;0.398623
17100;17,1;0.258423;0.101753;302;0.132985;0.182639;0.252842;0.325033;0.396552
17200;17,2;0.257104;0.101668;302;0.133471;0.181683;0.254407;0.322690;0.393446
17300;17,3;0.255896;0.101497;302;0.132881;0.182424;0.252862;0.324593;0.392464
17400;17,4;0.254814;0.101206;302;0.127609;0.179079;0.253251;0.323911;0.393680
17500;17,5;0.253693;0.100776;302;0.128859;0.177755;0.250989;0.323741;0.387601
17600;17,6;0.252627;0.100447;302;0.126567;0.176431;0.251055;0.319924;0.386564
17700;17,7;0.251456;0.100116;302;0.129140;0.176801;0.249560;0.314321;0.386238
17800;17,8;0.250363;0.099933;302;0.128274;0.176364;0.251602;0.312946;0.381567
17900;17,9;0.249175;0.099637;302;0.126185;0.177169;0.249948;0.310956;0.379652
18000;18;0.247914;0.099424;302;0.123821;0.176218;0.248967;0.310062;0.380210
18100;18,1;0.246524;0.099171;302;0.124072;0.174469;0.247378;0.307017;0.378320
18200;18,2;0.245068;0.098820;302;0.120284;0.169815;0.246815;0.303973;0.376391
18300;18,3;0.243567;0.098550;302;0.119688;0.171353;0.243038;0.302027;0.368798
18400;18,4;0.242008;0.098443;302;0.117675;0.169265;0.241286;0.299164;0.365694
18500;18,5;0.240512;0.098405;302;0.116019;0.167628;0.240793;0.298275;0.367271
18600;18,6;0.239092;0.098229;302;0.116038;0.165987;0.236410;0.300351;0.363030
18700;18,7;0.237673;0.098312;302;0.114781;0.167552;0.234496;0.293378;0.359934
18800;18,8;0.236203;0.098246;302;0.115227;0.166364;0.232469;0.294991;0.360242
18900;18,9;0.234822;0.098192;302;0.115674;0.166681;0.232197;0.291370;0.360580
19000;19;0.233599;0.098236;302;0.114975;0.163281;0.230583;0.295192;0.358869
19100;19,1;0.232485;0.098228;302;0.114554;0.158096;0.227658;0.293431;0.357943
19200;19,2;0.231436;0.098152;302;0.114437;0.157324;0.226011;0.291894;0.357450
19300;19,3;0.230193;0.097969;302;0.114515;0.159301;0.222818;0.291752;0.357220
19400;19,4;0.228743;0.097820;302;0.113525;0.157892;0.218158;0.292782;0.357507
19500;19,5;0.227211;0.097515;302;0.111703;0.156667;0.216750;0.291830;0.355574
19600;19,6;0.225656;0.097222;302;0.111369;0.156258;0.215944;0.291824;0.353049
19700;19,7;0.224064;0.096921;302;0.110025;0.155119;0.217359;0.286466;0.351505
19800;19,8;0.222494;0.096496;302;0.106641;0.155327;0.215296;0.281997;0.348792
19900;19,9;0.220857;0.096061;302;0.103801;0.155937;0.213940;0.279533;0.348877
20000;20;0.219335;0.095628;302;0.104142;0.155232;0.216003;0.279027;0.345808
20100;20,1;0.217895;0.095333;302;0.102947;0.153506;0.213937;0.276934;0.343958
20200;20,2;0.216540;0.095130;302;0.100236;0.150708;0.213843;0.273979;0.341996
20300;20,3;0.215325;0.094990;302;0.099048;0.150251;0.210240;0.269623;0.341084
20400;20,4;0.214173;0.094795;302;0.098243;0.147274;0.208217;0.269887;0.340357
20500;20,5;0.213101;0.094480;302;0.096671;0.144451;0.207591;0.268637;0.338210
20600;20,6;0.212094;0.094141;302;0.096838;0.143472;0.205267;0.268086;0.336773
20700;20,7;0.211096;0.093825;302;0.098242;0.141183;0.202474;0.266657;0.335611
20800;20,8;0.209942;0.093426;302;0.098732;0.139743;0.201618;0.265715;0.332895
20900;20,9;0.208631;0.092888;302;0.096713;0.138507;0.201113;0.265037;0.329999
21000;21;0.207158;0.092285;302;0.094672;0.137266;0.200536;0.263793;0.327446
21100;21,1;0.205610;0.091693;302;0.092835;0.136025;0.197283;0.263762;0.326770
21200;21,2;0.204211;0.091293;302;0.091510;0.135346;0.198619;0.263564;0.321366
21300;21,3;0.202876;0.091066;302;0.090359;0.133789;0.194379;0.263303;0.317863
21400;21,4;0.201527;0.090693;302;0.090179;0.133249;0.192972;0.263336;0.317812
21500;21,5;0.200226;0.090361;302;0.088980;0.133123;0.192636;0.261288;0.311669
21600;21,6;0.198885;0.090030;302;0.087971;0.132997;0.191027;0.256844;0.311271
21700;21,7;0.197677;0.089749;302;0.086730;0.132708;0.191165;0.255905;0.311746
21800;21,8;0.196457;0.089293;302;0.087248;0.132125;0.191982;0.253877;0.311387
21900;21,9;0.195267;0.088851;302;0.085567;0.129822;0.191764;0.252689;0.309246
22000;22;0.194190;0.088501;302;0.082488;0.129515;0.189072;0.251247;0.308970
22100;22,1;0.193083;0.088102;302;0.079408;0.129834;0.188401;0.252473;0.306785
22200;22,2;0.191968;0.087731;302;0.076861;0.130260;0.186745;0.249466;0.304054
22300;22,3;0.190863;0.087342;302;0.076771;0.131364;0.184679;0.246458;0.305700
22400;22,4;0.189758;0.086968;302;0.076378;0.128303;0.183367;0.244621;0.306245
22500;22,5;0.188618;0.086591;302;0.077137;0.127799;0.181956;0.244098;0.308007
22600;22,6;0.187469;0.086271;302;0.077339;0.127581;0.180835;0.244131;0.306190
22700;22,7;0.186333;0.086018;302;0.075641;0.127219;0.179713;0.242903;0.304304
22800;22,8;0.185225;0.085643;302;0.073576;0.127065;0.178592;0.243340;0.304066
22900;22,9;0.184151;0.085320;302;0.074235;0.126497;0.177471;0.240659;0.302379
23000;23;0.183033;0.084941;302;0.073990;0.126064;0.176350;0.237517;0.299796
23100;23,1;0.181932;0.084555;302;0.073643;0.124351;0.174953;0.235580;0.299107
23200;23,2;0.180948;0.084203;302;0.072374;0.123840;0.173628;0.233953;0.297257
23300;23,3;0.180045;0.083864;302;0.071790;0.122394;0.171775;0.231871;0.294440
23400;23,4;0.178954;0.083548;302;0.071205;0.121394;0.171315;0.231568;0.295501
23500;23,5;0.177824;0.083289;302;0.071105;0.119733;0.171409;0.230184;0.297026
23600;23,6;0.176761;0.083094;302;0.071363;0.116802;0.168788;0.229703;0.294449
23700;23,7;0.175764;0.082868;302;0.074128;0.114784;0.166779;0.231432;0.292882
23800;23,8;0.174853;0.082615;302;0.072713;0.113665;0.166990;0.231411;0.289470
23900;23,9;0.173955;0.082273;302;0.072620;0.112322;0.166909;0.227519;0.288454
24000;24;0.173031;0.081984;302;0.072675;0.109828;0.168104;0.228137;0.287115
24100;24,1;0.172071;0.081629;302;0.071963;0.108233;0.166299;0.227982;0.286228
24200;24,2;0.171090;0.081344;302;0.069912;0.107456;0.166281;0.228194;0.282950
24300;24,3;0.170243;0.081123;302;0.071386;0.105903;0.166158;0.226086;0.283123
24400;24,4;0.169460;0.080888;302;0.070979;0.104351;0.163505;0.228266;0.283614
24500;24,5;0.168718;0.080549;302;0.070350;0.105538;0.160010;0.227190;0.281661
24600;24,6;0.167880;0.080019;302;0.068933;0.107767;0.158350;0.225934;0.281011
24700;24,7;0.166966;0.079528;302;0.067578;0.109927;0.158107;0.222241;0.279965
24800;24,8;0.165974;0.078973;302;0.066097;0.108356;0.156620;0.219513;0.280614
24900;24,9;0.164966;0.078483;302;0.067363;0.107897;0.156841;0.219447;0.282075
25000;25;0.163967;0.077938;302;0.070045;0.106167;0.155178;0.217662;0.281477
25100;25,1;0.163025;0.077379;302;0.069593;0.105928;0.156316;0.213671;0.275755
25200;25,2;0.162308;0.076965;302;0.068463;0.104966;0.155967;0.208977;0.270073
25300;25,3;0.161684;0.076565;302;0.068619;0.105038;0.154388;0.205904;0.269621
25400;25,4;0.161025;0.076181;302;0.067952;0.105111;0.156360;0.204915;0.267293
25500;25,5;0.160346;0.075698;302;0.068248;0.104855;0.154537;0.206134;0.266750
25600;25,6;0.159694;0.075259;302;0.067290;0.103094;0.154165;0.203287;0.269368
25700;25,7;0.158971;0.074913;302;0.065749;0.104333;0.153508;0.204507;0.268518
25800;25,8;0.158158;0.074693;302;0.063789;0.104534;0.154993;0.203252;0.266509
25900;25,9;0.157241;0.074520;302;0.065592;0.104665;0.154468;0.203453;0.262139
26000;26;0.156458;0.074402;302;0.066725;0.102635;0.152465;0.202924;0.259190
26100;26,1;0.155733;0.074396;302;0.065264;0.101690;0.151113;0.203372;0.260615
26200;26,2;0.154980;0.074400;302;0.063710;0.100650;0.150820;0.199595;0.256492
26300;26,3;0.154237;0.074309;302;0.062504;0.102170;0.149676;0.198098;0.256693
26400;26,4;0.153441;0.074111;302;0.060882;0.102194;0.146498;0.196174;0.259557
26500;26,5;0.152549;0.073874;302;0.059421;0.099717;0.145692;0.196280;0.259595
26600;26,6;0.151616;0.073630;302;0.058393;0.099917;0.144814;0.193998;0.254363
26700;26,7;0.150740;0.073472;302;0.060696;0.100897;0.144360;0.193257;0.253260
26800;26,8;0.149977;0.073375;302;0.062132;0.100568;0.144604;0.193395;0.252776
26900;26,9;0.149362;0.073381;302;0.060277;0.099648;0.142838;0.192103;0.249973
27000;27;0.148752;0.073275;302;0.059209;0.098066;0.141842;0.190869;0.248244
27100;27,1;0.148138;0.073059;302;0.056701;0.097973;0.139081;0.189941;0.246124
27200;27,2;0.147541;0.072888;302;0.055436;0.097851;0.135551;0.189013;0.247381
27300;27,3;0.146854;0.072684;302;0.056038;0.098038;0.135389;0.188660;0.244349
27400;27,4;0.146164;0.072403;302;0.057544;0.096187;0.134780;0.188464;0.243138
27500;27,5;0.145523;0.072046;302;0.059502;0.096421;0.135389;0.189912;0.244360
27600;27,6;0.144946;0.071685;302;0.059484;0.093948;0.135348;0.187282;0.245548
27700;27,7;0.144327;0.071411;302;0.059530;0.092653;0.134185;0.186499;0.243793
27800;27,8;0.143526;0.071091;302;0.059614;0.094376;0.132470;0.186271;0.241067
27900;27,9;0.142727;0.070805;302;0.060070;0.091485;0.130477;0.185340;0.239251
28000;28;0.141873;0.070478;302;0.061839;0.089676;0.129918;0.183556;0.237468
28100;28,1;0.140996;0.070146;302;0.061428;0.088920;0.129141;0.181807;0.236871
28200;28,2;0.140155;0.069926;302;0.059468;0.088297;0.127832;0.179954;0.237418
28300;28,3;0.139305;0.069736;302;0.059057;0.089394;0.127347;0.180967;0.238358
28400;28,4;0.138517;0.069493;302;0.057864;0.088180;0.126118;0.180242;0.235208
28500;28,5;0.137741;0.069297;302;0.057463;0.087592;0.124338;0.180324;0.230753
28600;28,6;0.136941;0.069057;302;0.058052;0.087035;0.123976;0.179883;0.227843
28700;28,7;0.136144;0.068754;302;0.058647;0.088032;0.122233;0.180438;0.229099
28800;28,8;0.135347;0.068370;302;0.056837;0.086212;0.121287;0.179623;0.227898
28900;28,9;0.134684;0.068014;302;0.055295;0.084830;0.121283;0.176891;0.227617
29000;29;0.134071;0.067761;302;0.054283;0.084139;0.121069;0.177652;0.228298
29100;29,1;0.133580;0.067625;302;0.054637;0.084340;0.120419;0.178501;0.228997
29200;29,2;0.133183;0.067585;302;0.054925;0.083801;0.120679;0.178454;0.228442
29300;29,3;0.132747;0.067431;302;0.054801;0.082534;0.119479;0.178179;0.226257
29400;29,4;0.132288;0.067266;302;0.054678;0.081610;0.120277;0.177177;0.224073
29500;29,5;0.131918;0.067290;302;0.054566;0.080993;0.120252;0.176569;0.225372
29600;29,6;0.131532;0.067307;302;0.054431;0.080174;0.120597;0.175629;0.221993
29700;29,7;0.131079;0.067204;302;0.054308;0.080602;0.119406;0.174488;0.222956
29800;29,8;0.130510;0.067056;302;0.054567;0.080423;0.118028;0.174392;0.221095
29900;29,9;0.129816;0.066869;302;0.055036;0.080244;0.116557;0.173185;0.222857
30000;30;0.129140;0.066699;302;0.054280;0.079488;0.115018;0.172109;0.222817
30100;30,1;0.128427;0.066469;302;0.053524;0.078629;0.114245;0.170156;0.224102
30200;30,2;0.127717;0.066301;302;0.054506;0.078866;0.112823;0.168975;0.225387
30300;30,3;0.127015;0.066188;302;0.052930;0.078257;0.113455;0.169084;0.226671
30400;30,4;0.126388;0.066035;302;0.052591;0.078335;0.112263;0.168166;0.226415
30500;30,5;0.125708;0.065864;302;0.052234;0.078750;0.112664;0.169190;0.222057
30600;30,6;0.124984;0.065700;302;0.051848;0.077460;0.112900;0.168926;0.223978
30700;30,7;0.124318;0.065646;302;0.051580;0.075854;0.110047;0.168332;0.222041
30800;30,8;0.123693;0.065532;302;0.050960;0.075247;0.111174;0.168836;0.219542
30900;30,9;0.123109;0.065309;302;0.049828;0.075402;0.110398;0.168794;0.220190
31000;31;0.122736;0.065210;302;0.049614;0.076002;0.110579;0.166226;0.217394
31100;31,1;0.122337;0.065092;302;0.048832;0.075742;0.108877;0.166045;0.221434
31200;31,2;0.121758;0.064833;302;0.047367;0.075426;0.109164;0.162670;0.217220
31300;31,3;0.121059;0.064478;302;0.048168;0.075067;0.109890;0.161235;0.217134
31400;31,4;0.120332;0.064114;302;0.046068;0.074963;0.108613;0.161261;0.217047
31500;31,5;0.119555;0.063768;302;0.045069;0.074053;0.107847;0.159616;0.216497
31600;31,6;0.118769;0.063387;302;0.046002;0.073217;0.107056;0.160607;0.215426
31700;31,7;0.118095;0.063001;302;0.045813;0.071996;0.106777;0.160159;0.213785
31800;31,8;0.117525;0.062787;302;0.046103;0.071208;0.105475;0.159005;0.212863
31900;31,9;0.117078;0.062641;302;0.045054;0.070131;0.105583;0.157850;0.213342
32000;32;0.116622;0.062386;302;0.045820;0.069677;0.105655;0.157716;0.209123
32100;32,1;0.116254;0.062214;302;0.045678;0.068163;0.104999;0.158428;0.203316
32200;32,2;0.115861;0.062128;302;0.045536;0.068382;0.104391;0.158549;0.204296
32300;32,3;0.115466;0.061971;302;0.044505;0.068314;0.104923;0.157637;0.205186
32400;32,4;0.115014;0.061782;302;0.044610;0.068868;0.103674;0.156588;0.202015
32500;32,5;0.114669;0.061617;302;0.043435;0.069074;0.103341;0.155040;0.202487
32600;32,6;0.114418;0.061527;302;0.042474;0.069538;0.101892;0.155399;0.202656
32700;32,7;0.114215;0.061476;302;0.042522;0.068574;0.102993;0.153736;0.202899
32800;32,8;0.113992;0.061286;302;0.043441;0.068852;0.100768;0.154782;0.198925
32900;32,9;0.113723;0.061070;302;0.043466;0.067829;0.100706;0.153791;0.200145
33000;33;0.113302;0.060741;302;0.043672;0.068842;0.101514;0.152003;0.199603
33100;33,1;0.112890;0.060514;302;0.043366;0.069495;0.101323;0.150769;0.199603
33200;33,2;0.112496;0.060223;302;0.044208;0.068551;0.100854;0.150384;0.197720
33300;33,3;0.112117;0.059994;302;0.044138;0.068058;0.101196;0.149744;0.196139
33400;33,4;0.111756;0.059847;302;0.043207;0.066733;0.101318;0.149327;0.197642
33500;33,5;0.111378;0.059686;302;0.042186;0.066980;0.101594;0.149250;0.197769
33600;33,6;0.111027;0.059533;302;0.041344;0.065902;0.101468;0.147533;0.198068
33700;33,7;0.110608;0.059406;302;0.040413;0.066733;0.101410;0.146493;0.198847
33800;33,8;0.110189;0.059293;302;0.039654;0.067351;0.101649;0.145439;0.198049
33900;33,9;0.109677;0.059130;302;0.040088;0.067102;0.100966;0.143997;0.197251
34000;34;0.109185;0.058921;302;0.040097;0.064671;0.102056;0.143356;0.193144
34100;34,1;0.108755;0.058812;302;0.040054;0.064408;0.101852;0.141719;0.193926
34200;34,2;0.108325;0.058708;302;0.039476;0.063627;0.101339;0.141872;0.193224
34300;34,3;0.107922;0.058585;302;0.039130;0.063653;0.101359;0.141826;0.191197
34400;34,4;0.107570;0.058404;302;0.038355;0.064754;0.101941;0.140177;0.191155
34500;34,5;0.107240;0.058254;302;0.038865;0.065650;0.101171;0.140040;0.191114
34600;34,6;0.106856;0.058086;302;0.038345;0.065204;0.100724;0.138291;0.189962
34700;34,7;0.106439;0.057943;302;0.038076;0.064584;0.099863;0.138819;0.186226
34800;34,8;0.106002;0.057787;302;0.037775;0.063671;0.100118;0.138156;0.182489
34900;34,9;0.105539;0.057546;302;0.036423;0.064169;0.100114;0.138247;0.178753
35000;35;0.105189;0.057364;302;0.037240;0.063634;0.099841;0.138284;0.177207
35100;35,1;0.104909;0.057241;302;0.037217;0.063462;0.099531;0.138589;0.177543
35200;35,2;0.104565;0.057013;302;0.037235;0.063498;0.098016;0.138333;0.177879
35300;35,3;0.104262;0.056636;302;0.037347;0.062954;0.097779;0.139656;0.174600
35400;35,4;0.103891;0.056188;302;0.038185;0.061608;0.096373;0.138352;0.170687
35500;35,5;0.103403;0.055670;302;0.037969;0.060604;0.096393;0.136759;0.170436
35600;35,6;0.102918;0.055194;302;0.037697;0.061552;0.095788;0.136102;0.171093
35700;35,7;0.102425;0.054714;302;0.037536;0.060693;0.095301;0.134893;0.171189
35800;35,8;0.101865;0.054205;302;0.037926;0.060005;0.094008;0.134519;0.171444
35900;35,9;0.101351;0.053690;302;0.038814;0.060459;0.092314;0.133707;0.168836
36000;36;0.100870;0.053210;302;0.040548;0.061077;0.092712;0.134729;0.167658
36100;36,1;0.100487;0.052866;302;0.041878;0.060757;0.093621;0.134467;0.166253
36200;36,2;0.100042;0.052494;302;0.042020;0.061605;0.092945;0.132424;0.167964
36300;36,3;0.099682;0.052201;302;0.042161;0.061736;0.092997;0.131765;0.167099
36400;36,4;0.099353;0.051946;302;0.041230;0.061816;0.092975;0.131315;0.168797
36500;36,5;0.099124;0.051817;302;0.041716;0.060849;0.093333;0.132620;0.168780
36600;36,6;0.098840;0.051733;302;0.040062;0.061575;0.093645;0.130040;0.167049
36700;36,7;0.098583;0.051697;302;0.040316;0.059913;0.094371;0.127838;0.166771
36800;36,8;0.098295;0.051542;302;0.039644;0.059724;0.092989;0.130262;0.168375
36900;36,9;0.097937;0.051543;302;0.038624;0.059731;0.093308;0.127164;0.170360
37000;37;0.097545;0.051686;302;0.038740;0.059322;0.092105;0.127421;0.171818
37100;37,1;0.097172;0.051828;302;0.039017;0.059936;0.091013;0.126686;0.173277
37200;37,2;0.096778;0.051944;302;0.038999;0.058854;0.090148;0.125549;0.171479
37300;37,3;0.096333;0.051977;302;0.037595;0.059146;0.088888;0.126632;0.172951
37400;37,4;0.095918;0.051977;302;0.037468;0.059697;0.087816;0.124636;0.173873
37500;37,5;0.095483;0.051971;302;0.037337;0.059879;0.086857;0.123490;0.171489
37600;37,6;0.094988;0.051932;302;0.035017;0.059773;0.085792;0.121789;0.170496
37700;37,7;0.094520;0.051859;302;0.034667;0.059518;0.085630;0.122488;0.169503
37800;37,8;0.094068;0.051712;302;0.034332;0.060237;0.085193;0.122452;0.166474
37900;37,9;0.093695;0.051629;302;0.033312;0.059232;0.084517;0.123795;0.165210
38000;38;0.093316;0.051584;302;0.033785;0.059902;0.083366;0.124181;0.165244
38100;38,1;0.092890;0.051519;302;0.033895;0.059984;0.082918;0.123228;0.163695
38200;38,2;0.092525;0.051458;302;0.032992;0.059235;0.082469;0.120398;0.162690
38300;38,3;0.092168;0.051386;302;0.032657;0.058040;0.081849;0.120170;0.162550
38400;38,4;0.091706;0.051266;302;0.034716;0.057387;0.081789;0.119553;0.159495
38500;38,5;0.091270;0.051139;302;0.033818;0.056172;0.081386;0.119208;0.158198
38600;38,6;0.090764;0.050880;302;0.034073;0.055825;0.081359;0.119230;0.156506
38700;38,7;0.090181;0.050657;302;0.033491;0.054343;0.080747;0.119058;0.156216
38800;38,8;0.089600;0.050466;302;0.033270;0.053194;0.081077;0.118897;0.153270
38900;38,9;0.089045;0.050186;302;0.033137;0.053763;0.080201;0.118276;0.154129
39000;39;0.088477;0.049889;302;0.033947;0.053884;0.078180;0.118070;0.153879
39100;39,1;0.088041;0.049668;302;0.032428;0.053628;0.077776;0.116896;0.152943
39200;39,2;0.087684;0.049468;302;0.031705;0.053426;0.077363;0.115161;0.154770
39300;39,3;0.087395;0.049356;302;0.031990;0.052734;0.078447;0.114606;0.155297
39400;39,4;0.087141;0.049252;302;0.031999;0.052979;0.077754;0.113709;0.152864
39500;39,5;0.086826;0.049189;302;0.031962;0.052419;0.076783;0.112341;0.153953
39600;39,6;0.086531;0.049130;302;0.032627;0.052050;0.077000;0.112289;0.153188
39700;39,7;0.086268;0.049148;302;0.033292;0.053453;0.075583;0.111527;0.153539
39800;39,8;0.086064;0.049113;302;0.033688;0.052496;0.076030;0.110547;0.151805
39900;39,9;0.085931;0.049028;302;0.033516;0.052053;0.075243;0.109790;0.151621
40000;40;0.085828;0.048866;302;0.033836;0.051716;0.074410;0.110050;0.149704
40100;40,1;0.085674;0.048784;302;0.033765;0.050920;0.074000;0.111078;0.148506
40200;40,2;0.085406;0.048728;302;0.032163;0.051204;0.074559;0.110841;0.150341
40300;40,3;0.085052;0.048589;302;0.032080;0.051089;0.073997;0.110837;0.149910
40400;40,4;0.084748;0.048398;302;0.032078;0.050809;0.074770;0.110319;0.150661
40500;40,5;0.084517;0.048269;302;0.032353;0.050788;0.074445;0.110356;0.151411
40600;40,6;0.084341;0.048215;302;0.032301;0.050066;0.074083;0.110423;0.153561
40700;40,7;0.084086;0.048112;302;0.032100;0.049086;0.073665;0.109309;0.152912
40800;40,8;0.083786;0.047891;302;0.032283;0.048541;0.073440;0.108585;0.150472
40900;40,9;0.083544;0.047741;302;0.032856;0.048950;0.073645;0.108137;0.149873
41000;41;0.083316;0.047573;302;0.033470;0.048759;0.073659;0.108499;0.148644
41100;41,1;0.083096;0.047405;302;0.033722;0.047252;0.072720;0.108331;0.147415
41200;41,2;0.082864;0.047172;302;0.033531;0.047839;0.071500;0.108570;0.146186
41300;41,3;0.082680;0.046924;302;0.033266;0.047855;0.071676;0.109226;0.147032
41400;41,4;0.082560;0.046755;302;0.033238;0.048230;0.071819;0.109749;0.147002
41500;41,5;0.082415;0.046646;302;0.033842;0.048438;0.072228;0.108836;0.143214
41600;41,6;0.082180;0.046572;302;0.033518;0.048206;0.072339;0.108764;0.143514
41700;41,7;0.081916;0.046503;302;0.032818;0.048955;0.072233;0.108026;0.146838
41800;41,8;0.081654;0.046383;302;0.033032;0.048233;0.072066;0.108349;0.150326
41900;41,9;0.081364;0.046187;302;0.033087;0.047979;0.071416;0.107668;0.146176
42000;42;0.081001;0.045936;302;0.033458;0.046953;0.071141;0.106595;0.144717
42100;42,1;0.080539;0.045689;302;0.033107;0.046565;0.070562;0.105438;0.144576
42200;42,2;0.080043;0.045378;302;0.032630;0.046385;0.070876;0.104526;0.146366
42300;42,3;0.079611;0.044996;302;0.032214;0.047468;0.071128;0.104660;0.142515
42400;42,4;0.079238;0.044652;302;0.032012;0.047246;0.069927;0.104266;0.138665
42500;42,5;0.078891;0.044420;302;0.031380;0.047317;0.069552;0.103093;0.139307
42600;42,6;0.078569;0.044309;302;0.032400;0.046640;0.069827;0.102905;0.139741
42700;42,7;0.078315;0.044304;302;0.032408;0.047125;0.069333;0.101590;0.138245
42800;42,8;0.078076;0.044329;302;0.032575;0.046934;0.068912;0.100225;0.136615
42900;42,9;0.077898;0.044393;302;0.031862;0.046655;0.068903;0.100709;0.135814
43000;43;0.077751;0.044466;302;0.032269;0.046398;0.068303;0.100555;0.136230
43100;43,1;0.077481;0.044417;302;0.032675;0.046609;0.067391;0.100430;0.135443
43200;43,2;0.077157;0.044264;302;0.032399;0.046374;0.067294;0.099174;0.132890
43300;43,3;0.076787;0.044060;302;0.031492;0.046046;0.066890;0.098385;0.134523
43400;43,4;0.076474;0.043897;302;0.031966;0.045645;0.066685;0.098172;0.135162
43500;43,5;0.076128;0.043788;302;0.031801;0.045819;0.066703;0.098649;0.137055
43600;43,6;0.075762;0.043634;302;0.032191;0.045351;0.066809;0.098117;0.136412
43700;43,7;0.075358;0.043458;302;0.031880;0.045023;0.067104;0.097931;0.135630
43800;43,8;0.074997;0.043315;302;0.031183;0.044548;0.067141;0.097557;0.134555
43900;43,9;0.074645;0.043165;302;0.030486;0.044294;0.067317;0.097508;0.135324
44000;44;0.074330;0.043019;302;0.028916;0.044222;0.067009;0.096485;0.134724
44100;44,1;0.074316;0.042773;301;0.029092;0.045142;0.067848;0.096446;0.133885
44200;44,2;0.074110;0.042610;301;0.028395;0.044862;0.067731;0.094443;0.131500
44300;44,3;0.073977;0.042396;301;0.027983;0.044433;0.068018;0.093599;0.129273
44400;44,4;0.073883;0.042224;301;0.027638;0.044586;0.067961;0.092156;0.128836
44500;44,5;0.073744;0.042038;301;0.027747;0.044269;0.068100;0.092451;0.128399
44600;44,6;0.073582;0.041855;301;0.026885;0.044432;0.067541;0.092907;0.127962
44700;44,7;0.073337;0.041672;301;0.027335;0.044715;0.067264;0.093157;0.127525
44800;44,8;0.073055;0.041531;301;0.026010;0.043999;0.066526;0.093063;0.127145
44900;44,9;0.072790;0.041423;301;0.025694;0.043709;0.066548;0.092108;0.126651
45000;45;0.072545;0.041441;301;0.024518;0.043959;0.066087;0.092808;0.126688
45100;45,1;0.072300;0.041471;301;0.024605;0.043186;0.065931;0.093201;0.127158
45200;45,2;0.072092;0.041481;301;0.025323;0.042458;0.065902;0.092518;0.127627
45300;45,3;0.071826;0.041348;301;0.025332;0.042261;0.065969;0.093061;0.128064
45400;45,4;0.071547;0.041148;301;0.024907;0.041994;0.066026;0.092466;0.128230
45500;45,5;0.071311;0.040930;301;0.025121;0.041867;0.066226;0.092421;0.127587
45600;45,6;0.071108;0.040688;300;0.025353;0.041907;0.065693;0.091170;0.126116
45700;45,7;0.070752;0.040416;301;0.025585;0.041097;0.066047;0.091248;0.126919
45800;45,8;0.070495;0.040169;301;0.025817;0.040597;0.065556;0.092644;0.123787
45900;45,9;0.070258;0.039924;301;0.025072;0.040406;0.064484;0.094040;0.123824
46000;46;0.069986;0.039761;301;0.025511;0.041016;0.063377;0.093716;0.122965
46100;46,1;0.069827;0.039691;300;0.025053;0.041677;0.063164;0.092837;0.121459
46200;46,2;0.069449;0.039612;301;0.024458;0.042200;0.061862;0.092680;0.121711
46300;46,3;0.069118;0.039508;301;0.024306;0.041790;0.062043;0.091556;0.122265
46400;46,4;0.068789;0.039398;301;0.023599;0.042300;0.062843;0.091092;0.123126
46500;46,5;0.068577;0.039351;300;0.022857;0.042116;0.062563;0.091023;0.121898
46600;46,6;0.068157;0.039332;301;0.023452;0.040697;0.061552;0.090955;0.120094
46700;46,7;0.067860;0.039357;301;0.023656;0.039869;0.062062;0.090887;0.120103
46800;46,8;0.067585;0.039401;301;0.022717;0.038952;0.062881;0.090052;0.121198
46900;46,9;0.067348;0.039338;300;0.021976;0.038072;0.061656;0.090298;0.120090
47000;47;0.067036;0.039294;300;0.021854;0.038501;0.059884;0.089443;0.119510
47100;47,1;0.066625;0.039206;301;0.022204;0.038128;0.059267;0.089948;0.119540
47200;47,2;0.066504;0.039101;300;0.022347;0.037355;0.059865;0.090769;0.118323
47300;47,3;0.066405;0.038960;299;0.022996;0.037637;0.060872;0.091536;0.117820
47400;47,4;0.066245;0.038938;299;0.023118;0.037611;0.059190;0.091730;0.117069
47500;47,5;0.065974;0.038876;300;0.022679;0.037877;0.058469;0.091588;0.116267
47600;47,6;0.065978;0.038750;299;0.024642;0.038657;0.058681;0.091584;0.118941
47700;47,7;0.065808;0.038576;299;0.024090;0.038077;0.057363;0.092737;0.120117
47800;47,8;0.065715;0.038528;299;0.024239;0.037663;0.057149;0.092748;0.121309
47900;47,9;0.065635;0.038456;299;0.023306;0.037705;0.056472;0.091930;0.121137
48000;48;0.065476;0.038310;299;0.023709;0.037374;0.055850;0.091284;0.119474
48100;48,1;0.065311;0.038161;299;0.024307;0.036981;0.055706;0.089492;0.118185
48200;48,2;0.065110;0.037970;299;0.024868;0.036740;0.054902;0.089348;0.116657
48300;48,3;0.064939;0.037803;299;0.024869;0.036763;0.055098;0.089269;0.114945
48400;48,4;0.064836;0.037628;299;0.025305;0.036184;0.053768;0.088764;0.114422
48500;48,5;0.064740;0.037398;299;0.024497;0.036468;0.054201;0.088277;0.115717
48600;48,6;0.064696;0.037222;299;0.024213;0.036725;0.054631;0.089078;0.116200
48700;48,7;0.064697;0.037146;299;0.024182;0.036556;0.055251;0.090238;0.116658
48800;48,8;0.064674;0.036973;299;0.024656;0.037246;0.055872;0.090074;0.115731
48900;48,9;0.064660;0.036728;299;0.025484;0.038003;0.056179;0.089304;0.114715
49000;49;0.064626;0.036518;299;0.026627;0.038175;0.056281;0.089983;0.114869
49100;49,1;0.064577;0.036317;299;0.026010;0.038589;0.055892;0.089678;0.114259
49200;49,2;0.064461;0.036141;299;0.025344;0.038469;0.055271;0.090226;0.114757
49300;49,3;0.064322;0.035958;299;0.024955;0.037622;0.056645;0.091117;0.114665
49400;49,4;0.064110;0.035759;299;0.024932;0.037351;0.056903;0.089820;0.113618
49500;49,5;0.063918;0.035547;299;0.024382;0.038218;0.056172;0.088509;0.111961
49600;49,6;0.063719;0.035383;299;0.024059;0.038840;0.056507;0.087575;0.112020
49700;49,7;0.063432;0.035218;299;0.023193;0.038050;0.055887;0.087484;0.113304
49800;49,8;0.063306;0.035066;298;0.022573;0.038215;0.055425;0.089479;0.112899
49900;49,9;0.063075;0.034968;298;0.022241;0.037703;0.054834;0.087789;0.112445
50000;50;0.062834;0.034862;298;0.022187;0.038097;0.054452;0.087084;0.112835
50100;50,1;0.062600;0.034753;298;0.021664;0.037989;0.054947;0.085523;0.111784
50200;50,2;0.062430;0.034700;298;0.022373;0.037553;0.055440;0.084489;0.110570
50300;50,3;0.062357;0.034691;298;0.021875;0.037419;0.055644;0.084205;0.112025
50400;50,4;0.062191;0.034685;298;0.022019;0.036811;0.055939;0.084181;0.112194
50500;50,5;0.062162;0.034652;297;0.021863;0.036567;0.056234;0.084771;0.112362
50600;50,6;0.061983;0.034610;297;0.022310;0.036629;0.056909;0.083813;0.112530
50700;50,7;0.061805;0.034534;297;0.022539;0.036450;0.056793;0.084394;0.112698
50800;50,8;0.061617;0.034458;297;0.022593;0.035781;0.056693;0.083793;0.113073
50900;50,9;0.061452;0.034382;297;0.022540;0.035937;0.056609;0.083796;0.111515
51000;51;0.061350;0.034303;297;0.021509;0.035600;0.055998;0.083572;0.112098
51100;51,1;0.061231;0.034266;297;0.021676;0.035320;0.055099;0.082996;0.112085
51200;51,2;0.061045;0.034218;297;0.022843;0.034829;0.054697;0.083306;0.111784
51300;51,3;0.060898;0.034206;297;0.023152;0.035079;0.054469;0.084486;0.110793
51400;51,4;0.060896;0.034224;296;0.022838;0.035886;0.054395;0.083816;0.109130
51500;51,5;0.060785;0.034287;296;0.022639;0.035855;0.054481;0.084874;0.108931
51600;51,6;0.060646;0.034286;296;0.022378;0.035476;0.054495;0.084133;0.110158
51700;51,7;0.060538;0.034302;296;0.022117;0.035151;0.053922;0.084045;0.110897
51800;51,8;0.060455;0.034276;296;0.022034;0.034970;0.054304;0.082876;0.111747
51900;51,9;0.060339;0.034238;296;0.022001;0.035064;0.054768;0.083925;0.112376
52000;52;0.060199;0.034141;296;0.021774;0.034680;0.054196;0.084008;0.111319
52100;52,1;0.060031;0.034011;296;0.021502;0.035384;0.054372;0.082699;0.110863
52200;52,2;0.059869;0.033855;296;0.021242;0.035478;0.054368;0.081754;0.112470
52300;52,3;0.059705;0.033664;296;0.021386;0.034981;0.053371;0.080890;0.111870
52400;52,4;0.059649;0.033433;295;0.022234;0.035082;0.053772;0.080475;0.109744
52500;52,5;0.059528;0.033256;294;0.022350;0.035338;0.052674;0.080692;0.110419
52600;52,6;0.059296;0.033129;294;0.022404;0.036032;0.052259;0.079672;0.106494
52700;52,7;0.059107;0.033085;294;0.022007;0.035296;0.052109;0.080214;0.105771
52800;52,8;0.058907;0.033068;294;0.022778;0.035062;0.052179;0.079989;0.105908
52900;52,9;0.058720;0.033088;294;0.022232;0.034710;0.052163;0.079738;0.105741
53000;53;0.058512;0.033102;294;0.021170;0.034872;0.051790;0.078818;0.105574
53100;53,1;0.058307;0.033123;294;0.020935;0.034615;0.051965;0.078204;0.105885
53200;53,2;0.058091;0.033112;294;0.021091;0.034548;0.051972;0.077852;0.105533
53300;53,3;0.057984;0.033025;293;0.021496;0.034659;0.051857;0.077101;0.104808
53400;53,4;0.057727;0.033019;293;0.021225;0.034441;0.051529;0.077229;0.104365
53500;53,5;0.057466;0.032996;293;0.020690;0.034223;0.051316;0.075804;0.104610
53600;53,6;0.057049;0.032944;294;0.019878;0.034559;0.051314;0.076579;0.103970
53700;53,7;0.056972;0.032744;293;0.020421;0.034449;0.051398;0.075924;0.104409
53800;53,8;0.056773;0.032625;293;0.020260;0.034285;0.050612;0.075053;0.103453
53900;53,9;0.056623;0.032518;293;0.020270;0.034514;0.050883;0.075038;0.104321
54000;54;0.056628;0.032377;292;0.020280;0.034599;0.050343;0.074338;0.104897
54100;54,1;0.056522;0.032240;292;0.020290;0.033919;0.049868;0.074542;0.104999
54200;54,2;0.056437;0.032136;292;0.020300;0.033901;0.050066;0.074250;0.104929
54300;54,3;0.056245;0.032135;293;0.019974;0.033766;0.049931;0.075191;0.102699
54400;54,4;0.056412;0.032090;291;0.020263;0.033475;0.050462;0.075542;0.101133
54500;54,5;0.056329;0.032015;291;0.019120;0.033683;0.051243;0.075604;0.100136
54600;54,6;0.056229;0.031975;291;0.020339;0.033635;0.051153;0.076029;0.100650
54700;54,7;0.056112;0.031988;291;0.020349;0.033157;0.050922;0.076455;0.099296
54800;54,8;0.056000;0.032025;291;0.020159;0.033318;0.050442;0.076884;0.097942
54900;54,9;0.055911;0.032056;291;0.020369;0.033136;0.050460;0.076982;0.098291
55000;55;0.055971;0.032012;290;0.020048;0.033260;0.050249;0.075990;0.097649
55100;55,1;0.055753;0.032071;291;0.020249;0.032978;0.050086;0.077180;0.097055
55200;55,2;0.055663;0.032090;291;0.020424;0.033122;0.049844;0.077279;0.097427
55300;55,3;0.055569;0.032149;291;0.020321;0.032544;0.050059;0.077160;0.097639
55400;55,4;0.055492;0.032194;291;0.020187;0.032229;0.050116;0.076326;0.098189
55500;55,5;0.055412;0.032173;291;0.019612;0.031955;0.050200;0.075643;0.098833
55600;55,6;0.055443;0.032050;290;0.019746;0.032695;0.048994;0.075730;0.098945
55700;55,7;0.055325;0.032043;290;0.019847;0.031802;0.049370;0.075380;0.099324
55800;55,8;0.055013;0.032095;291;0.019948;0.032075;0.049017;0.074857;0.099123
55900;55,9;0.054817;0.032033;291;0.019946;0.031604;0.048501;0.074627;0.099384
56000;56;0.054571;0.031952;291;0.019798;0.031189;0.048519;0.073548;0.099237
56100;56,1;0.054322;0.031885;291;0.019942;0.030618;0.048495;0.072880;0.098543
56200;56,2;0.054331;0.031731;290;0.020348;0.030699;0.047993;0.073093;0.098378
56300;56,3;0.054212;0.031636;290;0.020633;0.030088;0.048426;0.074071;0.097581
56400;56,4;0.053960;0.031592;291;0.020503;0.030105;0.048860;0.073507;0.096298
56500;56,5;0.053881;0.031440;291;0.020699;0.030200;0.049293;0.073843;0.095207
56600;56,6;0.053833;0.031326;291;0.020702;0.030346;0.049727;0.074288;0.094879
56700;56,7;0.054073;0.031209;289;0.020158;0.031115;0.049715;0.075226;0.095965
56800;56,8;0.054101;0.031152;289;0.019525;0.030606;0.049899;0.075179;0.095101
56900;56,9;0.054158;0.031057;289;0.019691;0.031131;0.049261;0.075124;0.095675
57000;57;0.054161;0.030957;289;0.020465;0.030570;0.049166;0.074688;0.096574
57100;57,1;0.054134;0.030831;289;0.019837;0.030036;0.048942;0.074703;0.096458
57200;57,2;0.054082;0.030702;289;0.019782;0.031070;0.049314;0.074051;0.097008
57300;57,3;0.054047;0.030580;289;0.019968;0.030892;0.049457;0.072294;0.095982
57400;57,4;0.054009;0.030415;289;0.020351;0.030456;0.049657;0.072217;0.095097
57500;57,5;0.053920;0.030267;289;0.020130;0.030986;0.049858;0.072265;0.096165
57600;57,6;0.053782;0.030145;289;0.019974;0.030901;0.050067;0.072190;0.095870
57700;57,7;0.053639;0.030052;289;0.021160;0.031157;0.050259;0.072584;0.095182
57800;57,8;0.053470;0.030006;289;0.020786;0.030825;0.050556;0.071349;0.096960
57900;57,9;0.053320;0.029980;289;0.020544;0.030787;0.050705;0.070824;0.098108
58000;58;0.053202;0.029913;289;0.020236;0.030771;0.050332;0.070982;0.097955
58100;58,1;0.053065;0.029806;289;0.020304;0.029872;0.049647;0.070740;0.096199
58200;58,2;0.052910;0.029704;289;0.020132;0.029882;0.049267;0.070224;0.097134
58300;58,3;0.052720;0.029576;289;0.018939;0.030495;0.049261;0.068974;0.096009
58400;58,4;0.052580;0.029447;289;0.018695;0.030800;0.048984;0.068766;0.096316
58500;58,5;0.052426;0.029339;289;0.018697;0.031162;0.048245;0.068945;0.095695
58600;58,6;0.052263;0.029181;289;0.018838;0.031484;0.047766;0.068736;0.095071
58700;58,7;0.052092;0.029039;289;0.019379;0.031087;0.046928;0.068605;0.094447
58800;58,8;0.051935;0.028923;289;0.019365;0.031839;0.046486;0.068389;0.094903
58900;58,9;0.051779;0.028772;289;0.019377;0.032189;0.046766;0.068540;0.095689
59000;59;0.051632;0.028636;289;0.019295;0.032134;0.046669;0.068291;0.093986
59100;59,1;0.051437;0.028491;289;0.019078;0.032176;0.046910;0.067410;0.093748
59200;59,2;0.051209;0.028359;289;0.019132;0.031660;0.047961;0.067128;0.092744
59300;59,3;0.050936;0.028253;289;0.019193;0.031588;0.047493;0.065910;0.092480
59400;59,4;0.050755;0.028135;288;0.019455;0.031359;0.046278;0.065455;0.091892
59500;59,5;0.050483;0.028064;288;0.019809;0.031460;0.045313;0.064172;0.092053
59600;59,6;0.050188;0.027910;288;0.019454;0.030628;0.045613;0.062889;0.091690
59700;59,7;0.049947;0.027763;288;0.019289;0.030181;0.044433;0.063418;0.092323
59800;59,8;0.049742;0.027699;288;0.019464;0.030193;0.044157;0.062628;0.091960
59900;59,9;0.049498;0.027686;287;0.019639;0.029204;0.044227;0.062976;0.091721
60000;60;0.049318;0.027606;287;0.019495;0.029463;0.043921;0.063117;0.091163
60100;60,1;0.049164;0.027587;287;0.019393;0.029008;0.043707;0.064001;0.090980
60200;60,2;0.049016;0.027550;287;0.019460;0.029131;0.043510;0.063102;0.090369
60300;60,3;0.048851;0.027522;287;0.019520;0.029370;0.043717;0.062906;0.089524
60400;60,4;0.048734;0.027496;287;0.019566;0.029308;0.044157;0.062839;0.089225
60500;60,5;0.048663;0.027443;287;0.019116;0.029607;0.044027;0.062601;0.089108
60600;60,6;0.048564;0.027376;287;0.018669;0.029370;0.044029;0.062920;0.089920
60700;60,7;0.048443;0.027292;287;0.018536;0.029214;0.044135;0.062022;0.089264
60800;60,8;0.048267;0.027227;287;0.018307;0.029353;0.044120;0.061998;0.088725
60900;60,9;0.048153;0.027146;287;0.017692;0.029355;0.043285;0.061871;0.088419
61000;61;0.048031;0.027086;287;0.018455;0.028987;0.043067;0.061580;0.089960
61100;61,1;0.047941;0.027057;287;0.017597;0.028561;0.043464;0.061677;0.088663
61200;61,2;0.047840;0.027004;287;0.017874;0.028967;0.043287;0.062794;0.087924
61300;61,3;0.047733;0.026920;286;0.018279;0.028227;0.042880;0.063620;0.086934
61400;61,4;0.047591;0.026811;285;0.018032;0.028562;0.042977;0.064172;0.087232
61500;61,5;0.047460;0.026639;285;0.017467;0.028471;0.042888;0.063384;0.086483
61600;61,6;0.047216;0.026498;286;0.017834;0.027405;0.042768;0.064176;0.087151
61700;61,7;0.047108;0.026445;285;0.018171;0.027338;0.042475;0.063866;0.086162
61800;61,8;0.047061;0.026405;284;0.018695;0.027220;0.042095;0.063555;0.085063
61900;61,9;0.046957;0.026345;284;0.018417;0.026846;0.042208;0.063184;0.084525
62000;62;0.046666;0.026212;286;0.018244;0.026865;0.041961;0.063485;0.083679
62100;62,1;0.046512;0.026054;286;0.018637;0.027088;0.041955;0.063053;0.082938
62200;62,2;0.046472;0.025900;284;0.018269;0.027671;0.041629;0.063074;0.082604
62300;62,3;0.046328;0.025716;284;0.017984;0.027746;0.040898;0.062540;0.080723
62400;62,4;0.046069;0.025583;285;0.017879;0.027371;0.040092;0.062362;0.080458
62500;62,5;0.046093;0.025359;283;0.017226;0.027239;0.040908;0.062930;0.079016
62600;62,6;0.045877;0.025181;283;0.017908;0.027514;0.040844;0.062178;0.078942
62700;62,7;0.045648;0.025022;283;0.018204;0.027231;0.041008;0.061526;0.078998
62800;62,8;0.045483;0.024858;283;0.017957;0.027701;0.040550;0.060836;0.078211
62900;62,9;0.045336;0.024714;283;0.017148;0.027729;0.040207;0.061239;0.076812
63000;63;0.045115;0.024508;284;0.017365;0.028151;0.040303;0.060293;0.075024
63100;63,1;0.044952;0.024408;283;0.017575;0.028660;0.039828;0.059610;0.075198
63200;63,2;0.044778;0.024329;283;0.017087;0.028730;0.040393;0.059472;0.075509
63300;63,3;0.044622;0.024236;283;0.016485;0.028191;0.040270;0.058882;0.075325
63400;63,4;0.044519;0.024182;283;0.015882;0.027732;0.040454;0.059090;0.075455
63500;63,5;0.044409;0.024141;284;0.016013;0.027584;0.040701;0.059566;0.076176
63600;63,6;0.044403;0.024178;282;0.016025;0.028305;0.040710;0.058609;0.076128
63700;63,7;0.044387;0.024104;281;0.016980;0.028646;0.040752;0.058225;0.076592
63800;63,8;0.044265;0.024075;281;0.016629;0.028696;0.040726;0.057650;0.076167
63900;63,9;0.044135;0.023953;281;0.016416;0.028282;0.040689;0.056797;0.077162
64000;64;0.043852;0.023870;282;0.015599;0.027815;0.040617;0.056444;0.077640
64100;64,1;0.043724;0.023813;281;0.015628;0.027464;0.040382;0.055803;0.077783
64200;64,2;0.043683;0.023742;280;0.015800;0.027622;0.040188;0.055139;0.077459
64300;64,3;0.043485;0.023657;281;0.015929;0.027498;0.039492;0.055702;0.076942
64400;64,4;0.043405;0.023595;281;0.015783;0.027349;0.039739;0.055321;0.075265
64500;64,5;0.043312;0.023572;281;0.015661;0.027432;0.039487;0.055413;0.074903
64600;64,6;0.043161;0.023597;280;0.015529;0.026880;0.039072;0.055686;0.075484
64700;64,7;0.043062;0.023608;280;0.015393;0.026367;0.039314;0.055838;0.076082
64800;64,8;0.043166;0.023614;279;0.015878;0.026402;0.039613;0.056718;0.075866
64900;64,9;0.043027;0.023639;280;0.015625;0.026293;0.039262;0.055777;0.074850
65000;65;0.042950;0.023596;281;0.016356;0.026434;0.039242;0.055326;0.075404
65100;65,1;0.042927;0.023529;280;0.016681;0.026019;0.039565;0.055623;0.076000
65200;65,2;0.042660;0.023626;281;0.016709;0.025932;0.039306;0.056099;0.075024
65300;65,3;0.042686;0.023580;280;0.016426;0.025911;0.038894;0.055907;0.075943
65400;65,4;0.042602;0.023483;280;0.016795;0.026068;0.038303;0.055713;0.075444
65500;65,5;0.042542;0.023395;279;0.016943;0.025896;0.038434;0.055296;0.074650
65600;65,6;0.042456;0.023447;278;0.016842;0.025782;0.038309;0.054810;0.074718
65700;65,7;0.042311;0.023436;278;0.016172;0.025734;0.038874;0.054211;0.074167
65800;65,8;0.042227;0.023450;277;0.016029;0.025879;0.039095;0.054001;0.073616
65900;65,9;0.042060;0.023435;278;0.015983;0.026148;0.038854;0.054748;0.074216
66000;66;0.041972;0.023445;278;0.015936;0.025753;0.038519;0.054473;0.075267
66100;66,1;0.041893;0.023443;278;0.015453;0.026160;0.038478;0.054343;0.076223
66200;66,2;0.041828;0.023508;277;0.015159;0.026006;0.038385;0.054760;0.076456
66300;66,3;0.041713;0.023541;277;0.014878;0.025900;0.038345;0.054400;0.076829
66400;66,4;0.041562;0.023532;278;0.014609;0.025600;0.037915;0.053929;0.076341
66500;66,5;0.041598;0.023562;277;0.014897;0.025431;0.037808;0.054349;0.076283
66600;66,6;0.041525;0.023601;277;0.014617;0.025400;0.037812;0.054487;0.076225
66700;66,7;0.041509;0.023675;277;0.013864;0.024943;0.037416;0.054909;0.076168
66800;66,8;0.041483;0.023747;277;0.013324;0.024821;0.037020;0.055164;0.076110
66900;66,9;0.041402;0.023799;278;0.013000;0.024680;0.036807;0.055652;0.076052
67000;67;0.041325;0.023879;278;0.012326;0.024157;0.036663;0.056284;0.075995
67100;67,1;0.041268;0.023956;277;0.012442;0.024499;0.036647;0.056156;0.075937
67200;67,2;0.041107;0.024009;277;0.012689;0.024392;0.036137;0.055700;0.075879
67300;67,3;0.040937;0.024061;277;0.013433;0.024447;0.036238;0.055160;0.074378
67400;67,4;0.040818;0.024066;277;0.013490;0.024180;0.036575;0.055244;0.074227
67500;67,5;0.040745;0.024036;277;0.013363;0.023978;0.037211;0.055170;0.074239
67600;67,6;0.040657;0.023993;277;0.013069;0.023736;0.037348;0.055425;0.074020
67700;67,7;0.040587;0.024013;276;0.013493;0.022971;0.036690;0.054873;0.074131
67800;67,8;0.040478;0.024014;276;0.013554;0.022474;0.037374;0.054215;0.073289
67900;67,9;0.040373;0.024008;276;0.013438;0.022206;0.036655;0.054288;0.074147
68000;68;0.040246;0.024062;275;0.013356;0.022290;0.036551;0.054318;0.074189
68100;68,1;0.040190;0.024083;274;0.013351;0.021844;0.036986;0.053561;0.074410
68200;68,2;0.040120;0.024015;274;0.013181;0.022493;0.037108;0.053625;0.074121
68300;68,3;0.040192;0.023946;272;0.013071;0.022511;0.036728;0.053536;0.073656
68400;68,4;0.039998;0.023952;272;0.012541;0.022207;0.036471;0.053171;0.073194
68500;68,5;0.039879;0.023891;272;0.012550;0.021942;0.036486;0.052790;0.074020
68600;68,6;0.039696;0.023828;273;0.012740;0.021965;0.036501;0.052409;0.073935
68700;68,7;0.039563;0.023803;273;0.012630;0.021441;0.036926;0.052001;0.072522
68800;68,8;0.039502;0.023735;273;0.012520;0.021150;0.037350;0.051956;0.071399
68900;68,9;0.039364;0.023666;273;0.013049;0.021091;0.037388;0.051489;0.071583
69000;69;0.039364;0.023538;272;0.013589;0.021118;0.037740;0.051206;0.072905
69100;69,1;0.039287;0.023433;272;0.012820;0.020991;0.037442;0.051040;0.073121
69200;69,2;0.039241;0.023332;272;0.012462;0.021204;0.037487;0.050609;0.073135
69300;69,3;0.039163;0.023247;272;0.013231;0.021107;0.037755;0.050288;0.073173
69400;69,4;0.038853;0.023208;273;0.012615;0.020764;0.037539;0.051059;0.072380
69500;69,5;0.038878;0.023049;271;0.012960;0.021224;0.037560;0.051286;0.071617
69600;69,6;0.038730;0.022907;271;0.013046;0.021915;0.037051;0.051268;0.071643
69700;69,7;0.038609;0.022809;271;0.013008;0.021592;0.037116;0.050995;0.072014
69800;69,8;0.038494;0.022740;271;0.012852;0.021486;0.037017;0.050497;0.071459
69900;69,9;0.038410;0.022680;271;0.012727;0.021330;0.036501;0.050393;0.070493
70000;70;0.038245;0.022622;272;0.012306;0.020951;0.035717;0.050843;0.070511
70100;70,1;0.038237;0.022540;271;0.012202;0.021372;0.036098;0.051419;0.070404
70200;70,2;0.038162;0.022473;271;0.012390;0.020971;0.035645;0.052204;0.070295
70300;70,3;0.038125;0.022426;271;0.012908;0.020671;0.035872;0.052070;0.070029
70400;70,4;0.038180;0.022325;270;0.012621;0.020606;0.035769;0.052153;0.070502
70500;70,5;0.038119;0.022213;270;0.013247;0.020493;0.035616;0.052074;0.071103
70600;70,6;0.038032;0.022091;270;0.013336;0.019901;0.035659;0.051820;0.070645
70700;70,7;0.037932;0.021981;270;0.013158;0.020123;0.035248;0.051216;0.069915
70800;70,8;0.037839;0.021878;270;0.012767;0.020699;0.035348;0.050448;0.069769
70900;70,9;0.037798;0.021827;269;0.012385;0.021566;0.035400;0.049749;0.070157
71000;71;0.037755;0.021737;269;0.012523;0.021615;0.035310;0.049947;0.070055
71100;71,1;0.037744;0.021666;269;0.012367;0.022268;0.035627;0.049933;0.069061
71200;71,2;0.037843;0.021576;268;0.012652;0.021787;0.035409;0.050075;0.068347
71300;71,3;0.037832;0.021543;268;0.012359;0.022247;0.034838;0.050627;0.067234
71400;71,4;0.037629;0.021525;269;0.011768;0.022624;0.034315;0.049808;0.067363
71500;71,5;0.037506;0.021485;269;0.011659;0.022211;0.034206;0.050084;0.067414
71600;71,6;0.037459;0.021387;268;0.011966;0.021787;0.033780;0.050083;0.068466
71700;71,7;0.037300;0.021343;268;0.011588;0.022359;0.033988;0.050637;0.069018
71800;71,8;0.037160;0.021275;268;0.011476;0.022852;0.033980;0.050215;0.069534
71900;71,9;0.037052;0.021203;268;0.011637;0.022772;0.034008;0.049729;0.069385
72000;72;0.036934;0.021136;268;0.011394;0.022623;0.034005;0.049132;0.068004
72100;72,1;0.036832;0.021095;268;0.011391;0.022403;0.033673;0.048987;0.066663
72200;72,2;0.036735;0.021057;268;0.011297;0.022326;0.034088;0.049936;0.066198
72300;72,3;0.036598;0.021009;268;0.010865;0.022319;0.033787;0.050309;0.066278
72400;72,4;0.036604;0.020959;266;0.010432;0.022077;0.033289;0.049648;0.066856
72500;72,5;0.036490;0.020898;266;0.010201;0.021835;0.033303;0.048786;0.066046
72600;72,6;0.036319;0.020827;266;0.010436;0.021627;0.033648;0.048418;0.065677
72700;72,7;0.036129;0.020762;266;0.010453;0.021351;0.033449;0.047839;0.066081
72800;72,8;0.036081;0.020595;265;0.010811;0.021241;0.033478;0.046975;0.065687
72900;72,9;0.035995;0.020487;264;0.011370;0.021259;0.033401;0.046620;0.064760
73000;73;0.035804;0.020404;265;0.011526;0.021597;0.032528;0.046192;0.064018
73100;73,1;0.035770;0.020362;264;0.011216;0.021443;0.032750;0.046694;0.063026
73200;73,2;0.035700;0.020331;264;0.011172;0.021410;0.032762;0.047499;0.062666
73300;73,3;0.035653;0.020319;264;0.011009;0.022006;0.032179;0.047134;0.061943
73400;73,4;0.035552;0.020393;264;0.011076;0.022148;0.032550;0.047299;0.061179
73500;73,5;0.035456;0.020431;264;0.011354;0.022079;0.032724;0.046661;0.060860
73600;73,6;0.035494;0.020400;263;0.011542;0.021762;0.033134;0.047328;0.060799
73700;73,7;0.035396;0.020354;263;0.011315;0.021662;0.032984;0.047488;0.060984
73800;73,8;0.035289;0.020317;263;0.010550;0.021789;0.032834;0.047550;0.061170
73900;73,9;0.035188;0.020322;263;0.010761;0.021453;0.032846;0.047404;0.060828
74000;74;0.035102;0.020328;263;0.011009;0.021395;0.032521;0.048254;0.060448
74100;74,1;0.035023;0.020350;263;0.011008;0.021248;0.032193;0.047523;0.060374
74200;74,2;0.034959;0.020389;263;0.011309;0.021118;0.031952;0.047562;0.060528
74300;74,3;0.034921;0.020403;263;0.011610;0.020897;0.032079;0.047704;0.060117
74400;74,4;0.034917;0.020406;263;0.011911;0.021241;0.032260;0.047342;0.060386
74500;74,5;0.034846;0.020502;264;0.011636;0.020644;0.031399;0.047140;0.060830
74600;74,6;0.034871;0.020546;264;0.012092;0.020678;0.031468;0.046979;0.060626
74700;74,7;0.035015;0.020560;263;0.012662;0.020146;0.032408;0.047167;0.061183
74800;74,8;0.035055;0.020623;263;0.012649;0.020060;0.032281;0.047063;0.061430
74900;74,9;0.035089;0.020674;263;0.012521;0.020188;0.031345;0.047322;0.062531
75000;75;0.035095;0.020703;263;0.012349;0.020316;0.031180;0.047110;0.063401
75100;75,1;0.035109;0.020723;263;0.012507;0.020290;0.031525;0.047283;0.064030
75200;75,2;0.035113;0.020710;263;0.012322;0.020540;0.031732;0.046820;0.064423
75300;75,3;0.035102;0.020709;263;0.012600;0.020505;0.031980;0.047052;0.064251
75400;75,4;0.035042;0.020657;263;0.012845;0.019824;0.031392;0.046398;0.065239
75500;75,5;0.035007;0.020604;263;0.012899;0.020355;0.030922;0.047045;0.065368
75600;75,6;0.034900;0.020491;263;0.012845;0.020799;0.031219;0.047691;0.065760
75700;75,7;0.034777;0.020410;263;0.012412;0.020560;0.031270;0.047743;0.065344
75800;75,8;0.034667;0.020337;263;0.012904;0.020287;0.030843;0.047576;0.063521
75900;75,9;0.034666;0.020284;262;0.012241;0.020778;0.030788;0.046626;0.061678
76000;76;0.034588;0.020212;262;0.012262;0.020966;0.030416;0.046653;0.061704
76100;76,1;0.034518;0.020169;261;0.011573;0.020602;0.030833;0.046138;0.060134
76200;76,2;0.034428;0.020077;261;0.010883;0.020751;0.031311;0.045791;0.059371
76300;76,3;0.034349;0.019943;261;0.010351;0.020887;0.031559;0.046225;0.059704
76400;76,4;0.034296;0.019832;261;0.010014;0.020986;0.031610;0.045546;0.060213
76500;76,5;0.034211;0.019701;261;0.009714;0.020961;0.031927;0.045512;0.060342
76600;76,6;0.034136;0.019572;261;0.009988;0.020376;0.031999;0.045368;0.060567
76700;76,7;0.034097;0.019453;261;0.010261;0.020070;0.032763;0.045704;0.060792
76800;76,8;0.034054;0.019354;261;0.009308;0.019951;0.032630;0.045783;0.060050
76900;76,9;0.033983;0.019248;261;0.009623;0.019941;0.032222;0.044989;0.059056
77000;77;0.033928;0.019168;261;0.009274;0.019762;0.032098;0.044930;0.057625
77100;77,1;0.033904;0.019133;261;0.009197;0.019729;0.032227;0.045024;0.058180
77200;77,2;0.033833;0.019080;261;0.009448;0.019493;0.032373;0.044924;0.058413
77300;77,3;0.033740;0.019038;261;0.009858;0.018838;0.032610;0.044903;0.058288
77400;77,4;0.033641;0.018958;261;0.010112;0.018840;0.032603;0.044881;0.058195
77500;77,5;0.033518;0.018853;261;0.010693;0.019002;0.033200;0.044544;0.058528
77600;77,6;0.033464;0.018813;261;0.011642;0.018903;0.033473;0.044085;0.058629
77700;77,7;0.033450;0.018815;260;0.010947;0.018949;0.034199;0.044316;0.058400
77800;77,8;0.033304;0.018792;261;0.011010;0.019154;0.034091;0.044142;0.058668
77900;77,9;0.033289;0.018816;260;0.010879;0.019163;0.034052;0.043044;0.057942
78000;78;0.033148;0.018852;261;0.011425;0.018660;0.033250;0.043416;0.057714
78100;78,1;0.033149;0.018942;260;0.011099;0.018837;0.032440;0.043319;0.057699
78200;78,2;0.033094;0.019024;260;0.010872;0.019038;0.031939;0.043256;0.057926
78300;78,3;0.033052;0.019121;259;0.011262;0.018650;0.031865;0.044440;0.057694
78400;78,4;0.032981;0.019133;259;0.011393;0.018441;0.032133;0.044260;0.057142
78500;78,5;0.032896;0.019114;260;0.011654;0.018458;0.031223;0.043775;0.056590
78600;78,6;0.032850;0.019186;259;0.011915;0.018500;0.031028;0.043964;0.056926
78700;78,7;0.032775;0.019235;259;0.011791;0.018637;0.030505;0.043252;0.056857
78800;78,8;0.032734;0.019296;259;0.011828;0.018768;0.030030;0.043329;0.056339
78900;78,9;0.032698;0.019294;259;0.011717;0.018733;0.030548;0.043637;0.056666
79000;79;0.032622;0.019252;259;0.011595;0.019138;0.030470;0.043964;0.056373
79100;79,1;0.032532;0.019209;259;0.011461;0.019119;0.030893;0.043134;0.056147
79200;79,2;0.032442;0.019164;259;0.011411;0.018603;0.030194;0.042683;0.056518
79300;79,3;0.032463;0.019103;258;0.011738;0.018464;0.030638;0.043326;0.056210
79400;79,4;0.032389;0.019110;258;0.012131;0.018300;0.030808;0.043175;0.055330
79500;79,5;0.032221;0.019176;258;0.011531;0.017978;0.030392;0.043361;0.054585
79600;79,6;0.032125;0.019171;258;0.011147;0.017762;0.029985;0.042949;0.054079
79700;79,7;0.032102;0.019077;258;0.011440;0.017631;0.029306;0.042588;0.053886
79800;79,8;0.032015;0.019023;258;0.011425;0.017614;0.029240;0.042613;0.053895
79900;79,9;0.031937;0.018950;258;0.011460;0.018251;0.029030;0.042546;0.053905
80000;80;0.031869;0.018884;258;0.011306;0.018511;0.029022;0.042813;0.053914
80100;80,1;0.031828;0.018822;258;0.011110;0.018822;0.029021;0.042354;0.053924
80200;80,2;0.031858;0.018774;257;0.010813;0.018671;0.029251;0.042752;0.054496
80300;80,3;0.031857;0.018698;257;0.010228;0.018449;0.029378;0.043079;0.053943
80400;80,4;0.031839;0.018660;257;0.010117;0.018544;0.029144;0.043077;0.054957
80500;80,5;0.031811;0.018641;257;0.009939;0.018507;0.029287;0.042448;0.055181
80600;80,6;0.031811;0.018663;257;0.009829;0.018579;0.029555;0.042096;0.055726
80700;80,7;0.031797;0.018705;257;0.010001;0.018829;0.029824;0.042568;0.056469
80800;80,8;0.031758;0.018692;257;0.010042;0.018720;0.029772;0.042397;0.057211
80900;80,9;0.031712;0.018659;257;0.009577;0.018269;0.029674;0.042272;0.056906
81000;81;0.031659;0.018625;257;0.009534;0.018170;0.029647;0.042621;0.058231
81100;81,1;0.031610;0.018593;257;0.009621;0.018567;0.029844;0.042487;0.058747
81200;81,2;0.031530;0.018547;257;0.010234;0.018416;0.029803;0.042968;0.059357
81300;81,3;0.031451;0.018463;257;0.010550;0.018378;0.029595;0.042239;0.059261
81400;81,4;0.031347;0.018398;257;0.010364;0.017864;0.029193;0.042574;0.058130
81500;81,5;0.031243;0.018371;257;0.009887;0.017673;0.029504;0.041663;0.057000
81600;81,6;0.031113;0.018353;257;0.009607;0.017241;0.029259;0.041923;0.056075
81700;81,7;0.030988;0.018310;257;0.009330;0.017145;0.029028;0.041446;0.056477
81800;81,8;0.030899;0.018302;257;0.008972;0.017012;0.029083;0.041253;0.056878
81900;81,9;0.030800;0.018314;257;0.008852;0.016737;0.029387;0.041598;0.056418
82000;82;0.030694;0.018297;257;0.008378;0.016510;0.029192;0.041611;0.057002
82100;82,1;0.030591;0.018252;257;0.008614;0.016513;0.028741;0.041806;0.056007
82200;82,2;0.030495;0.018156;257;0.008494;0.016413;0.028158;0.042002;0.056664
82300;82,3;0.030466;0.018006;256;0.008419;0.016168;0.027915;0.041918;0.057322
82400;82,4;0.030451;0.017877;255;0.009290;0.016848;0.027971;0.040973;0.056894
82500;82,5;0.030328;0.017794;255;0.009211;0.017186;0.028152;0.041145;0.055672
82600;82,6;0.030094;0.017773;256;0.008557;0.016900;0.027570;0.040586;0.055316
82700;82,7;0.029949;0.017718;256;0.008655;0.016906;0.027553;0.040039;0.055354
82800;82,8;0.029900;0.017632;255;0.008959;0.017197;0.028262;0.040236;0.055467
82900;82,9;0.029751;0.017571;255;0.009058;0.017257;0.028242;0.039495;0.055429
83000;83;0.029620;0.017529;255;0.008923;0.016516;0.028096;0.039322;0.055467
83100;83,1;0.029475;0.017478;255;0.009176;0.016324;0.028182;0.040046;0.053810
83200;83,2;0.029332;0.017464;255;0.009146;0.016178;0.027519;0.039066;0.054437
83300;83,3;0.029196;0.017435;255;0.008950;0.016033;0.027153;0.038811;0.055350
83400;83,4;0.029173;0.017407;254;0.008927;0.016265;0.027132;0.038394;0.055036
83500;83,5;0.029075;0.017420;254;0.008648;0.016097;0.026959;0.038286;0.054376
83600;83,6;0.029055;0.017344;253;0.009001;0.015925;0.027436;0.039021;0.054020
83700;83,7;0.029010;0.017271;252;0.008847;0.015990;0.026941;0.039288;0.053511
83800;83,8;0.028854;0.017186;252;0.008692;0.016023;0.026831;0.039090;0.052527
83900;83,9;0.028710;0.017116;252;0.008628;0.016180;0.026505;0.038046;0.053103
84000;84;0.028611;0.017056;252;0.008938;0.015849;0.026271;0.038686;0.052660
84100;84,1;0.028524;0.016997;252;0.008507;0.015805;0.026137;0.038433;0.051469
84200;84,2;0.028459;0.016958;252;0.008747;0.015578;0.026866;0.037864;0.050723
84300;84,3;0.028384;0.016919;252;0.009093;0.015648;0.026409;0.037862;0.050460
84400;84,4;0.028348;0.016901;252;0.008610;0.015883;0.027040;0.038239;0.050727
84500;84,5;0.028359;0.016911;252;0.008243;0.015432;0.027059;0.038123;0.050415
84600;84,6;0.028419;0.016937;251;0.007972;0.015275;0.027760;0.039151;0.050699
84700;84,7;0.028427;0.016928;251;0.008132;0.015250;0.027925;0.038562;0.049791
84800;84,8;0.028450;0.016961;250;0.008291;0.015349;0.027453;0.039208;0.049699
84900;84,9;0.028402;0.016951;250;0.008188;0.016007;0.027089;0.038988;0.050149
85000;85;0.028277;0.016892;251;0.008611;0.016385;0.026707;0.039323;0.049172
85100;85,1;0.028211;0.016901;249;0.008316;0.016229;0.026966;0.039209;0.049579
85200;85,2;0.028121;0.016872;249;0.008003;0.015910;0.026992;0.038624;0.050158
85300;85,3;0.028036;0.016838;249;0.008229;0.015602;0.026649;0.038513;0.049487
85400;85,4;0.027961;0.016808;249;0.008054;0.016110;0.026770;0.038188;0.049662
85500;85,5;0.027881;0.016748;249;0.007879;0.015851;0.026444;0.038090;0.049999
85600;85,6;0.027816;0.016708;249;0.007577;0.015830;0.026387;0.037842;0.051155
85700;85,7;0.027753;0.016683;249;0.007664;0.015705;0.026168;0.037397;0.051574
85800;85,8;0.027695;0.016676;249;0.007752;0.015624;0.025643;0.037058;0.051282
85900;85,9;0.027641;0.016685;249;0.007840;0.015474;0.025142;0.036501;0.050990
86000;86;0.027617;0.016716;249;0.008163;0.015486;0.025462;0.036181;0.050438
86100;86,1;0.027684;0.016828;247;0.008151;0.015425;0.025474;0.036600;0.050056
86200;86,2;0.027710;0.016888;247;0.008163;0.015509;0.025307;0.036642;0.050115
86300;86,3;0.027762;0.016979;247;0.008038;0.015624;0.025027;0.037111;0.049971
86400;86,4;0.027811;0.017053;247;0.008190;0.015781;0.025007;0.037835;0.049758
86500;86,5;0.027914;0.017105;246;0.008030;0.016019;0.025016;0.037329;0.049975
86600;86,6;0.027918;0.017146;246;0.008321;0.016189;0.025497;0.037650;0.049932
86700;86,7;0.027903;0.017187;246;0.008265;0.016098;0.025335;0.037642;0.051083
86800;86,8;0.027824;0.017206;247;0.007759;0.015754;0.024944;0.037700;0.051080
86900;86,9;0.027767;0.017213;247;0.007677;0.015594;0.025188;0.037091;0.049718
87000;87;0.027729;0.017242;247;0.008211;0.015576;0.024982;0.036992;0.049828
87100;87,1;0.027680;0.017259;247;0.008016;0.015353;0.025675;0.037182;0.050324
87200;87,2;0.027646;0.017258;247;0.007866;0.015124;0.025919;0.037552;0.050572
87300;87,3;0.027626;0.017258;247;0.007724;0.015001;0.025969;0.037417;0.050972
87400;87,4;0.027596;0.017276;247;0.007505;0.014910;0.025609;0.037738;0.050855
87500;87,5;0.027588;0.017275;247;0.007324;0.015037;0.025179;0.037842;0.050888
87600;87,6;0.027576;0.017255;247;0.007742;0.014880;0.025189;0.038810;0.051417
87700;87,7;0.027605;0.017285;246;0.008027;0.014893;0.025297;0.038325;0.051704
87800;87,8;0.027613;0.017324;246;0.008070;0.014432;0.025534;0.037520;0.052564
87900;87,9;0.027644;0.017392;246;0.008205;0.014105;0.025363;0.038360;0.052986
88000;88;0.027732;0.017479;245;0.007949;0.013983;0.026292;0.037713;0.053407
88100;88,1;0.027746;0.017550;245;0.007834;0.014086;0.026306;0.037503;0.053263
88200;88,2;0.027735;0.017610;245;0.007648;0.014296;0.026243;0.037641;0.053473
88300;88,3;0.027806;0.017656;244;0.007462;0.014249;0.026030;0.037150;0.053853
88400;88,4;0.027760;0.017717;244;0.007257;0.014923;0.025465;0.036853;0.055092
88500;88,5;0.027601;0.017808;244;0.007090;0.014018;0.025162;0.036429;0.054923
88600;88,6;0.027554;0.017844;244;0.007170;0.014472;0.025160;0.036275;0.054942
88700;88,7;0.027554;0.017776;244;0.007250;0.014684;0.024951;0.036086;0.054084
88800;88,8;0.027506;0.017730;243;0.007563;0.014793;0.024917;0.035584;0.053649
88900;88,9;0.027491;0.017713;242;0.007605;0.014488;0.025226;0.035258;0.053528
89000;89;0.027562;0.017682;241;0.007847;0.014727;0.025430;0.034290;0.053739
89100;89,1;0.027558;0.017713;240;0.007704;0.014730;0.025368;0.034144;0.053437
89200;89,2;0.027540;0.017683;241;0.008108;0.014556;0.025438;0.034740;0.052921
89300;89,3;0.027497;0.017718;240;0.007186;0.014675;0.025004;0.035230;0.051526
89400;89,4;0.027444;0.017702;240;0.007442;0.014657;0.025191;0.035572;0.051369
89500;89,5;0.027405;0.017693;240;0.007622;0.014376;0.025351;0.035922;0.052129
89600;89,6;0.027373;0.017692;240;0.007419;0.014207;0.025475;0.036596;0.051860
89700;89,7;0.027306;0.017680;240;0.007585;0.014230;0.025673;0.036915;0.051591
89800;89,8;0.027300;0.017687;239;0.007343;0.014295;0.026231;0.036890;0.051846
89900;89,9;0.027215;0.017640;239;0.007511;0.014417;0.025934;0.037119;0.051810
90000;90;0.027145;0.017610;239;0.007362;0.014373;0.025138;0.037215;0.050698
90100;90,1;0.027071;0.017576;239;0.007456;0.014262;0.024958;0.037240;0.049586
90200;90,2;0.027006;0.017538;239;0.007688;0.013635;0.024617;0.036751;0.048612
90300;90,3;0.026962;0.017521;239;0.007573;0.013514;0.024788;0.036299;0.048351
90400;90,4;0.026876;0.017458;239;0.007425;0.013475;0.024671;0.036116;0.048150
90500;90,5;0.026811;0.017412;238;0.007337;0.013711;0.024433;0.036667;0.048317
90600;90,6;0.026691;0.017326;238;0.007346;0.013327;0.023888;0.036640;0.048483
90700;90,7;0.026586;0.017267;238;0.007402;0.013381;0.023579;0.036660;0.048749
90800;90,8;0.026536;0.017227;238;0.007650;0.013924;0.023605;0.036487;0.049125
90900;90,9;0.026486;0.017191;238;0.007341;0.014054;0.023610;0.036646;0.049610
91000;91;0.026460;0.017167;238;0.007655;0.014330;0.023653;0.036293;0.050674
91100;91,1;0.026522;0.017138;237;0.007501;0.014778;0.024159;0.035563;0.049506
91200;91,2;0.026480;0.017101;237;0.007456;0.014484;0.024083;0.035540;0.048675
91300;91,3;0.026457;0.017080;237;0.007459;0.014168;0.023872;0.035807;0.048518
91400;91,4;0.026437;0.017081;237;0.007530;0.014265;0.023647;0.036064;0.048718
91500;91,5;0.026495;0.017078;236;0.007418;0.014289;0.023582;0.035550;0.048190
91600;91,6;0.026466;0.017104;236;0.007172;0.014325;0.023468;0.035526;0.047806
91700;91,7;0.026395;0.017116;236;0.007100;0.014326;0.023746;0.036184;0.047800
91800;91,8;0.026399;0.017093;235;0.007094;0.014118;0.024119;0.035968;0.047941
91900;91,9;0.026328;0.017058;235;0.007120;0.014280;0.023872;0.035616;0.047795
92000;92;0.026255;0.017026;235;0.007036;0.014482;0.023663;0.035727;0.047418
92100;92,1;0.026190;0.017005;235;0.006621;0.014573;0.023545;0.035394;0.047292
92200;92,2;0.026198;0.016957;234;0.006468;0.015048;0.023401;0.035746;0.047500
92300;92,3;0.026127;0.016899;234;0.006561;0.015272;0.023292;0.035766;0.046976
92400;92,4;0.026029;0.016808;234;0.006445;0.015295;0.022903;0.035137;0.046452
92500;92,5;0.025946;0.016696;234;0.006123;0.015475;0.022791;0.035122;0.045530
92600;92,6;0.025878;0.016616;233;0.005942;0.015226;0.022929;0.034987;0.046183
92700;92,7;0.025756;0.016495;233;0.005898;0.015090;0.022704;0.034749;0.045961
92800;92,8;0.025636;0.016370;233;0.005881;0.014947;0.022661;0.035131;0.045947
92900;92,9;0.025518;0.016240;233;0.006148;0.014601;0.022615;0.035405;0.046263
93000;93;0.025401;0.016108;233;0.006356;0.014606;0.022531;0.035834;0.046143
93100;93,1;0.025267;0.015961;233;0.005913;0.014312;0.022118;0.034518;0.047291
93200;93,2;0.025130;0.015810;233;0.006056;0.014386;0.022097;0.034846;0.046995
93300;93,3;0.025060;0.015685;232;0.006178;0.014498;0.021782;0.034657;0.046762
93400;93,4;0.024937;0.015599;232;0.006372;0.014134;0.021955;0.034117;0.046007
93500;93,5;0.024823;0.015537;232;0.006393;0.014256;0.021758;0.033989;0.046928
93600;93,6;0.024688;0.015476;232;0.006670;0.014343;0.021711;0.033417;0.046088
93700;93,7;0.024566;0.015417;232;0.006522;0.013649;0.021595;0.033018;0.045855
93800;93,8;0.024477;0.015385;232;0.006374;0.013095;0.021724;0.032551;0.046413
93900;93,9;0.024430;0.015374;232;0.006430;0.012985;0.021879;0.031934;0.046655
94000;94;0.024400;0.015372;232;0.006545;0.013349;0.022264;0.032192;0.046207
94100;94,1;0.024357;0.015379;232;0.006238;0.013774;0.022008;0.032723;0.046823
94200;94,2;0.024326;0.015395;232;0.005785;0.013587;0.021582;0.032782;0.047028
94300;94,3;0.024302;0.015402;232;0.005780;0.013520;0.021460;0.033210;0.047473
94400;94,4;0.024283;0.015391;232;0.005769;0.013453;0.021331;0.033639;0.048157
94500;94,5;0.024243;0.015377;232;0.005843;0.013347;0.020780;0.034067;0.048007
94600;94,6;0.024198;0.015336;232;0.006209;0.013595;0.020772;0.034166;0.048947
94700;94,7;0.024174;0.015312;232;0.006230;0.013547;0.020869;0.033958;0.047849
94800;94,8;0.024155;0.015290;232;0.006577;0.013409;0.021025;0.033803;0.046556
94900;94,9;0.024139;0.015268;232;0.006310;0.013316;0.020838;0.033684;0.045513
95000;95;0.024125;0.015262;232;0.006291;0.013223;0.020885;0.033836;0.045072
95100;95,1;0.024124;0.015267;232;0.005973;0.013246;0.020966;0.034281;0.045009
95200;95,2;0.024126;0.015299;232;0.005778;0.013232;0.021267;0.034016;0.045048
95300;95,3;0.024134;0.015333;232;0.005826;0.013138;0.021068;0.034487;0.045211
95400;95,4;0.024187;0.015377;231;0.006110;0.013094;0.020877;0.034918;0.044990
95500;95,5;0.024231;0.015369;230;0.006411;0.013276;0.021321;0.034118;0.044768
95600;95,6;0.024190;0.015348;231;0.006507;0.013410;0.021351;0.034231;0.045237
95700;95,7;0.024310;0.015313;230;0.006381;0.013472;0.021330;0.033987;0.045882
95800;95,8;0.024369;0.015364;229;0.006255;0.013342;0.022182;0.034250;0.047191
95900;95,9;0.024381;0.015358;230;0.006136;0.013141;0.022404;0.034207;0.046718
96000;96;0.024388;0.015381;230;0.006371;0.013044;0.022008;0.033977;0.046235
96100;96,1;0.024483;0.015336;229;0.006553;0.013328;0.022158;0.033605;0.045758
96200;96,2;0.024512;0.015368;228;0.006472;0.013686;0.021883;0.033686;0.045280
96300;96,3;0.024490;0.015367;228;0.006920;0.013637;0.021811;0.033950;0.045012
96400;96,4;0.024478;0.015359;228;0.006875;0.013880;0.022193;0.033637;0.045188
96500;96,5;0.024455;0.015359;228;0.006524;0.013722;0.021927;0.033557;0.046376
96600;96,6;0.024425;0.015351;228;0.006588;0.013616;0.021935;0.033321;0.046288
96700;96,7;0.024402;0.015346;228;0.006652;0.013682;0.021888;0.032583;0.046516
96800;96,8;0.024374;0.015333;228;0.006716;0.013738;0.021678;0.032604;0.045865
96900;96,9;0.024292;0.015332;228;0.006934;0.013492;0.021427;0.033080;0.045514
97000;97;0.024189;0.015310;228;0.006753;0.013711;0.021268;0.033309;0.045667
97100;97,1;0.024080;0.015265;228;0.006473;0.013352;0.020854;0.033492;0.046073
97200;97,2;0.023958;0.015196;228;0.006346;0.013062;0.020693;0.033615;0.045594
97300;97,3;0.023929;0.015122;227;0.006589;0.013117;0.020997;0.033785;0.044887
97400;97,4;0.023836;0.015042;227;0.006436;0.013302;0.021276;0.032982;0.043757
97500;97,5;0.023733;0.014942;227;0.006341;0.013316;0.020932;0.032666;0.043506
97600;97,6;0.023625;0.014828;227;0.006373;0.013195;0.021165;0.032817;0.043727
97700;97,7;0.023500;0.014729;227;0.006025;0.013178;0.021053;0.033129;0.043023
97800;97,8;0.023350;0.014602;227;0.005867;0.013067;0.020494;0.033031;0.042757
97900;97,9;0.023181;0.014458;227;0.005708;0.012734;0.019973;0.032174;0.043110
98000;98;0.022999;0.014299;227;0.005976;0.012721;0.019702;0.032038;0.042286
98100;98,1;0.022840;0.014142;227;0.006222;0.012880;0.020057;0.032299;0.042580
98200;98,2;0.022717;0.014010;227;0.006207;0.012694;0.020322;0.031768;0.041919
98300;98,3;0.022578;0.013867;227;0.006252;0.012848;0.020309;0.031294;0.041447
98400;98,4;0.022454;0.013733;227;0.006304;0.012740;0.020326;0.030720;0.041120
98500;98,5;0.022331;0.013621;227;0.006285;0.012363;0.020277;0.030226;0.040797
98600;98,6;0.022199;0.013524;227;0.006300;0.012405;0.020334;0.029860;0.040546
98700;98,7;0.022105;0.013419;227;0.005969;0.012400;0.020496;0.029880;0.040088
98800;98,8;0.022111;0.013272;226;0.005808;0.012561;0.020762;0.030441;0.039661
98900;98,9;0.021974;0.013239;226;0.005573;0.012584;0.021003;0.030089;0.039674
99000;99;0.021937;0.013172;226;0.005587;0.012148;0.021245;0.030193;0.040258
99100;99,1;0.021968;0.013060;225;0.005760;0.012794;0.021206;0.030209;0.039803
99200;99,2;0.022029;0.013004;223;0.005577;0.012837;0.021351;0.030373;0.039415
99300;99,3;0.021888;0.012997;225;0.005381;0.012662;0.021157;0.030054;0.039133
99400;99,4;0.021958;0.012930;224;0.005573;0.012516;0.020576;0.030483;0.039126
99500;99,5;0.021984;0.012954;223;0.005764;0.012370;0.020738;0.030284;0.039012
99600;99,6;0.022014;0.013014;223;0.005956;0.012462;0.020614;0.030421;0.039683
99700;99,7;0.022039;0.013098;223;0.005841;0.012260;0.020699;0.030616;0.040353
99800;99,8;0.022150;0.013175;222;0.006493;0.012621;0.020870;0.030414;0.040224
99900;99,9;0.022146;0.013274;223;0.005941;0.012916;0.020999;0.030349;0.040006
100000;100;0.022267;0.013357;222;0.005642;0.012613;0.020819;0.030175;0.039788
