dist;dist_km;artificial_av;artificial_stdev;count
100;0;0.232386;0.178277;2
200;0,1;0.241094;0.085831;11
300;0,2;0.195053;0.061698;44
400;0,3;0.191191;0.061343;81
500;0,4;0.187585;0.069692;131
600;0,5;0.180934;0.062232;181
700;0,6;0.175995;0.059555;216
800;0,7;0.172744;0.057948;251
900;0,8;0.170553;0.055947;273
1000;0,9;0.169604;0.055651;285
1100;1;0.168273;0.054436;291
1200;1,1;0.166838;0.054969;294
1300;1,2;0.165724;0.055187;298
1400;1,3;0.164621;0.053163;300
1500;1,4;0.163477;0.051730;300
1600;1,5;0.162575;0.050740;301
1700;1,6;0.161839;0.050385;301
1800;1,7;0.161193;0.050252;301
1900;1,8;0.160865;0.050229;302
2000;1,9;0.160300;0.050187;302
2100;2;0.159618;0.050323;302
2200;2,1;0.158735;0.049744;302
2300;2,2;0.157829;0.049247;302
2400;2,3;0.157107;0.048798;302
2500;2,4;0.156750;0.048472;302
2600;2,5;0.156423;0.048429;302
2700;2,6;0.155802;0.048459;302
2800;2,7;0.155067;0.048711;302
2900;2,8;0.154118;0.048444;302
3000;2,9;0.153027;0.048198;302
3100;3;0.151926;0.047996;302
3200;3,1;0.150822;0.047607;302
3300;3,2;0.150084;0.047352;302
3400;3,3;0.149374;0.046889;302
3500;3,4;0.148470;0.046544;302
3600;3,5;0.147682;0.046241;302
3700;3,6;0.147066;0.045991;302
3800;3,7;0.146642;0.045753;302
3900;3,8;0.146470;0.045567;302
4000;3,9;0.146294;0.045154;302
4100;4;0.146005;0.044751;302
4200;4,1;0.145916;0.044368;302
4300;4,2;0.145859;0.044057;302
4400;4,3;0.145456;0.043740;302
4500;4,4;0.145022;0.043567;302
4600;4,5;0.144728;0.043666;302
4700;4,6;0.144393;0.043701;302
4800;4,7;0.144129;0.043645;302
4900;4,8;0.143823;0.043596;302
5000;4,9;0.143262;0.043536;302
5100;5;0.142861;0.043772;302
5200;5,1;0.142499;0.043932;302
5300;5,2;0.142049;0.043815;302
5400;5,3;0.141504;0.043629;302
5500;5,4;0.140623;0.043142;302
5600;5,5;0.139728;0.042594;302
5700;5,6;0.138786;0.041960;302
5800;5,7;0.137771;0.041457;302
5900;5,8;0.136746;0.040939;302
6000;5,9;0.136003;0.040528;302
6100;6;0.135431;0.040345;302
6200;6,1;0.134976;0.040401;302
6300;6,2;0.134633;0.040426;302
6400;6,3;0.134219;0.040339;302
6500;6,4;0.133799;0.040281;302
6600;6,5;0.133408;0.040295;302
6700;6,6;0.132912;0.040034;302
6800;6,7;0.132215;0.039600;302
6900;6,8;0.131551;0.039211;302
7000;6,9;0.130926;0.038811;302
7100;7;0.130321;0.038359;302
7200;7,1;0.129561;0.037822;302
7300;7,2;0.128810;0.037494;302
7400;7,3;0.128184;0.037400;302
7500;7,4;0.127748;0.037402;302
7600;7,5;0.127270;0.037500;302
7700;7,6;0.126674;0.037577;302
7800;7,7;0.126106;0.037803;302
7900;7,8;0.125751;0.037973;302
8000;7,9;0.125391;0.038278;302
8100;8;0.124996;0.038516;302
8200;8,1;0.124504;0.038530;302
8300;8,2;0.124001;0.038396;302
8400;8,3;0.123441;0.038059;302
8500;8,4;0.122759;0.037729;302
8600;8,5;0.121928;0.037206;302
8700;8,6;0.121019;0.036685;302
8800;8,7;0.120256;0.036287;302
8900;8,8;0.119594;0.036008;302
9000;8,9;0.118836;0.035645;302
9100;9;0.118066;0.035196;302
9200;9,1;0.117227;0.034566;302
9300;9,2;0.116416;0.033886;302
9400;9,3;0.115722;0.033556;302
9500;9,4;0.115066;0.033387;302
9600;9,5;0.114565;0.033407;302
9700;9,6;0.114243;0.033617;302
9800;9,7;0.113908;0.033919;302
9900;9,8;0.113457;0.033966;302
10000;9,9;0.112911;0.033730;302
10100;10;0.112313;0.033330;302
10200;10,1;0.111823;0.032856;302
10300;10,2;0.111364;0.032454;302
10400;10,3;0.110886;0.032240;302
10500;10,4;0.110459;0.032220;302
10600;10,5;0.110184;0.032242;302
10700;10,6;0.109885;0.032055;302
10800;10,7;0.109516;0.031871;302
10900;10,8;0.109066;0.031671;302
11000;10,9;0.108507;0.031504;302
11100;11;0.107940;0.031484;302
11200;11,1;0.107368;0.031551;302
11300;11,2;0.106789;0.031611;302
11400;11,3;0.106149;0.031519;302
11500;11,4;0.105486;0.031355;302
11600;11,5;0.104799;0.031305;302
11700;11,6;0.104244;0.031399;302
11800;11,7;0.103846;0.031610;302
11900;11,8;0.103381;0.031637;302
12000;11,9;0.102970;0.031760;302
12100;12;0.102583;0.031771;302
12200;12,1;0.102072;0.031501;302
12300;12,2;0.101510;0.031235;302
12400;12,3;0.100950;0.030996;302
12500;12,4;0.100337;0.030768;302
12600;12,5;0.099758;0.030541;302
12700;12,6;0.099258;0.030390;302
12800;12,7;0.098735;0.030175;302
12900;12,8;0.098214;0.029808;302
13000;12,9;0.097713;0.029498;302
13100;13;0.097311;0.029296;302
13200;13,1;0.096902;0.029053;302
13300;13,2;0.096537;0.028828;302
13400;13,3;0.096232;0.028635;302
13500;13,4;0.095845;0.028433;302
13600;13,5;0.095451;0.028209;302
13700;13,6;0.095070;0.028053;302
13800;13,7;0.094654;0.027947;302
13900;13,8;0.094141;0.027780;302
14000;13,9;0.093561;0.027645;302
14100;14;0.093067;0.027465;302
14200;14,1;0.092691;0.027447;302
14300;14,2;0.092314;0.027441;302
14400;14,3;0.091883;0.027353;302
14500;14,4;0.091444;0.027352;302
14600;14,5;0.090968;0.027350;302
14700;14,6;0.090582;0.027470;302
14800;14,7;0.090217;0.027640;302
14900;14,8;0.089784;0.027730;302
15000;14,9;0.089400;0.027847;302
15100;15;0.088989;0.027936;302
15200;15,1;0.088430;0.027688;302
15300;15,2;0.087795;0.027390;302
15400;15,3;0.087204;0.027194;302
15500;15,4;0.086590;0.026952;302
15600;15,5;0.086028;0.026684;302
15700;15,6;0.085621;0.026427;302
15800;15,7;0.085289;0.026231;302
15900;15,8;0.084940;0.026054;302
16000;15,9;0.084596;0.025923;302
16100;16;0.084202;0.025823;302
16200;16,1;0.083780;0.025758;302
16300;16,2;0.083371;0.025673;302
16400;16,3;0.082902;0.025577;302
16500;16,4;0.082507;0.025520;302
16600;16,5;0.082070;0.025528;302
16700;16,6;0.081590;0.025416;302
16800;16,7;0.081091;0.025283;302
16900;16,8;0.080558;0.025148;302
17000;16,9;0.080061;0.024951;302
17100;17;0.079597;0.024816;302
17200;17,1;0.079185;0.024748;302
17300;17,2;0.078774;0.024671;302
17400;17,3;0.078360;0.024602;302
17500;17,4;0.077988;0.024515;302
17600;17,5;0.077611;0.024346;302
17700;17,6;0.077247;0.024212;302
17800;17,7;0.076838;0.024022;302
17900;17,8;0.076400;0.023830;302
18000;17,9;0.076080;0.023621;302
18100;18;0.075845;0.023389;302
18200;18,1;0.075600;0.023172;302
18300;18,2;0.075317;0.022976;302
18400;18,3;0.075039;0.022820;302
18500;18,4;0.074723;0.022793;302
18600;18,5;0.074346;0.022799;302
18700;18,6;0.073998;0.022863;302
18800;18,7;0.073628;0.022967;302
18900;18,8;0.073215;0.022990;302
19000;18,9;0.072757;0.022837;302
19100;19;0.072342;0.022595;302
19200;19,1;0.071912;0.022364;302
19300;19,2;0.071510;0.022218;302
19400;19,3;0.071117;0.022092;302
19500;19,4;0.070677;0.021974;302
19600;19,5;0.070222;0.021820;302
19700;19,6;0.069727;0.021596;302
19800;19,7;0.069228;0.021348;302
19900;19,8;0.068769;0.021116;302
20000;19,9;0.068293;0.020772;302
20100;20;0.067868;0.020521;302
20200;20,1;0.067482;0.020320;302
20300;20,2;0.067095;0.020101;302
20400;20,3;0.066761;0.019931;302
20500;20,4;0.066462;0.019784;302
20600;20,5;0.066155;0.019708;302
20700;20,6;0.065817;0.019565;302
20800;20,7;0.065537;0.019494;302
20900;20,8;0.065298;0.019456;302
21000;20,9;0.065058;0.019507;302
21100;21;0.064794;0.019667;302
21200;21,1;0.064516;0.019857;302
21300;21,2;0.064244;0.020005;302
21400;21,3;0.064002;0.020198;302
21500;21,4;0.063749;0.020282;302
21600;21,5;0.063435;0.020224;302
21700;21,6;0.063141;0.020111;302
21800;21,7;0.062763;0.019914;302
21900;21,8;0.062332;0.019689;302
22000;21,9;0.061936;0.019517;302
22100;22;0.061569;0.019345;302
22200;22,1;0.061233;0.019218;302
22300;22,2;0.060975;0.019092;302
22400;22,3;0.060766;0.019005;302
22500;22,4;0.060571;0.018980;302
22600;22,5;0.060294;0.018935;302
22700;22,6;0.060099;0.018930;302
22800;22,7;0.059958;0.019018;302
22900;22,8;0.059796;0.019055;302
23000;22,9;0.059604;0.018885;302
23100;23;0.059331;0.018611;302
23200;23,1;0.059061;0.018343;302
23300;23,2;0.058763;0.018121;302
23400;23,3;0.058436;0.017953;302
23500;23,4;0.058138;0.017853;302
23600;23,5;0.057836;0.017799;302
23700;23,6;0.057573;0.017758;302
23800;23,7;0.057254;0.017693;302
23900;23,8;0.056937;0.017594;302
24000;23,9;0.056647;0.017475;302
24100;24;0.056380;0.017388;302
24200;24,1;0.056088;0.017331;302
24300;24,2;0.055826;0.017324;302
24400;24,3;0.055619;0.017355;302
24500;24,4;0.055467;0.017414;302
24600;24,5;0.055311;0.017497;302
24700;24,6;0.055125;0.017596;302
24800;24,7;0.054857;0.017637;302
24900;24,8;0.054549;0.017651;302
25000;24,9;0.054214;0.017675;302
25100;25;0.053900;0.017678;302
25200;25,1;0.053614;0.017637;302
25300;25,2;0.053341;0.017587;302
25400;25,3;0.053067;0.017573;302
25500;25,4;0.052820;0.017564;302
25600;25,5;0.052574;0.017575;302
25700;25,6;0.052350;0.017553;302
25800;25,7;0.052130;0.017444;302
25900;25,8;0.051924;0.017335;302
26000;25,9;0.051704;0.017203;302
26100;26;0.051482;0.017067;302
26200;26,1;0.051252;0.016993;302
26300;26,2;0.051011;0.016938;302
26400;26,3;0.050743;0.016901;302
26500;26,4;0.050492;0.016878;302
26600;26,5;0.050235;0.016827;302
26700;26,6;0.049939;0.016820;302
26800;26,7;0.049621;0.016774;302
26900;26,8;0.049304;0.016708;302
27000;26,9;0.048971;0.016580;302
27100;27;0.048637;0.016468;302
27200;27,1;0.048330;0.016359;302
27300;27,2;0.048055;0.016253;302
27400;27,3;0.047801;0.016186;302
27500;27,4;0.047595;0.016146;302
27600;27,5;0.047404;0.016107;302
27700;27,6;0.047205;0.016064;302
27800;27,7;0.047039;0.016025;302
27900;27,8;0.046861;0.015985;302
28000;27,9;0.046684;0.015927;302
28100;28;0.046520;0.015844;302
28200;28,1;0.046373;0.015783;302
28300;28,2;0.046216;0.015708;302
28400;28,3;0.046035;0.015649;302
28500;28,4;0.045830;0.015585;302
28600;28,5;0.045629;0.015520;302
28700;28,6;0.045449;0.015476;302
28800;28,7;0.045279;0.015402;302
28900;28,8;0.045085;0.015283;302
29000;28,9;0.044835;0.015150;302
29100;29;0.044613;0.015070;302
29200;29,1;0.044404;0.015020;302
29300;29,2;0.044220;0.015000;302
29400;29,3;0.044041;0.015011;302
29500;29,4;0.043904;0.015078;302
29600;29,5;0.043839;0.015178;302
29700;29,6;0.043768;0.015307;302
29800;29,7;0.043672;0.015435;302
29900;29,8;0.043555;0.015535;302
30000;29,9;0.043410;0.015538;302
30100;30;0.043193;0.015432;302
30200;30,1;0.043000;0.015342;302
30300;30,2;0.042869;0.015289;302
30400;30,3;0.042722;0.015247;302
30500;30,4;0.042561;0.015248;302
30600;30,5;0.042422;0.015283;302
30700;30,6;0.042281;0.015338;302
30800;30,7;0.042154;0.015412;302
30900;30,8;0.042040;0.015489;302
31000;30,9;0.041926;0.015518;302
31100;31;0.041820;0.015576;302
31200;31,1;0.041687;0.015648;302
31300;31,2;0.041544;0.015709;302
31400;31,3;0.041375;0.015699;302
31500;31,4;0.041234;0.015689;302
31600;31,5;0.041134;0.015688;302
31700;31,6;0.041017;0.015666;302
31800;31,7;0.040907;0.015647;302
31900;31,8;0.040778;0.015646;302
32000;31,9;0.040639;0.015633;302
32100;32;0.040512;0.015644;302
32200;32,1;0.040400;0.015669;302
32300;32,2;0.040292;0.015673;302
32400;32,3;0.040205;0.015695;302
32500;32,4;0.040120;0.015712;302
32600;32,5;0.040031;0.015716;302
32700;32,6;0.039929;0.015677;302
32800;32,7;0.039854;0.015648;302
32900;32,8;0.039757;0.015569;302
33000;32,9;0.039664;0.015496;302
33100;33;0.039553;0.015420;302
33200;33,1;0.039400;0.015335;302
33300;33,2;0.039253;0.015258;302
33400;33,3;0.039077;0.015176;302
33500;33,4;0.038911;0.015135;302
33600;33,5;0.038762;0.015080;302
33700;33,6;0.038618;0.015049;302
33800;33,7;0.038454;0.015000;302
33900;33,8;0.038288;0.014932;302
34000;33,9;0.038090;0.014816;302
34100;34;0.037929;0.014671;302
34200;34,1;0.037777;0.014539;302
34300;34,2;0.037634;0.014420;302
34400;34,3;0.037468;0.014311;302
34500;34,4;0.037284;0.014202;302
34600;34,5;0.037133;0.014098;302
34700;34,6;0.036997;0.014003;302
34800;34,7;0.036865;0.013940;302
34900;34,8;0.036728;0.013910;302
35000;34,9;0.036610;0.013873;302
35100;35;0.036485;0.013833;302
35200;35,1;0.036374;0.013807;302
35300;35,2;0.036265;0.013775;302
35400;35,3;0.036148;0.013725;302
35500;35,4;0.036056;0.013687;302
35600;35,5;0.035946;0.013638;302
35700;35,6;0.035811;0.013577;302
35800;35,7;0.035676;0.013549;302
35900;35,8;0.035584;0.013547;302
36000;35,9;0.035490;0.013543;302
36100;36;0.035377;0.013524;302
36200;36,1;0.035243;0.013505;302
36300;36,2;0.035112;0.013453;302
36400;36,3;0.034987;0.013387;302
36500;36,4;0.034894;0.013350;302
36600;36,5;0.034788;0.013326;302
36700;36,6;0.034698;0.013321;302
36800;36,7;0.034607;0.013297;302
36900;36,8;0.034519;0.013288;302
37000;36,9;0.034445;0.013289;302
37100;37;0.034382;0.013288;302
37200;37,1;0.034303;0.013280;302
37300;37,2;0.034230;0.013271;302
37400;37,3;0.034154;0.013259;302
37500;37,4;0.034077;0.013236;302
37600;37,5;0.033949;0.013168;302
37700;37,6;0.033798;0.013074;302
37800;37,7;0.033637;0.012996;302
37900;37,8;0.033461;0.012917;302
38000;37,9;0.033317;0.012834;302
38100;38;0.033202;0.012761;302
38200;38,1;0.033090;0.012692;302
38300;38,2;0.032984;0.012613;302
38400;38,3;0.032876;0.012524;302
38500;38,4;0.032799;0.012500;302
38600;38,5;0.032735;0.012457;302
38700;38,6;0.032658;0.012407;302
38800;38,7;0.032577;0.012373;302
38900;38,8;0.032521;0.012333;302
39000;38,9;0.032489;0.012322;302
39100;39;0.032444;0.012328;302
39200;39,1;0.032352;0.012289;302
39300;39,2;0.032243;0.012217;302
39400;39,3;0.032152;0.012158;302
39500;39,4;0.032072;0.012118;302
39600;39,5;0.031979;0.012099;302
39700;39,6;0.031880;0.012101;302
39800;39,7;0.031831;0.012126;302
39900;39,8;0.031798;0.012161;302
40000;39,9;0.031768;0.012197;302
40100;40;0.031711;0.012272;302
40200;40,1;0.031668;0.012344;302
40300;40,2;0.031615;0.012399;302
40400;40,3;0.031591;0.012427;302
40500;40,4;0.031552;0.012432;302
40600;40,5;0.031470;0.012390;302
40700;40,6;0.031363;0.012345;302
40800;40,7;0.031247;0.012285;302
40900;40,8;0.031123;0.012236;302
41000;40,9;0.031018;0.012197;302
41100;41;0.030902;0.012175;302
41200;41,1;0.030781;0.012143;302
41300;41,2;0.030662;0.012121;302
41400;41,3;0.030578;0.012099;302
41500;41,4;0.030498;0.012069;302
41600;41,5;0.030455;0.012071;301
41700;41,6;0.030396;0.012037;301
41800;41,7;0.030368;0.012021;301
41900;41,8;0.030337;0.012008;301
42000;41,9;0.030318;0.012014;301
42100;42;0.030291;0.012024;301
42200;42,1;0.030254;0.012019;301
42300;42,2;0.030207;0.012008;301
42400;42,3;0.030178;0.012019;301
42500;42,4;0.030135;0.012062;301
42600;42,5;0.030060;0.012108;301
42700;42,6;0.029961;0.012179;301
42800;42,7;0.029858;0.012254;301
42900;42,8;0.029744;0.012261;301
43000;42,9;0.029644;0.012281;301
43100;43;0.029545;0.012305;301
43200;43,1;0.029426;0.012289;301
43300;43,2;0.029308;0.012284;301
43400;43,3;0.029224;0.012268;301
43500;43,4;0.029139;0.012255;301
43600;43,5;0.029042;0.012254;301
43700;43,6;0.028925;0.012228;301
43800;43,7;0.028840;0.012197;301
43900;43,8;0.028763;0.012129;301
44000;43,9;0.028665;0.011996;301
44100;44;0.028583;0.011868;301
44200;44,1;0.028525;0.011755;301
44300;44,2;0.028470;0.011637;301
44400;44,3;0.028426;0.011527;301
44500;44,4;0.028372;0.011419;301
44600;44,5;0.028286;0.011300;301
44700;44,6;0.028200;0.011192;301
44800;44,7;0.028128;0.011082;301
44900;44,8;0.028050;0.010993;301
45000;44,9;0.027970;0.010938;301
45100;45;0.027853;0.010911;301
45200;45,1;0.027735;0.010873;301
45300;45,2;0.027566;0.010802;301
45400;45,3;0.027400;0.010729;301
45500;45,4;0.027260;0.010651;301
45600;45,5;0.027136;0.010575;301
45700;45,6;0.027023;0.010521;301
45800;45,7;0.026975;0.010472;300
45900;45,8;0.026888;0.010450;300
46000;45,9;0.026807;0.010459;300
46100;46;0.026727;0.010487;300
46200;46,1;0.026623;0.010515;300
46300;46,2;0.026588;0.010469;299
46400;46,3;0.026506;0.010473;299
46500;46,4;0.026431;0.010476;299
46600;46,5;0.026368;0.010478;299
46700;46,6;0.026310;0.010430;299
46800;46,7;0.026275;0.010392;299
46900;46,8;0.026256;0.010349;299
47000;46,9;0.026226;0.010337;299
47100;47;0.026198;0.010326;299
47200;47,1;0.026156;0.010309;299
47300;47,2;0.026121;0.010298;299
47400;47,3;0.026097;0.010299;299
47500;47,4;0.026058;0.010295;299
47600;47,5;0.025996;0.010287;299
47700;47,6;0.025932;0.010274;299
47800;47,7;0.025862;0.010248;299
47900;47,8;0.025821;0.010222;298
48000;47,9;0.025745;0.010218;298
48100;48;0.025695;0.010196;298
48200;48,1;0.025643;0.010152;298
48300;48,2;0.025548;0.010101;299
48400;48,3;0.025503;0.010060;299
48500;48,4;0.025474;0.010044;299
48600;48,5;0.025479;0.010041;299
48700;48,6;0.025538;0.010021;298
48800;48,7;0.025552;0.010022;298
48900;48,8;0.025558;0.010042;298
49000;48,9;0.025524;0.010043;298
49100;49;0.025465;0.010047;298
49200;49,1;0.025411;0.010051;298
49300;49,2;0.025371;0.010067;298
49400;49,3;0.025312;0.010077;299
49500;49,4;0.025243;0.010093;299
49600;49,5;0.025164;0.010081;299
49700;49,6;0.025127;0.010040;298
49800;49,7;0.025061;0.010018;298
49900;49,8;0.025009;0.009983;298
50000;49,9;0.024912;0.009965;299
50100;50;0.024882;0.009967;299
50200;50,1;0.024835;0.009968;299
50300;50,2;0.024776;0.009950;299
50400;50,3;0.024734;0.009911;299
50500;50,4;0.024700;0.009870;299
50600;50,5;0.024667;0.009835;299
50700;50,6;0.024615;0.009787;299
50800;50,7;0.024554;0.009728;299
50900;50,8;0.024486;0.009692;299
51000;50,9;0.024458;0.009634;298
51100;51;0.024390;0.009616;298
51200;51,1;0.024354;0.009565;297
51300;51,2;0.024275;0.009531;298
51400;51,3;0.024213;0.009525;298
51500;51,4;0.024159;0.009520;298
51600;51,5;0.024136;0.009516;297
51700;51,6;0.024121;0.009508;296
51800;51,7;0.024062;0.009517;296
51900;51,8;0.023998;0.009524;296
52000;51,9;0.023943;0.009514;296
52100;52;0.023908;0.009485;296
52200;52,1;0.023937;0.009369;295
52300;52,2;0.023877;0.009359;295
52400;52,3;0.023830;0.009387;295
52500;52,4;0.023793;0.009420;295
52600;52,5;0.023795;0.009457;294
52700;52,6;0.023743;0.009461;294
52800;52,7;0.023698;0.009458;294
52900;52,8;0.023658;0.009453;294
53000;52,9;0.023626;0.009437;294
53100;53;0.023599;0.009416;294
53200;53,1;0.023601;0.009384;293
53300;53,2;0.023581;0.009367;293
53400;53,3;0.023556;0.009366;293
53500;53,4;0.023511;0.009345;293
53600;53,5;0.023443;0.009284;293
53700;53,6;0.023345;0.009215;293
53800;53,7;0.023232;0.009155;293
53900;53,8;0.023127;0.009101;293
54000;53,9;0.023038;0.009050;293
54100;54;0.022971;0.009013;293
54200;54,1;0.022921;0.008995;293
54300;54,2;0.022878;0.008985;293
54400;54,3;0.022836;0.008987;293
54500;54,4;0.022795;0.009010;293
54600;54,5;0.022753;0.009034;293
54700;54,6;0.022701;0.009023;293
54800;54,7;0.022677;0.009011;292
54900;54,8;0.022624;0.008984;292
55000;54,9;0.022628;0.008884;291
55100;55;0.022556;0.008850;291
55200;55,1;0.022477;0.008808;291
55300;55,2;0.022384;0.008748;291
55400;55,3;0.022288;0.008709;291
55500;55,4;0.022205;0.008690;291
55600;55,5;0.022122;0.008682;291
55700;55,6;0.022036;0.008657;291
55800;55,7;0.021952;0.008646;291
55900;55,8;0.021884;0.008664;291
56000;55,9;0.021824;0.008668;291
56100;56;0.021785;0.008669;291
56200;56,1;0.021746;0.008681;291
56300;56,2;0.021709;0.008695;291
56400;56,3;0.021671;0.008698;291
56500;56,4;0.021634;0.008681;291
56600;56,5;0.021615;0.008654;291
56700;56,6;0.021594;0.008619;291
56800;56,7;0.021575;0.008566;291
56900;56,8;0.021568;0.008522;291
57000;56,9;0.021543;0.008486;291
57100;57;0.021561;0.008416;290
57200;57,1;0.021534;0.008408;290
57300;57,2;0.021511;0.008414;290
57400;57,3;0.021479;0.008405;290
57500;57,4;0.021439;0.008411;290
57600;57,5;0.021409;0.008424;290
57700;57,6;0.021392;0.008425;290
57800;57,7;0.021370;0.008416;290
57900;57,8;0.021358;0.008416;290
58000;57,9;0.021329;0.008429;290
58100;58;0.021321;0.008442;289
58200;58,1;0.021275;0.008444;289
58300;58,2;0.021237;0.008434;289
58400;58,3;0.021211;0.008438;289
58500;58,4;0.021185;0.008450;289
58600;58,5;0.021165;0.008474;289
58700;58,6;0.021167;0.008489;289
58800;58,7;0.021163;0.008498;289
58900;58,8;0.021146;0.008488;289
59000;58,9;0.021117;0.008464;289
59100;59;0.021083;0.008453;289
59200;59,1;0.021045;0.008444;289
59300;59,2;0.021018;0.008433;289
59400;59,3;0.020995;0.008429;289
59500;59,4;0.020964;0.008430;289
59600;59,5;0.020947;0.008437;288
59700;59,6;0.020917;0.008424;288
59800;59,7;0.020874;0.008400;288
59900;59,8;0.020812;0.008384;288
60000;59,9;0.020734;0.008355;288
60100;60;0.020645;0.008328;288
60200;60,1;0.020587;0.008321;288
60300;60,2;0.020536;0.008316;288
60400;60,3;0.020477;0.008292;288
60500;60,4;0.020431;0.008258;288
60600;60,5;0.020411;0.008230;288
60700;60,6;0.020401;0.008208;287
60800;60,7;0.020351;0.008198;288
60900;60,8;0.020331;0.008208;288
61000;60,9;0.020304;0.008217;288
61100;61;0.020273;0.008218;288
61200;61,1;0.020248;0.008220;288
61300;61,2;0.020230;0.008230;288
61400;61,3;0.020194;0.008232;288
61500;61,4;0.020151;0.008237;288
61600;61,5;0.020095;0.008242;288
61700;61,6;0.020059;0.008224;287
61800;61,7;0.019997;0.008209;287
61900;61,8;0.020002;0.008182;285
62000;61,9;0.019931;0.008165;285
62100;62;0.019865;0.008169;285
62200;62,1;0.019813;0.008193;285
62300;62,2;0.019776;0.008230;285
62400;62,3;0.019759;0.008271;285
62500;62,4;0.019747;0.008303;285
62600;62,5;0.019737;0.008328;285
62700;62,6;0.019719;0.008345;285
62800;62,7;0.019692;0.008338;285
62900;62,8;0.019644;0.008330;285
63000;62,9;0.019581;0.008301;285
63100;63;0.019522;0.008283;285
63200;63,1;0.019478;0.008272;285
63300;63,2;0.019446;0.008262;285
63400;63,3;0.019430;0.008268;285
63500;63,4;0.019401;0.008278;285
63600;63,5;0.019387;0.008290;285
63700;63,6;0.019433;0.008257;284
63800;63,7;0.019428;0.008263;284
63900;63,8;0.019409;0.008254;284
64000;63,9;0.019384;0.008251;284
64100;64;0.019355;0.008256;284
64200;64,1;0.019323;0.008274;284
64300;64,2;0.019349;0.008256;283
64400;64,3;0.019342;0.008270;283
64500;64,4;0.019325;0.008278;283
64600;64,5;0.019333;0.008275;282
64700;64,6;0.019296;0.008273;282
64800;64,7;0.019270;0.008271;282
64900;64,8;0.019246;0.008275;282
65000;64,9;0.019259;0.008242;280
65100;65;0.019223;0.008225;280
65200;65,1;0.019191;0.008200;280
65300;65,2;0.019158;0.008183;280
65400;65,3;0.019148;0.008179;279
65500;65,4;0.019117;0.008162;279
65600;65,5;0.019101;0.008152;279
65700;65,6;0.019069;0.008150;279
65800;65,7;0.019028;0.008165;279
65900;65,8;0.018975;0.008198;279
66000;65,9;0.018939;0.008236;279
66100;66;0.018916;0.008276;279
66200;66,1;0.018901;0.008310;279
66300;66,2;0.018878;0.008343;279
66400;66,3;0.018857;0.008387;279
66500;66,4;0.018839;0.008417;279
66600;66,5;0.018821;0.008377;279
66700;66,6;0.018794;0.008316;279
66800;66,7;0.018800;0.008230;278
66900;66,8;0.018755;0.008173;278
67000;66,9;0.018703;0.008124;278
67100;67;0.018754;0.008021;276
67200;67,1;0.018722;0.007962;276
67300;67,2;0.018702;0.007923;275
67400;67,3;0.018673;0.007875;275
67500;67,4;0.018631;0.007836;275
67600;67,5;0.018594;0.007807;275
67700;67,6;0.018575;0.007810;275
67800;67,7;0.018553;0.007822;275
67900;67,8;0.018527;0.007823;275
68000;67,9;0.018484;0.007794;275
68100;68;0.018433;0.007774;275
68200;68,1;0.018405;0.007752;276
68300;68,2;0.018357;0.007737;276
68400;68,3;0.018315;0.007746;276
68500;68,4;0.018285;0.007766;276
68600;68,5;0.018312;0.007715;275
68700;68,6;0.018285;0.007726;275
68800;68,7;0.018261;0.007747;275
68900;68,8;0.018233;0.007761;275
69000;68,9;0.018211;0.007760;275
69100;69;0.018174;0.007742;275
69200;69,1;0.018146;0.007725;275
69300;69,2;0.018111;0.007719;275
69400;69,3;0.018117;0.007706;274
69500;69,4;0.018073;0.007707;274
69600;69,5;0.018014;0.007694;274
69700;69,6;0.017998;0.007679;273
69800;69,7;0.017964;0.007679;273
69900;69,8;0.017938;0.007701;273
70000;69,9;0.017882;0.007721;274
70100;70;0.017855;0.007712;274
70200;70,1;0.017825;0.007694;274
70300;70,2;0.017759;0.007685;275
70400;70,3;0.017740;0.007661;275
70500;70,4;0.017730;0.007624;275
70600;70,5;0.017728;0.007593;275
70700;70,6;0.017707;0.007569;275
70800;70,7;0.017734;0.007518;274
70900;70,8;0.017701;0.007490;274
71000;70,9;0.017717;0.007441;273
71100;71;0.017701;0.007411;273
71200;71,1;0.017690;0.007377;273
71300;71,2;0.017687;0.007348;273
71400;71,3;0.017660;0.007336;273
71500;71,4;0.017628;0.007332;273
71600;71,5;0.017600;0.007342;273
71700;71,6;0.017551;0.007341;273
71800;71,7;0.017498;0.007342;273
71900;71,8;0.017513;0.007310;272
72000;71,9;0.017496;0.007320;272
72100;72;0.017525;0.007317;271
72200;72,1;0.017512;0.007323;271
72300;72,2;0.017495;0.007325;271
72400;72,3;0.017463;0.007332;271
72500;72,4;0.017427;0.007344;271
72600;72,5;0.017395;0.007350;271
72700;72,6;0.017362;0.007351;271
72800;72,7;0.017321;0.007341;271
72900;72,8;0.017270;0.007323;271
73000;72,9;0.017218;0.007320;271
73100;73;0.017160;0.007323;271
73200;73,1;0.017128;0.007332;270
73300;73,2;0.017171;0.007299;268
73400;73,3;0.017166;0.007307;267
73500;73,4;0.017146;0.007312;267
73600;73,5;0.017134;0.007317;267
73700;73,6;0.017132;0.007315;267
73800;73,7;0.017136;0.007313;267
73900;73,8;0.017139;0.007328;267
74000;73,9;0.017152;0.007358;267
74100;74;0.017163;0.007394;267
74200;74,1;0.017171;0.007430;267
74300;74,2;0.017181;0.007481;267
74400;74,3;0.017179;0.007504;267
74500;74,4;0.017182;0.007508;267
74600;74,5;0.017175;0.007522;267
74700;74,6;0.017168;0.007543;267
74800;74,7;0.017162;0.007540;267
74900;74,8;0.017135;0.007503;268
75000;74,9;0.017111;0.007485;268
75100;75;0.017078;0.007452;268
75200;75,1;0.017049;0.007427;268
75300;75,2;0.017021;0.007428;268
75400;75,3;0.016977;0.007411;268
75500;75,4;0.016965;0.007384;269
75600;75,5;0.016927;0.007374;269
75700;75,6;0.016892;0.007370;269
75800;75,7;0.016871;0.007375;269
75900;75,8;0.016853;0.007374;269
76000;75,9;0.016788;0.007387;270
76100;76;0.016764;0.007387;270
76200;76,1;0.016752;0.007395;270
76300;76,2;0.016737;0.007367;270
76400;76,3;0.016720;0.007344;270
76500;76,4;0.016709;0.007333;270
76600;76,5;0.016695;0.007316;270
76700;76,6;0.016664;0.007282;270
76800;76,7;0.016637;0.007269;270
76900;76,8;0.016650;0.007244;269
77000;76,9;0.016644;0.007233;268
77100;77;0.016631;0.007238;268
77200;77,1;0.016627;0.007257;268
77300;77,2;0.016617;0.007288;268
77400;77,3;0.016612;0.007315;268
77500;77,4;0.016610;0.007321;267
77600;77,5;0.016579;0.007275;267
77700;77,6;0.016516;0.007228;268
77800;77,7;0.016473;0.007192;268
77900;77,8;0.016434;0.007165;268
78000;77,9;0.016443;0.007097;267
78100;78;0.016410;0.007072;267
78200;78,1;0.016393;0.007044;267
78300;78,2;0.016376;0.007019;267
78400;78,3;0.016359;0.007011;267
78500;78,4;0.016334;0.006981;267
78600;78,5;0.016311;0.006948;267
78700;78,6;0.016297;0.006921;267
78800;78,7;0.016286;0.006894;267
78900;78,8;0.016284;0.006892;267
79000;78,9;0.016290;0.006897;267
79100;79;0.016291;0.006887;267
79200;79,1;0.016275;0.006887;267
79300;79,2;0.016251;0.006897;267
79400;79,3;0.016227;0.006931;267
79500;79,4;0.016196;0.006969;267
79600;79,5;0.016176;0.006990;267
79700;79,6;0.016145;0.007036;266
79800;79,7;0.016138;0.007073;266
79900;79,8;0.016121;0.007082;266
80000;79,9;0.016103;0.007099;266
80100;80;0.016087;0.007116;266
80200;80,1;0.016071;0.007146;266
80300;80,2;0.016085;0.007197;265
80400;80,3;0.016094;0.007233;265
80500;80,4;0.016129;0.007263;264
80600;80,5;0.016142;0.007278;264
80700;80,6;0.016109;0.007283;265
80800;80,7;0.016100;0.007245;265
80900;80,8;0.016077;0.007217;265
81000;80,9;0.016036;0.007182;265
81100;81;0.015993;0.007153;265
81200;81,1;0.015990;0.007110;264
81300;81,2;0.015963;0.007081;264
81400;81,3;0.015975;0.007026;263
81500;81,4;0.015951;0.007011;263
81600;81,5;0.015929;0.007005;263
81700;81,6;0.015909;0.007010;263
81800;81,7;0.015876;0.007007;263
81900;81,8;0.015835;0.006997;263
82000;81,9;0.015796;0.007001;263
82100;82;0.015758;0.007019;263
82200;82,1;0.015722;0.007040;263
82300;82,2;0.015692;0.007066;263
82400;82,3;0.015671;0.007090;263
82500;82,4;0.015658;0.007106;263
82600;82,5;0.015643;0.007123;263
82700;82,6;0.015621;0.007138;263
82800;82,7;0.015588;0.007152;263
82900;82,8;0.015555;0.007146;263
83000;82,9;0.015523;0.007132;263
83100;83;0.015498;0.007133;262
83200;83,1;0.015512;0.007101;261
83300;83,2;0.015491;0.007090;261
83400;83,3;0.015465;0.007080;261
83500;83,4;0.015431;0.007028;261
83600;83,5;0.015388;0.006979;261
83700;83,6;0.015350;0.006944;261
83800;83,7;0.015314;0.006926;261
83900;83,8;0.015280;0.006929;261
84000;83,9;0.015251;0.006910;261
84100;84;0.015220;0.006892;261
84200;84,1;0.015183;0.006877;261
84300;84,2;0.015139;0.006864;261
84400;84,3;0.015100;0.006854;261
84500;84,4;0.015057;0.006847;261
84600;84,5;0.015016;0.006828;261
84700;84,6;0.014977;0.006812;261
84800;84,7;0.014959;0.006811;260
84900;84,8;0.014970;0.006796;259
85000;84,9;0.014945;0.006770;259
85100;85;0.014924;0.006739;259
85200;85,1;0.014901;0.006704;259
85300;85,2;0.014889;0.006682;259
85400;85,3;0.014869;0.006664;260
85500;85,4;0.014852;0.006658;260
85600;85,5;0.014868;0.006638;259
85700;85,6;0.014850;0.006646;259
85800;85,7;0.014836;0.006664;259
85900;85,8;0.014830;0.006685;259
86000;85,9;0.014825;0.006709;259
86100;86;0.014811;0.006738;259
86200;86,1;0.014810;0.006764;259
86300;86,2;0.014813;0.006789;259
86400;86,3;0.014808;0.006803;259
86500;86,4;0.014808;0.006827;259
86600;86,5;0.014807;0.006829;259
86700;86,6;0.014832;0.006809;258
86800;86,7;0.014819;0.006809;258
86900;86,8;0.014811;0.006804;257
87000;86,9;0.014723;0.006836;258
87100;87;0.014698;0.006833;258
87200;87,1;0.014683;0.006837;258
87300;87,2;0.014668;0.006845;258
87400;87,3;0.014700;0.006827;257
87500;87,4;0.014691;0.006835;257
87600;87,5;0.014682;0.006843;257
87700;87,6;0.014680;0.006848;257
87800;87,7;0.014671;0.006863;257
87900;87,8;0.014655;0.006883;257
88000;87,9;0.014675;0.006888;256
88100;88;0.014661;0.006890;256
88200;88,1;0.014648;0.006894;256
88300;88,2;0.014630;0.006911;255
88400;88,3;0.014605;0.006919;255
88500;88,4;0.014546;0.006868;253
88600;88,5;0.014514;0.006834;253
88700;88,6;0.014481;0.006792;253
88800;88,7;0.014462;0.006761;253
88900;88,8;0.014500;0.006723;252
89000;88,9;0.014518;0.006715;252
89100;89;0.014542;0.006714;252
89200;89,1;0.014559;0.006710;252
89300;89,2;0.014566;0.006715;252
89400;89,3;0.014564;0.006724;252
89500;89,4;0.014588;0.006720;252
89600;89,5;0.014574;0.006728;251
89700;89,6;0.014558;0.006711;251
89800;89,7;0.014531;0.006692;251
89900;89,8;0.014504;0.006674;251
90000;89,9;0.014471;0.006662;251
90100;90;0.014431;0.006648;251
90200;90,1;0.014391;0.006635;251
90300;90,2;0.014359;0.006626;251
90400;90,3;0.014353;0.006610;250
90500;90,4;0.014321;0.006592;250
90600;90,5;0.014293;0.006577;250
90700;90,6;0.014276;0.006569;250
90800;90,7;0.014260;0.006562;250
90900;90,8;0.014246;0.006549;250
91000;90,9;0.014238;0.006547;250
91100;91;0.014228;0.006555;250
91200;91,1;0.014211;0.006568;250
91300;91,2;0.014225;0.006585;249
91400;91,3;0.014209;0.006601;249
91500;91,4;0.014223;0.006608;248
91600;91,5;0.014198;0.006614;247
91700;91,6;0.014181;0.006608;247
91800;91,7;0.014162;0.006597;247
91900;91,8;0.014142;0.006587;247
92000;91,9;0.014111;0.006585;247
92100;92;0.014079;0.006585;247
92200;92,1;0.014104;0.006546;246
92300;92,2;0.014077;0.006535;246
92400;92,3;0.014048;0.006532;246
92500;92,4;0.014018;0.006534;246
92600;92,5;0.014031;0.006517;245
92700;92,6;0.014004;0.006521;245
92800;92,7;0.013985;0.006528;245
92900;92,8;0.013966;0.006538;245
93000;92,9;0.013955;0.006567;245
93100;93;0.013940;0.006603;245
93200;93,1;0.013910;0.006607;245
93300;93,2;0.013902;0.006587;244
93400;93,3;0.013870;0.006579;244
93500;93,4;0.013838;0.006573;244
93600;93,5;0.013804;0.006535;244
93700;93,6;0.013776;0.006493;244
93800;93,7;0.013754;0.006461;244
93900;93,8;0.013746;0.006426;245
94000;93,9;0.013777;0.006465;246
94100;94;0.013742;0.006433;246
94200;94,1;0.013715;0.006415;246
94300;94,2;0.013755;0.006352;245
94400;94,3;0.013761;0.006297;245
94500;94,4;0.013754;0.006287;245
94600;94,5;0.013741;0.006261;245
94700;94,6;0.013718;0.006225;245
94800;94,7;0.013684;0.006175;245
94900;94,8;0.013654;0.006136;245
95000;94,9;0.013634;0.006121;245
95100;95;0.013655;0.006098;244
95200;95,1;0.013631;0.006105;244
95300;95,2;0.013613;0.006114;244
95400;95,3;0.013603;0.006124;244
95500;95,4;0.013590;0.006119;244
95600;95,5;0.013587;0.006105;243
95700;95,6;0.013577;0.006083;243
95800;95,7;0.013569;0.006059;243
95900;95,8;0.013573;0.006065;243
96000;95,9;0.013577;0.006100;243
96100;96;0.013565;0.006124;243
96200;96,1;0.013536;0.006103;243
96300;96,2;0.013512;0.006081;243
96400;96,3;0.013492;0.006056;243
96500;96,4;0.013473;0.006026;243
96600;96,5;0.013465;0.006013;243
96700;96,6;0.013472;0.006002;243
96800;96,7;0.013478;0.005991;243
96900;96,8;0.013469;0.006000;243
97000;96,9;0.013483;0.006011;242
97100;97;0.013578;0.005997;240
97200;97,1;0.013582;0.006054;240
97300;97,2;0.013575;0.006077;240
97400;97,3;0.013558;0.006060;240
97500;97,4;0.013528;0.006027;240
97600;97,5;0.013449;0.005960;239
97700;97,6;0.013402;0.005923;239
97800;97,7;0.013382;0.005903;239
97900;97,8;0.013365;0.005875;239
98000;97,9;0.013374;0.005859;238
98100;98;0.013360;0.005847;238
98200;98,1;0.013345;0.005836;238
98300;98,2;0.013334;0.005842;238
98400;98,3;0.013326;0.005867;237
98500;98,4;0.013305;0.005856;237
98600;98,5;0.013283;0.005850;235
98700;98,6;0.013225;0.005814;234
98800;98,7;0.013256;0.005776;232
98900;98,8;0.013042;0.005647;226
99000;98,9;0.013001;0.005637;221
99100;99;0.012915;0.005424;209
99200;99,1;0.013000;0.005357;197
99300;99,2;0.012968;0.005334;184
99400;99,3;0.012571;0.005165;165
99500;99,4;0.012489;0.005165;136
99600;99,5;0.012251;0.005167;113
99700;99,6;0.012179;0.005287;80
99800;99,7;0.012083;0.005103;56
99900;99,8;0.012503;0.004565;24
;99,9;;;
;100;;;
