X,Y,fid,country_2,fua_code,Full_code,fua_name,Pop2018_2
5143842.26982988,2078709.08029908,491,AL,AL001L1,AL001L1_TIRANA_UA2018_v013,Tirana,884722
5168606.93195601,2057807.83229085,492,AL,AL003L1,AL003L1_ELBASAN_UA2018_v013,Elbasan,189381
5108726.12323658,2156568.21163057,490,AL,AL004L1,AL004L1_SHKODER_UA2018_v013,Shkodër,165745
5127567.62159793,1981433.76259631,493,AL,AL005L0,AL005L0_VLORE_UA2018_v013,Vlorë,102856
4793046.16003353,2808920.11960152,39,AT,AT001L3,AT001L3_WIEN_UA2018_v013,Wien,2929389
4733995.94003113,2677073.9795619,40,AT,AT002L3,AT002L3_GRAZ_UA2018_v013,Graz,649768
4638630.77002243,2808800.75960412,41,AT,AT003L3,AT003L3_LINZ_UA2018_v013,Linz,651324
4549023.47001653,2748222.71958701,42,AT,AT004L3,AT004L3_SALZBURG_UA2018_v013,Salzburg,358587
4426558.93000787,2684560.33956799,43,AT,AT005L3,AT005L3_INNSBRUCK_UA2018_v013,Innsbruck,320617
4650950.62046724,2621865.87248954,515,AT,AT006L2,AT006L2_KLAGENFURT_UA2018_v013,Klagenfurt,227853
4997654.54570636,2343201.12819288,487,BA,BA001L1,BA001L1_SARAJEVO_UA2018_v013,Sarajevo,546812
4890304.87325627,2434146.07080022,484,BA,BA002L1,BA002L1_BANJA_LUKA_UA2018_v013,Banja Luka,281799
4954499.68012402,2281191.10919563,488,BA,BA003L1,BA003L1_MOSTAR_UA2018_v013,Mostar,152504
5011147.39812075,2420357.5605752,485,BA,BA004L1,BA004L1_TUZLA_UA2018_v013,Tuzla,244173
4952923.04504013,2376825.13827376,486,BA,BA005L1,BA005L1_ZENICA_UA2018_v013,Zenica,153030
3923640.28997535,3097017.50967912,1,BE,BE001L2,BE001L2_BRUXELLES_BRUSSEL_UA2018_v013,Bruxelles / Brussel,2664467
3930142.25997619,3138348.85968876,2,BE,BE002L2,BE002L2_ANTWERPEN_UA2018_v013,Antwerpen,1106958
3881660.35997302,3123669.03968471,3,BE,BE003L2,BE003L2_GENT_UA2018_v013,Gent,605469
3926459.40997498,3048300.15966748,5,BE,BE004L2,BE004L2_CHARLEROI_UA2018_v013,Charleroi,490249
4008265.8499804,3068743.6596735,6,BE,BE005L2,BE005L2_LIEGE_UA2018_v013,Liège,750514
3848466.43997119,3143833.26968879,4,BE,BE006L2,BE006L2_BRUGGE_UA2018_v013,Brugge,228540
3956822.48997697,3052171.45966885,7,BE,BE007L2,BE007L2_NAMUR_UA2018_v013,Namur,223181
3948426.86000884,3098753.23349994,552,BE,BE008L1,BE008L1_LEUVEN_UA2018_v013,Leuven,226020
3892011.65329331,3055847.5619522,553,BE,BE009L1,BE009L1_MONS_UA2018_v013,Mons,199853
3847171.59981061,3101456.68178028,549,BE,BE010L1,BE010L1_KORTRIJK_UA2018_v013,Kortrijk,172906
3827115.44852025,3147893.53387567,548,BE,BE011L1,BE011L1_OOSTENDE_UA2018_v013,Oostende,129349
5410324.73010261,2273619.97938594,50,BG,BG001L2,BG001L2_SOFIA_UA2018_v013,Sofia,1549475
5535674.7301175,2234871.60936147,44,BG,BG002L2,BG002L2_PLOVDIV_UA2018_v013,Plovdiv,542403
5765389.6201331,2406897.79941511,45,BG,BG003L2,BG003L2_VARNA_UA2018_v013,Varna,417135
5747409.66013597,2320825.14938162,46,BG,BG004L2,BG004L2_BURGAS_UA2018_v013,Burgas,273970
5499857.25010737,2370879.79941991,49,BG,BG005L1,BG005L1_PLEVEN_UA2018_v013,Pleven,148040
5595959.17011373,2440747.96944098,47,BG,BG006L2,BG006L2_RUSE_UA2018_v013,Ruse,176502
5350620.43009108,2408321.81944362,48,BG,BG007L2,BG007L2_VIDIN_UA2018_v013,Vidin,53375
5600738.17012224,2280060.9693759,51,BG,BG008L2,BG008L2_STARA_ZAGORA_UA2018_v013,Stara Zagora,158732
5650603.21884878,2319970.40259155,626,BG,BG009L1,BG009L1_SLIVEN_UA2018_v013,Sliven,118973
5749393.29201396,2444312.55959562,627,BG,BG010L1,BG010L1_DOBRICH_UA2018_v013,Dobrich,103929
5685525.24786479,2395015.38439349,628,BG,BG011L1,BG011L1_SHUMEN_UA2018_v013,Shumen,93999
5670421.84112085,2302084.01785941,625,BG,BG013L1,BG013L1_YAMBOL_UA2018_v013,Yambol,89510
5605700.3655317,2225151.26569448,624,BG,BG014L1,BG014L1_HASKOVO_UA2018_v013,Haskovo,86597
5500937.48946727,2233210.25998785,632,BG,BG015L1,BG015L1_PAZARDZHIK_UA2018_v013,Pazardzhik,107519
5403472.41167559,2196334.80663189,631,BG,BG016L1,BG016L1_BLAGOEVGRAD_UA2018_v013,Blagoevgrad,92937
5587126.692798,2351845.9908701,629,BG,BG017L1,BG017L1_VELIKO_TARNOVO_UA2018_v013,Veliko Tarnovo,86841
5418311.53633296,2332148.12626771,630,BG,BG018L1,BG018L1_VRATSA_UA2018_v013,Vratsa,64439
4210755.53075394,2696165.46974378,473,CH,CH001L2,CH001L2_ZURICH_UA2018_v013,Zürich,1370808
4023392.23045413,2573015.21012243,467,CH,CH002L2,CH002L2_GENEVE_UA2018_v013,Genève,598689
4139421.37058049,2719033.16270012,471,CH,CH003L2,CH003L2_BASEL_UA2018_v013,Basel,551486
4126918.13824581,2651687.70827656,469,CH,CH004L2,CH004L2_BERN_UA2018_v013,Bern,422447
4062455.45026119,2606801.79014184,468,CH,CH005L2,CH005L2_LAUSANNE_UA2018_v013,Lausanne,426485
4225246.47448065,2710411.01322164,474,CH,CH006L1,CH006L1_WINTERTHUR_UA2018_v013,Winterthur,144615
4274067.45090532,2701321.74959926,475,CH,CH007L2,CH007L2_ST_GALLEN_UA2018_v013,St. Gallen,169032
4192066.72630863,2661010.3968054,472,CH,CH008L2,CH008L2_LUZERN_UA2018_v013,Luzern,231910
4239663.16576231,2543955.24258092,422,CH,CH009L2,CH009L2_LUGANO_UA2018_v013,Lugano,152087
4112104.20013128,2672916.33842789,470,CH,CH010L1,CH010L1_BIEL_BIENNE_UA2018_v013,Biel/Bienne,99749
6434935.00026822,1669888.99901107,52,CY,CY001L2,CY001L2_LEFKOSIA_UA2018_v013,Lefkosia,342470
6421385.46250967,1608495.88965012,599,CY,CY501L2,CY501L2_LEMESOS_UA2018_v013,Lemesos,237739
4636991.78002037,3006718.91965819,65,CZ,CZ001L2,CZ001L2_PRAHA_UA2018_v013,Praha,2202321
4801875.06003246,2919475.50963273,53,CZ,CZ002L2,CZ002L2_BRNO_UA2018_v013,Brno,727802
4916050.10003886,3003557.03965253,54,CZ,CZ003L2,CZ003L2_OSTRAVA_UA2018_v013,Ostrava,714122
4564372.85001595,2965097.2596483,63,CZ,CZ004L2,CZ004L2_PLZEN_UA2018_v013,Plzeň,346664
4606321.12001787,3068823.46967381,55,CZ,CZ005L2,CZ005L2_USTI_NAD_LABEM_UA2018_v013,Ústí nad Labem,119465
4844358.39003461,2968174.8796449,56,CZ,CZ006L2,CZ006L2_OLOMOUC_UA2018_v013,Olomouc,209507
4677520.6100222,3085465.22967695,57,CZ,CZ007L2,CZ007L2_LIBEREC_UA2018_v013,Liberec,145813
4648340.83002234,2883402.83962533,62,CZ,CZ008L2,CZ008L2_CESKE_BUDEJOVICE_UA2018_v013,České Budějovice,184755
4737163.88002666,3027712.20966207,58,CZ,CZ009L2,CZ009L2_HRADEC_KRALOVE_UA2018_v013,Hradec Králové,154376
4734536.70002672,3008118.27965719,59,CZ,CZ010L2,CZ010L2_PARDUBICE_UA2018_v013,Pardubice,202880
4878375.93003757,2930570.86963414,60,CZ,CZ011L2,CZ011L2_ZLIN_UA2018_v013,Zlín,147769
4525459.56001308,3016870.71966184,64,CZ,CZ013L2,CZ013L2_KARLOVY_VARY_UA2018_v013,Karlovy Vary,90343
4726499.97002708,2935789.45963847,61,CZ,CZ014L2,CZ014L2_JIHLAVA_UA2018_v013,Jihlava,102249
4579168.25348124,3049853.34098729,683,CZ,CZ016L2,CZ016L2_MOST_UA2018_v013,Most,103904
4565524.38616715,3048925.35431814,684,CZ,CZ018L2,CZ018L2_CHOMUTOV_JIRKOV_UA2018_v013,Chomutov-Jirkov,81183
4552290.95001324,3273087.1997191,98,DE,DE001L1,DE001L1_BERLIN_UA2018_v013,Berlin,5258960
4320496.04999997,3382521.71974064,91,DE,DE002L1,DE002L1_HAMBURG_UA2018_v013,Hamburg,3306469
4438311.45000836,2781694.61959797,66,DE,DE003L1,DE003L1_MUNCHEN_UA2018_v013,München,2884482
4107362.72998681,3096338.24968096,67,DE,DE004L1,DE004L1_KOLN_UA2018_v013,Köln,1993197
4226692.91999393,3000643.30965838,79,DE,DE005L1,DE005L1_FRANKFURT_AM_MAIN_UA2018_v013,Frankfurt am Main,2695696
4260560.76999583,2851643.61961855,92,DE,DE007L1,DE007L1_STUTTGART_UA2018_v013,Stuttgart,2779413
4486296.11001001,3138844.26969103,80,DE,DE008L2,DE008L2_LEIPZIG_UA2018_v013,Leipzig,1034643
4583163.6200161,3110795.54968391,68,DE,DE009L2,DE009L2_DRESDEN_UA2018_v013,Dresden,1341896
4095549.30998628,3128830.91968836,77,DE,DE011L1,DE011L1_DUSSELDORF_UA2018_v013,Düsseldorf,1550838
4241107.51999554,3330389.79973094,69,DE,DE012L1,DE012L1_BREMEN_UA2018_v013,Bremen,1274517
4303114.51999897,3250898.24971545,70,DE,DE013L1,DE013L1_HANNOVER_UA2018_v013,Hannover,1310744
4399119.7700052,2927499.14963941,93,DE,DE014L1,DE014L1_NURNBERG_UA2018_v013,Nürnberg,1340152
4220399.74999411,3213456.70970754,72,DE,DE017L0,DE017L0_BIELEFELD_UA2018_v013,Bielefeld,332227
4457936.71000823,3154263.50969462,94,DE,DE018L1,DE018L1_HALLE_AN_DER_SAALE_UA2018_v013,Halle an der Saale,425184
4433267.78000654,3225892.8697101,81,DE,DE019L2,DE019L2_MAGDEBURG_UA2018_v013,Magdeburg,502755
4195181.27999189,2998123.31965762,89,DE,DE020L1,DE020L1_WIESBADEN_UA2018_v013,Wiesbaden,468379
4316849.46999975,3157534.41969566,95,DE,DE021L1,DE021L1_GOTTINGEN_UA2018_v013,Göttingen,387419
4224377.04999371,2974171.93965161,73,DE,DE025L1,DE025L1_DARMSTADT_UA2018_v013,Darmstadt,454276
4078467.56583138,2965508.54592121,567,DE,DE026L1,DE026L1_TRIER_UA2018_v013,Trier,259578
4160427.15998847,2767098.25959332,90,DE,DE027L1,DE027L1_FREIBURG_IM_BREISGAU_UA2018_v013,Freiburg im Breisgau,656838
4474941.92001048,2880390.21962621,96,DE,DE028L1,DE028L1_REGENSBURG_UA2018_v013,Regensburg,464036
4631146.3800179,3258004.6597154,74,DE,DE029L0,DE029L0_FRANKFURT_ODER_UA2018_v013,Frankfurt (Oder),60081
4414344.99000575,3097293.45968184,84,DE,DE030L1,DE030L1_WEIMAR_UA2018_v013,Weimar,146404
4414167.30000507,3392522.31974229,82,DE,DE031L1,DE031L1_SCHWERIN_UA2018_v013,Schwerin,307995
4393290.61000445,3096783.32968178,86,DE,DE032L1,DE032L1_ERFURT_UA2018_v013,Erfurt,527675
4387609.85000469,2806551.67960553,97,DE,DE033L1,DE033L1_AUGSBURG_UA2018_v013,Augsburg,674731
4116531.24998725,3073309.91967559,87,DE,DE034L1,DE034L1_BONN_UA2018_v013,Bonn,924687
4204163.99999204,2878540.9996259,75,DE,DE035L1,DE035L1_KARLSRUHE_UA2018_v013,Karlsruhe,754348
4071590.48998479,3126242.66968757,76,DE,DE036L0,DE036L0_MONCHENGLADBACH_UA2018_v013,Mönchengladbach,260816
4197467.01999201,2989064.61965532,88,DE,DE037L1,DE037L1_MAINZ_UA2018_v013,Mainz,420275
4113657.21998752,3153949.04969414,99,DE,DE038L1,DE038L1_RUHRGEBIET_UA2018_v013,Ruhrgebiet,5113576
4329619.05000045,3468383.68975543,85,DE,DE039L1,DE039L1_KIEL_UA2018_v013,Kiel,645777
4102304.82998528,2906853.299633,78,DE,DE040L1,DE040L1_SAARBRUCKEN_UA2018_v013,Saarbrücken,802796
4150117.27998914,3030385.25966543,83,DE,DE042L1,DE042L1_KOBLENZ_UA2018_v013,Koblenz,329171
4461113.38125452,3444499.25252412,691,DE,DE043L2,DE043L2_ROSTOCK_UA2018_v013,Rostock,420980
4159125.78582253,2928437.01441667,779,DE,DE044L1,DE044L1_KAISERSLAUTERN_UA2018_v013,Kaiserslautern,275418
4161014.9979643,3143137.46278669,772,DE,DE045L1,DE045L1_ISERLOHN_UA2018_v013,Iserlohn,415776
4195592.72850917,3381648.31031761,695,DE,DE048L1,DE048L1_WILHELMSHAVEN_UA2018_v013,Wilhelmshaven,174208
4251025.8437774,2823440.01030827,519,DE,DE050L1,DE050L1_TUBINGEN_UA2018_v013,Tübingen,225934
4206009.90347364,2773075.24040039,743,DE,DE051L1,DE051L1_VILLINGEN_SCHWENNINGEN_UA2018_v013,Villingen-Schwenningen,211462
4284568.46794365,3519618.10639398,764,DE,DE052L1,DE052L1_FLENSBURG_UA2018_v013,Flensburg,283843
4234348.54852705,3078190.42025453,748,DE,DE053L1,DE053L1_MARBURG_UA2018_v013,Marburg,246639
4258891.73741473,2727776.79431737,744,DE,DE054L1,DE054L1_KONSTANZ_UA2018_v013,Konstanz,275404
4320236.30724914,3440359.58135836,765,DE,DE055L0,DE055L0_NEUMUNSTER_UA2018_v013,Neumünster,79202
4494756.76084677,3259138.76376514,767,DE,DE056L0,DE056L0_BRANDENBURG_AN_DER_HAVEL_UA2018_v013,Brandenburg an der Havel,72216
4227530.6604998,3053319.73769138,750,DE,DE057L1,DE057L1_GIESSEN_UA2018_v013,Gießen,266445
4348186.92212703,3349204.11156949,766,DE,DE058L1,DE058L1_LUNEBURG_UA2018_v013,Lüneburg,183755
4434036.20476019,2982498.94884239,754,DE,DE059L1,DE059L1_BAYREUTH_UA2018_v013,Bayreuth,249996
4326503.16539565,3279504.33671887,694,DE,DE060L1,DE060L1_CELLE_UA2018_v013,Celle,178730
4259671.9672793,2984921.20655165,781,DE,DE061L1,DE061L1_ASCHAFFENBURG_UA2018_v013,Aschaffenburg,373254
4384922.18606818,2976201.52903836,753,DE,DE062L1,DE062L1_BAMBERG_UA2018_v013,Bamberg,223858
4472568.98476684,3045049.95305094,685,DE,DE063L1,DE063L1_PLAUEN_UA2018_v013,Plauen,229381
4537508.51432074,3388144.13437334,692,DE,DE064L1,DE064L1_NEUBRANDENBURG_UA2018_v013,Neubrandenburg,273092
4298115.42663269,3049225.09419719,751,DE,DE065L1,DE065L1_FULDA_UA2018_v013,Fulda,221571
4344787.01203009,2734804.34381614,746,DE,DE066L1,DE066L1_KEMPTEN_ALLGAU_UA2018_v013,Kempten (Allgäu),222911
4479956.98096224,2827067.522573,755,DE,DE067L1,DE067L1_LANDSHUT_UA2018_v013,Landshut,228575
4480417.97002778,2751135.36517888,757,DE,DE069L1,DE069L1_ROSENHEIM_UA2018_v013,Rosenheim,321611
4522093.52613298,3471955.18804318,690,DE,DE071L1,DE071L1_STRALSUND_UA2018_v013,Stralsund,219663
4281932.69366911,2726463.23653369,745,DE,DE072L1,DE072L1_FRIEDRICHSHAFEN_UA2018_v013,Friedrichshafen,207597
4168821.60945849,2819457.31279006,742,DE,DE073L1,DE073L1_OFFENBURG_UA2018_v013,Offenburg,425924
4669816.8069051,3128055.50407631,758,DE,DE074L1,DE074L1_GORLITZ_UA2018_v013,Görlitz,255930
4337827.08040337,2992507.31526793,752,DE,DE077L1,DE077L1_SCHWEINFURT_UA2018_v013,Schweinfurt,271896
4542113.68970149,3448379.80024266,657,DE,DE078L1,DE078L1_GREIFSWALD_UA2018_v013,Greifswald,222643
4214496.94455953,3050054.01457553,747,DE,DE079L1,DE079L1_WETZLAR_UA2018_v013,Wetzlar,253653
4576962.57321378,2835066.70147905,756,DE,DE081L1,DE081L1_PASSAU_UA2018_v013,Passau,242758
4475852.50072831,3193938.46364087,689,DE,DE082L0,DE082L0_DESSAU_ROSSLAU_UA2018_v013,Dessau-Roßlau,81913
4356840.1409204,3239569.82849743,693,DE,DE083L1,DE083L1_BRAUNSCHWEIG_SALZGITTER_WOLFSBURG_UA2018_v013,Braunschweig-Salzgitter-Wolfsburg,996689
4209610.43322954,2931908.57072515,780,DE,DE084L1,DE084L1_MANNHEIM_LUDWIGSHAFEN_UA2018_v013,Mannheim-Ludwigshafen,1183629
4157999.74584334,3208377.92898247,771,DE,DE504L1,DE504L1_MUNSTER_UA2018_v013,Münster,533324
4526639.01215794,3084266.53067725,687,DE,DE505L0,DE505L0_CHEMNITZ_UA2018_v013,Chemnitz,245777
4044912.06286942,3081223.19955706,569,DE,DE507L1,DE507L1_AACHEN_UA2018_v013,Aachen,554187
4081291.064026,3141544.07269964,570,DE,DE508L0,DE508L0_KREFELD_UA2018_v013,Krefeld,227587
4366100.69493266,3417985.20118486,681,DE,DE510L1,DE510L1_LUBECK_UA2018_v013,Lübeck,414358
4285678.19716044,3133540.48232084,575,DE,DE513L1,DE513L1_KASSEL_UA2018_v013,Kassel,437177
4117173.36333345,3122524.68446449,571,DE,DE516L0,DE516L0_SOLINGEN_UA2018_v013,Solingen,161888
4187324.87588403,3242665.19159521,680,DE,DE517L1,DE517L1_OSNABRUCK_UA2018_v013,Osnabrück,521841
4201492.78474125,3338222.10593507,679,DE,DE520L1,DE520L1_OLDENBURG_OLDENBURG_UA2018_v013,Oldenburg (Oldenburg),421992
4227439.86399961,2922962.62581463,522,DE,DE522L1,DE522L1_HEIDELBERG_UA2018_v013,Heidelberg,708548
4234892.18647201,3179281.79423441,574,DE,DE523L1,DE523L1_PADERBORN_UA2018_v013,Paderborn,305231
4315848.19524083,2964530.95988339,523,DE,DE524L2,DE524L2_WURZBURG_UA2018_v013,Würzburg,505451
4226896.69235335,3382472.30225563,678,DE,DE527L1,DE527L1_BREMERHAVEN_UA2018_v013,Bremerhaven,309155
4263997.12181263,2892489.53158998,521,DE,DE529L1,DE529L1_HEILBRONN_UA2018_v013,Heilbronn,464686
4124242.75272946,3122833.10157789,572,DE,DE530L0,DE530L0_REMSCHEID_UA2018_v013,Remscheid,111106
4320496.97941411,2809279.37297003,517,DE,DE532L1,DE532L1_ULM_UA2018_v013,Ulm,492773
4225947.25898715,2865050.4997457,520,DE,DE533L1,DE533L1_PFORZHEIM_UA2018_v013,Pforzheim,324314
4425830.42385754,2850981.76514695,516,DE,DE534L1,DE534L1_INGOLSTADT_UA2018_v013,Ingolstadt,488579
4467580.26764509,3087070.75709002,688,DE,DE535L1,DE535L1_GERA_UA2018_v013,Gera,194137
4262206.0666049,2820764.17473184,518,DE,DE537L1,DE537L1_REUTLINGEN_UA2018_v013,Reutlingen,284792
4619602.51389588,3192419.12517935,577,DE,DE539L1,DE539L1_COTTBUS_UA2018_v013,Cottbus,216166
4182095.48939863,3086638.73281257,573,DE,DE540L2,DE540L2_SIEGEN_UA2018_v013,Siegen,406637
4317563.73467339,3227462.57224281,682,DE,DE542L1,DE542L1_HILDESHEIM_UA2018_v013,Hildesheim,276972
4497347.04996088,3070298.14167461,686,DE,DE544L1,DE544L1_ZWICKAU_UA2018_v013,Zwickau,319237
4121861.7399879,3131480.36968915,71,DE,DE546L0,DE546L0_WUPPERTAL_UA2018_v013,Wuppertal,351179
4432589.85724302,3091938.19004569,576,DE,DE547L2,DE547L2_JENA_UA2018_v013,Jena,194039
4073524.75450164,3083014.86354545,568,DE,DE548L1,DE548L1_DUREN_UA2018_v013,Düren,263273
4087554.88309401,3197298.73755651,566,DE,DE549L1,DE549L1_BOCHOLT_UA2018_v013,Bocholt,370201
4482756.00000811,3621869.51977866,100,DK,DK001L2,DK001L2_KOBENHAVN_UA2018_v013,København,1744378
4333633.12000062,3672113.79978588,102,DK,DK002L3,DK002L3_ARHUS_UA2018_v013,Århus,726677
4345632.67000125,3587972.14977407,101,DK,DK003L2,DK003L2_ODENSE_UA2018_v013,Odense,490820
4316183.42999977,3771738.74979861,103,DK,DK004L3,DK004L3_AALBORG_UA2018_v013,Aalborg,508182
5152547.78003758,4124099.82983021,104,EE,EE001L1,EE001L1_TALLINN_UA2018_v013,Tallinn,592055
5290446.55004491,4034306.68981991,105,EE,EE002L1,EE002L1_TARTU_UA2018_v013,Tartu,148764
5344446.26205122,4162643.05985932,305,EE,EE003L0,EE003L0_NARVA_UA2018_v013,Narva,56182
5528442.02013885,1764535.49914611,142,EL,EL001L1,EL001L1_ATHINA_UA2018_v013,Athina,3792914
5416193.88011331,2041247.55928438,134,EL,EL002L1,EL002L1_THESSALONIKI_UA2018_v013,Thessaloniki,972839
5350722.33011716,1764083.67915787,135,EL,EL003L1,EL003L1_PATRA_UA2018_v013,Patra,217653
5703069.05017332,1501634.70900325,136,EL,EL004L1,EL004L1_IRAKLEIO_UA2018_v013,Irakleio,211082
5387379.29011496,1925734.68923288,137,EL,EL005L1,EL005L1_LARISA_UA2018_v013,Larisa,195098
5436748.18012166,1903235.85921906,138,EL,EL006L1,EL006L1_VOLOS_UA2018_v013,Volos,137524
5253987.84010039,1908350.4092327,139,EL,EL007L1,EL007L1_IOANNINA_UA2018_v013,Ioannina,132739
5531466.77012363,2097786.37930201,140,EL,EL008L1,EL008L1_KAVALA_UA2018_v013,Kavala,64283
5402385.4401284,1637721.48909255,141,EL,EL009L1,EL009L1_KALAMATA_UA2018_v013,Kalamata,69875
3160408.19987882,2029896.33927485,128,ES,ES001L3,ES001L3_MADRID_UA2018_v013,Madrid,6790649
3665282.51993452,2065232.0393178,129,ES,ES002L2,ES002L2_BARCELONA_UA2018_v013,Barcelona,4951677
3426005.00990295,1881067.6892219,106,ES,ES003L3,ES003L3_VALENCIA_UA2018_v013,Valencia,1728719
2904992.63983347,1738954.17911721,107,ES,ES004L3,ES004L3_SEVILLA_UA2018_v013,Sevilla,1542974
3414990.33991053,2126922.24933372,108,ES,ES005L2,ES005L2_ZARAGOZA_UA2018_v013,Zaragoza,759343
3030593.68073794,1638411.55753108,119,ES,ES006L2,ES006L2_MALAGA_UA2018_v013,Málaga,855946
3339988.79988734,1727487.93914297,120,ES,ES007L2,ES007L2_MURCIA_UA2018_v013,Murcia,629073
1816918.59964323,984295.488668386,109,ES,ES008L2,ES008L2_LAS_PALMAS_UA2018_v013,Las Palmas,631769
3098156.61987901,2180934.84933775,110,ES,ES009L2,ES009L2_VALLADOLID_UA2018_v013,Valladolid,422257
3686975.22993159,1861554.59922462,111,ES,ES010L2,ES010L2_PALMA_DE_MALLORCA_UA2018_v013,Palma de Mallorca,673766
2818727.66985931,2383804.46940113,121,ES,ES011L2,ES011L2_SANTIAGO_DE_COMPOSTELA_UA2018_v013,Santiago de Compostela,201315
3287563.39990338,2280698.9093922,124,ES,ES012L2,ES012L2_VITORIA_GASTEIZ_UA2018_v013,Vitoria/Gasteiz,276036
3043994.21988334,2385780.94941923,126,ES,ES013L2,ES013L2_OVIEDO_UA2018_v013,Oviedo,309119
3370161.80991102,2264007.90938988,125,ES,ES014L3,ES014L3_PAMPLONA_IRUNA_UA2018_v013,Pamplona/Iruña,384277
3207650.2498989,2364388.43942144,116,ES,ES015L2,ES015L2_SANTANDER_UA2018_v013,Santander,376729
3122078.3698718,1973697.97924629,127,ES,ES016L2,ES016L2_TOLEDO_UA2018_v013,Toledo,150117
2852887.30983645,1919060.9791992,122,ES,ES017L2,ES017L2_BADAJOZ_UA2018_v013,Badajoz,180918
3299881.67990281,2235820.94937419,123,ES,ES018L2,ES018L2_LOGRONO_UA2018_v013,Logroño,193123
3274748.92990411,2329926.32941158,112,ES,ES019L3,ES019L3_BILBAO_UA2018_v013,Bilbao,1029231
3020705.11984986,1771227.41914236,113,ES,ES020L2,ES020L2_CORDOBA_UA2018_v013,Córdoba,359224
3401679.30989585,1759023.1491619,117,ES,ES021L2,ES021L2_ALICANTE_ALACANT_UA2018_v013,Alicante/Alacant,459366
2787975.83985197,2317756.35937142,114,ES,ES022L2,ES022L2_VIGO_UA2018_v013,Vigo,530693
3062455.79988607,2402804.45942727,115,ES,ES023L2,ES023L2_GIJON_UA2018_v013,Gijón,290894
1748925.04963365,1047566.95868501,118,ES,ES025L3,ES025L3_SANTA_CRUZ_DE_TENERIFE_UA2018_v013,Santa Cruz de Tenerife,509688
2843055.81007437,2433999.91094644,369,ES,ES026L2,ES026L2_CORUNA_A_UA2018_v013,Coruña (A),400350
3573455.79087352,2050144.70831986,382,ES,ES028L1,ES028L1_REUS_UA2018_v013,Reus,118853
2900361.73602795,2378515.24740951,371,ES,ES031L1,ES031L1_LUGO_UA2018_v013,Lugo,120274
3725223.37677859,2126073.50577631,377,ES,ES033L1,ES033L1_GIRONA_UA2018_v013,Girona,178579
2916468.89671656,1972387.07494844,407,ES,ES034L1,ES034L1_CACERES_UA2018_v013,Cáceres,118153
3378996.09523011,1721236.92944133,390,ES,ES035L1,ES035L1_TORREVIEJA_UA2018_v013,Torrevieja,82976
3042169.10058095,2408377.03556532,374,ES,ES039L1,ES039L1_AVILES_UA2018_v013,Avilés,121262
3055975.11857126,1997930.41510265,406,ES,ES040L1,ES040L1_TALAVERA_DE_LA_REINA_UA2018_v013,Talavera de la Reina,99936
3121244.90861684,2216937.72279245,402,ES,ES041L1,ES041L1_PALENCIA_UA2018_v013,Palencia,96925
2858675.96703248,2443057.02664247,370,ES,ES043L1,ES043L1_FERROL_UA2018_v013,Ferrol,145704
2799322.07167123,2337309.10114724,367,ES,ES044L1,ES044L1_PONTEVEDRA_UA2018_v013,Pontevedra,137719
3436194.87377011,1823544.9028912,386,ES,ES046L1,ES046L1_GANDIA_UA2018_v013,Gandia,107226
3208139.34789145,2045491.40473187,400,ES,ES048L1,ES048L1_GUADALAJARA_UA2018_v013,Guadalajara,118039
3639824.0224621,2105848.49163836,378,ES,ES050L1,ES050L1_MANRESA_UA2018_v013,Manresa,126099
3114255.13032646,1877079.70200466,397,ES,ES053L1,ES053L1_CIUDAD_REAL_UA2018_v013,Ciudad Real,105244
3434960.46401447,1776138.57880879,388,ES,ES054L1,ES054L1_BENIDORM_UA2018_v013,Benidorm,143553
2966389.83750264,2310170.76563703,372,ES,ES057L1,ES057L1_PONFERRADA_UA2018_v013,Ponferrada,84945
3011796.04723019,2181872.39272784,403,ES,ES059L1,ES059L1_ZAMORA_UA2018_v013,Zamora,68624
3366901.71041977,2322852.46363653,376,ES,ES070L1,ES070L1_IRUN_UA2018_v013,Irun,77116
2017800.31206279,1015010.75190064,776,ES,ES072L1,ES072L1_ARRECIFE_UA2018_v013,Arrecife,112693
3110672.08142415,1674509.84375202,394,ES,ES501L3,ES501L3_GRANADA_UA2018_v013,Granada,565561
3381609.38232405,1752932.50961902,389,ES,ES505L1,ES505L1_ELCHE_ELX_UA2018_v013,Elche/Elx,261896
3347179.64915838,1683579.45000601,391,ES,ES506L1,ES506L1_CARTAGENA_UA2018_v013,Cartagena,233360
2877986.33212535,1665060.24598397,410,ES,ES508L1,ES508L1_JEREZ_DE_LA_FRONTERA_UA2018_v013,Jerez de la Frontera,220975
3350847.41444219,2323602.23313602,375,ES,ES510L1,ES510L1_DONOSTIA_SAN_SEBASTIAN_UA2018_v013,Donostia-San Sebastián,333766
3204945.6861343,1620906.90231407,393,ES,ES514L1,ES514L1_ALMERIA_UA2018_v013,Almería,222648
3195107.95137461,2240095.30495638,401,ES,ES515L1,ES515L1_BURGOS_UA2018_v013,Burgos,199922
3007253.14781482,2121793.19618717,404,ES,ES516L1,ES516L1_SALAMANCA_UA2018_v013,Salamanca,200336
3292219.6499887,1847852.75692118,398,ES,ES519L1,ES519L1_ALBACETE_UA2018_v013,Albacete,192005
3461933.71448575,1933780.06229935,383,ES,ES520L1,ES520L1_CASTELLON_CASTELLO_UA2018_v013,Castellón/Castelló,229383
2819098.91624403,1742859.11565847,409,ES,ES521L1,ES521L1_HUELVA_UA2018_v013,Huelva,230097
2861211.71246158,1651392.19528109,411,ES,ES522L1,ES522L1_CADIZ_UA2018_v013,Cádiz,253810
3049094.19710451,2298034.14756697,373,ES,ES523L1,ES523L1_LEON_UA2018_v013,León,209851
3585147.54515162,2044518.4956388,381,ES,ES525L1,ES525L1_TARRAGONA_UA2018_v013,Tarragona,214497
3104180.15366282,1741859.89357783,395,ES,ES527L1,ES527L1_JAEN_UA2018_v013,Jaén,157922
3538964.49567577,2105550.37356251,380,ES,ES528L1,ES528L1_LLEIDA_UA2018_v013,Lleida,185707
2859464.48046648,2311272.16867617,368,ES,ES529L1,ES529L1_OURENSE_UA2018_v013,Ourense,148098
2928013.97168763,1592561.94513856,412,ES,ES532L1,ES532L1_ALGECIRAS_UA2018_v013,Algeciras,143605
2985139.60059176,1623642.05974879,413,ES,ES533L1,ES533L1_MARBELLA_UA2018_v013,Marbella,315732
3407172.88689746,1797546.44243655,387,ES,ES537L1,ES537L1_ALCOY_UA2018_v013,Alcoy,70669
3080808.84538447,2071866.85460873,405,ES,ES538L1,ES538L1_AVILA_UA2018_v013,Ávila,60723
3285927.18417391,1969972.53781766,399,ES,ES542L1,ES542L1_CUENCA_UA2018_v013,Cuenca,60103
3575414.14129334,1799717.36010805,385,ES,ES543L1,ES543L1_EIVISSA_UA2018_v013,Eivissa,134672
3123456.32682096,1775301.00480297,396,ES,ES544L1,ES544L1_LINARES_UA2018_v013,Linares,60122
3285584.34865946,1701426.43541626,392,ES,ES545L1,ES545L1_LORCA_UA2018_v013,Lorca,108129
2906717.30682431,1911325.45281944,408,ES,ES546L1,ES546L1_MERIDA_UA2018_v013,Mérida,85158
3437320.81359641,1902953.59942025,384,ES,ES547L1,ES547L1_SAGUNTO_UA2018_v013,Sagunto,78499
1719817.68651191,1051810.36442864,777,ES,ES550L1,ES550L1_PUERTO_DE_LA_CRUZ_UA2018_v013,Puerto de la Cruz,108754
3620828.02540636,2091866.95568592,379,ES,ES552L1,ES552L1_IGUALADA_UA2018_v013,Igualada,75315
5146128.64003677,4206120.47983737,130,FI,FI001L3,FI001L3_HELSINKI_UA2018_v013,Helsinki,1478218
5050974.2700319,4337830.33984833,131,FI,FI002L3,FI002L3_TAMPERE_UA2018_v013,Tampere,439062
4994263.60002984,4208331.23983882,133,FI,FI003L4,FI003L4_TURKU_UA2018_v013,Turku,354592
5048289.35003118,4737400.39987299,132,FI,FI004L4,FI004L4_OULU_UA2018_v013,Oulu,258368
5163173.63357924,4302656.60933637,308,FI,FI007L2,FI007L2_LAHTI_UA2018_v013,Lahti,172646
5213072.81353192,4534340.03170162,307,FI,FI008L2,FI008L2_KUOPIO_UA2018_v013,Kuopio,162306
5134920.80115703,4440224.19646982,306,FI,FI009L2,FI009L2_JYVASKYLA_UA2018_v013,Jyväskylä,184283
3760786.10996151,2889470.17962275,37,FR,FR001L1,FR001L1_PARIS_UA2018_v013,Paris,12019500
3919055.80996759,2531160.99951267,38,FR,FR003L2,FR003L2_LYON_UA2018_v013,Lyon,2021839
3630188.79993783,2316738.91942326,28,FR,FR004L2,FR004L2_TOULOUSE_UA2018_v013,Toulouse,1329721
4155023.69998844,2832653.36961262,18,FR,FR006L2,FR006L2_STRASBOURG_UA2018_v013,Strasbourg,783055
3486142.8499293,2473309.43947797,31,FR,FR007L2,FR007L2_BORDEAUX_UA2018_v013,Bordeaux,1226848
3449239.10993469,2746535.44957045,19,FR,FR008L2,FR008L2_NANTES_UA2018_v013,Nantes,946471
3831601.7099693,3080820.69967383,8,FR,FR009L2,FR009L2_LILLE_UA2018_v013,Lille,1380710
3825891.99995549,2298346.99942222,9,FR,FR010L2,FR010L2_MONTPELLIER_UA2018_v013,Montpellier,695607
3881666.32996397,2497393.54949979,20,FR,FR011L2,FR011L2_SAINT_ETIENNE_UA2018_v013,Saint-Etienne,532235
3606683.99995249,2979435.99964321,10,FR,FR012L2,FR012L2_LE_HAVRE_UA2018_v013,Le Havre,295952
3454963.86993807,2846229.84960107,27,FR,FR013L2,FR013L2_RENNES_UA2018_v013,Rennes,727893
3768492.94996402,3004741.57965377,21,FR,FR014L2,FR014L2_AMIENS_UA2018_v013,Amiens,312361
4040085.46998055,2849448.97961635,16,FR,FR016L2,FR016L2_NANCY_UA2018_v013,Nancy,476431
4041955.2799811,2896859.98962965,11,FR,FR017L2,FR017L2_METZ_UA2018_v013,Metz,372423
3886997.52997081,2922610.54963445,22,FR,FR018L2,FR018L2_REIMS_UA2018_v013,Reims,324472
3717106.14995639,2787450.23959199,23,FR,FR019L2,FR019L2_ORLEANS_UA2018_v013,Orléans,431322
3946194.50997212,2702355.13957068,29,FR,FR020L2,FR020L2_DIJON_UA2018_v013,Dijon,408020
3582285.77994282,2655564.339546,30,FR,FR021L2,FR021L2_POITIERS_UA2018_v013,Poitiers,271115
3783479.26995667,2543538.62951387,17,FR,FR022L2,FR022L2_CLERMONT_FERRAND_UA2018_v013,Clermont-Ferrand,486522
3567447.34994905,2949691.28963412,33,FR,FR023L2,FR023L2_CAEN_UA2018_v013,Caen,440761
3642760.06994542,2563619.14951667,35,FR,FR024L2,FR024L2_LIMOGES_UA2018_v013,Limoges,308521
4019700.11997749,2688361.55956738,32,FR,FR025L2,FR025L2_BESANCON_UA2018_v013,Besançon,273129
3985560.94997214,2462311.88948903,24,FR,FR026L2,FR026L2_GRENOBLE_UA2018_v013,Grenoble,664487
4216016.54998978,2091545.37934164,34,FR,FR027L2,FR027L2_AJACCIO_UA2018_v013,Ajaccio,102416
3989214.86996946,2232635.1593991,12,FR,FR032L2,FR032L2_TOULON_UA2018_v013,Toulon,556954
3860803.96434383,3047664.5573473,359,FR,FR034L2,FR034L2_VALENCIENNES_UA2018_v013,Valenciennes,357371
3619665.66994797,2741619.06957504,25,FR,FR035L2,FR035L2_TOURS_UA2018_v013,Tours,466557
3528371.51314137,2763022.65767736,358,FR,FR036L2,FR036L2_ANGERS_UA2018_v013,Angers,416261
3255695.33660622,2913732.58371433,357,FR,FR037L2,FR037L2_BREST_UA2018_v013,Brest,365223
3591652.91558585,2814476.39168056,356,FR,FR038L2,FR038L2_LE_MANS_UA2018_v013,Le Mans,357710
3903434.11276669,2329988.81749511,355,FR,FR039L1,FR039L1_AVIGNON_UA2018_v013,Avignon,324136
4121399.66274659,2740579.93335584,354,FR,FR040L2,FR040L2_MULHOUSE_UA2018_v013,Mulhouse,407828
3787399.90980769,3130787.39374279,353,FR,FR042L2,FR042L2_DUNKERQUE_UA2018_v013,Dunkerque,268539
3737977.81559745,2204558.2603193,352,FR,FR043L2,FR043L2_PERPIGNAN_UA2018_v013,Perpignan,399051
3866817.33529915,2320107.7424216,351,FR,FR044L2,FR044L2_NIMES_UA2018_v013,Nîmes,347131
3480157.02596046,2301142.58950958,350,FR,FR045L2,FR045L2_PAU_UA2018_v013,Pau,270574
3394549.24606247,2336019.18579799,349,FR,FR046L2,FR046L2_BAYONNE_UA2018_v013,Bayonne,255862
4030099.61179474,2571828.94510753,348,FR,FR047L0,FR047L0_ANNEMASSE_UA2018_v013,Annemasse,89682
4020374.6130218,2539643.73007903,347,FR,FR048L2,FR048L2_ANNECY_UA2018_v013,Annecy,283570
3324352.49622738,2827589.3655607,346,FR,FR049L2,FR049L2_LORIENT_UA2018_v013,Lorient,238088
4079733.79955775,2715953.43917461,345,FR,FR050L2,FR050L2_MONTBELIARD_UA2018_v013,Montbéliard,190507
3881683.05060488,2815856.00504308,344,FR,FR051L2,FR051L2_TROYES_UA2018_v013,Troyes,207792
3400900.85295559,2760538.6092657,343,FR,FR052L2,FR052L2_SAINT_NAZAIRE_UA2018_v013,Saint-Nazaire,232923
3462324.53411465,2625299.3137203,342,FR,FR053L2,FR053L2_LA_ROCHELLE_UA2018_v013,La Rochelle,220849
3555112.4742053,2554720.21780406,341,FR,FR056L2,FR056L2_ANGOULEME_UA2018_v013,Angoulême,201718
3730274.0678194,3102041.27037914,340,FR,FR057L2,FR057L2_BOULOGNE_SUR_MER_UA2018_v013,Boulogne-sur-Mer,159161
4002268.75036115,2503620.44144423,339,FR,FR058L2,FR058L2_CHAMBERY_UA2018_v013,Chambéry,230364
3927976.3100302,2643340.20211596,338,FR,FR059L2,FR059L2_CHALON_SUR_SAONE_UA2018_v013,Chalon-sur-Saône,164081
3692641.46809162,2850797.45451731,337,FR,FR060L2,FR060L2_CHARTRES_UA2018_v013,Chartres,161382
3517250.8556183,2635682.80670094,336,FR,FR061L2,FR061L2_NIORT_UA2018_v013,Niort,177586
3749980.09834214,3125317.20044749,335,FR,FR062L2,FR062L2_CALAIS_UA2018_v013,Calais,142170
3770058.91270652,2273209.33075848,334,FR,FR063L2,FR063L2_BEZIERS_UA2018_v013,Béziers,183995
3807205.06687122,3045225.02384493,333,FR,FR064L2,FR064L2_ARRAS_UA2018_v013,Arras,162821
3744442.78507785,2692567.59478408,332,FR,FR065L2,FR065L2_BOURGES_UA2018_v013,Bourges,170499
3382997.44477875,2903730.12975184,331,FR,FR066L2,FR066L2_SAINT_BRIEUC_UA2018_v013,Saint-Brieuc,204231
3275319.85622688,2865002.03005575,330,FR,FR067L2,FR067L2_QUIMPER_UA2018_v013,Quimper,182570
3367288.75513951,2809768.63794127,329,FR,FR068L2,FR068L2_VANNES_UA2018_v013,Vannes,198120
3485231.93855601,3014088.39422613,328,FR,FR069L2,FR069L2_CHERBOURG_UA2018_v013,Cherbourg,147273
3515460.80145715,2289442.94021795,327,FR,FR073L2,FR073L2_TARBES_UA2018_v013,Tarbes,136173
3801323.68404453,2948153.2419863,326,FR,FR074L2,FR074L2_COMPIEGNE_UA2018_v013,Compiègne,153745
4085183.02908666,2729900.85157897,325,FR,FR076L2,FR076L2_BELFORT_UA2018_v013,Belfort,140223
3862126.95212787,2565118.60625575,324,FR,FR077L2,FR077L2_ROANNE_UA2018_v013,Roanne,126628
3838895.88113668,2992548.99759012,323,FR,FR079L2,FR079L2_SAINT_QUENTIN_UA2018_v013,Saint-Quentin,120237
3747779.83012924,2954987.08814639,322,FR,FR082L2,FR082L2_BEAUVAIS_UA2018_v013,Beauvais,148478
3774069.95180981,2933307.28406343,321,FR,FR084L2,FR084L2_CREIL_UA2018_v013,Creil,142082
3675498.64065232,2918173.02789952,320,FR,FR086L2,FR086L2_EVREUX_UA2018_v013,Evreux,140892
3687777.99481564,2668598.09901085,319,FR,FR090L2,FR090L2_CHATEAUROUX_UA2018_v013,Châteauroux,115903
3655862.00280065,2487520.6377168,318,FR,FR093L2,FR093L2_BRIVE_LA_GAILLARDE_UA2018_v013,Brive-la-Gaillarde,127935
3690165.47399555,2346165.7439454,317,FR,FR096L2,FR096L2_ALBI_UA2018_v013,Albi,136676
4056216.86253383,2264035.00000896,316,FR,FR099L2,FR099L2_FREJUS_UA2018_v013,Fréjus,119951
3908500.04346258,2887294.79791978,315,FR,FR104L2,FR104L2_CHALONS_EN_CHAMPAGNE_UA2018_v013,Châlons-en-Champagne,89541
3944490.18996564,2254881.15940739,13,FR,FR203L2,FR203L2_MARSEILLE_UA2018_v013,Marseille,1754379
4100553.66998027,2291438.76942482,14,FR,FR205L2,FR205L2_NICE_UA2018_v013,Nice,808624
3812569.93996778,3060103.05966847,15,FR,FR207L2,FR207L2_LENS_LIEVIN_UA2018_v013,Lens - Liévin,246691
3822157.58037372,3066172.15873084,314,FR,FR208L1,FR208L1_HENIN_CARVIN_UA2018_v013,Hénin - Carvin,125235
3829509.48481451,3051646.18098527,313,FR,FR209L2,FR209L2_DOUAI_UA2018_v013,Douai,216741
3917436.69172018,2438435.43654418,312,FR,FR214L1,FR214L1_VALENCE_UA2018_v013,Valence,208238
3677242.62804308,2964628.94127018,36,FR,FR215L2,FR215L2_ROUEN_UA2018_v013,Rouen,706119
3779863.21930315,2852122.5839611,476,FR,FR304L1,FR304L1_MELUN_UA2018_v013,Melun,138241
3919207.82319477,2268489.1904122,311,FR,FR324L1,FR324L1_MARTIGUES_UA2018_v013,Martigues,84370
3940844.8500816,2974511.96602611,310,FR,FR505L1,FR505L1_CHARLEVILLE_MEZIERES_UA2018_v013,Charleville-Mézières,127105
4124102.47731784,2777494.15881202,309,FR,FR506L1,FR506L1_COLMAR_UA2018_v013,Colmar,191747
4079043.15404912,2276224.08258016,414,FR,FR519L1,FR519L1_CANNES_UA2018_v013,Cannes,176622
4785700.63531398,2539604.24186357,479,HR,HR001L2,HR001L2_GRAD_ZAGREB_UA2018_v013,Grad Zagreb,1218791
4669581.45365276,2478697.82919389,478,HR,HR002L2,HR002L2_RIJEKA_UA2018_v013,Rijeka,202886
4950314.34354037,2482950.82815215,481,HR,HR003L2,HR003L2_SLAVONSKI_BROD_UA2018_v013,Slavonski Brod,99153
4999181.25773406,2533772.60012158,480,HR,HR004L2,HR004L2_OSIJEK_UA2018_v013,Osijek,171700
4842298.47414765,2289112.41867991,483,HR,HR005L2,HR005L2_SPLIT_UA2018_v013,Split,357115
4625015.64599271,2425460.32795965,477,HR,HR006L1,HR006L1_PULA_POLA_UA2018_v013,Pula - Pola,86047
4740037.11323541,2348446.67035352,482,HR,HR007L1,HR007L1_ZADAR_UA2018_v013,Zadar,119412
5001804.64005023,2750785.83957855,143,HU,HU001L2,HU001L2_BUDAPEST_UA2018_v013,Budapest,2977647
5120852.5000572,2835246.91960023,144,HU,HU002L2,HU002L2_MISKOLC_UA2018_v013,Miskolc,287348
5192274.74006282,2829512.60959592,150,HU,HU003L2,HU003L2_NYIREGYHAZA_UA2018_v013,Nyíregyháza,235619
4956846.95005051,2586645.75952606,145,HU,HU004L2,HU004L2_PECS_UA2018_v013,Pécs,247794
5192884.86006427,2781549.00958136,146,HU,HU005L2,HU005L2_DEBRECEN_UA2018_v013,Debrecen,326570
5101607.34006146,2624669.50953408,147,HU,HU006L2,HU006L2_SZEGED_UA2018_v013,Szeged,241791
4893454.21004181,2759551.15958431,148,HU,HU007L2,HU007L2_GYOR_UA2018_v013,Gyõr,251239
5057657.04472606,2691938.60433301,151,HU,HU008L2,HU008L2_KECSKEMET_UA2018_v013,Kecskemét,187235
4957251.92004769,2711441.10956749,149,HU,HU009L2,HU009L2_SZEKESFEHERVAR_UA2018_v013,Székesfehérvár,270803
4822069.32081314,2701965.93874304,741,HU,HU010L1,HU010L1_SZOMBATHELY_UA2018_v013,Szombathely,147879
5091808.36902195,2726603.19956763,670,HU,HU011L1,HU011L1_SZOLNOK_UA2018_v013,Szolnok,159343
4951567.18454349,2754934.87699072,669,HU,HU012L1,HU012L1_TATABANYA_UA2018_v013,Tatabánya,137360
4920445.80052928,2696583.35102576,674,HU,HU013L1,HU013L1_VESZPREM_UA2018_v013,Veszprém,133593
5167353.09943765,2682065.00384219,672,HU,HU014L1,HU014L1_BEKESCSABA_UA2018_v013,Békéscsaba,112424
4919889.86938365,2613939.72946913,677,HU,HU015L1,HU015L1_KAPOSVAR_UA2018_v013,Kaposvár,109038
5094375.20907901,2808680.24143769,671,HU,HU016L1,HU016L1_EGER_UA2018_v013,Eger,99994
5000110.27993906,2691248.48553798,673,HU,HU017L1,HU017L1_DUNAUJVAROS_UA2018_v013,Dunaújváros,85124
4842811.7749305,2660577.70292946,676,HU,HU018L1,HU018L1_ZALAEGERSZEG_UA2018_v013,Zalaegerszeg,108569
4815439.34902679,2752372.72839503,675,HU,HU019L1,HU019L1_SOPRON_UA2018_v013,Sopron,100689
3247982.45994063,3480633.49974217,155,IE,IE001L1,IE001L1_DUBLIN_UA2018_v013,Dublin,1916094
3065629.02992567,3358890.23971258,154,IE,IE002L1,IE002L1_CORK_UA2018_v013,Cork,430392
3076898.99992895,3445013.99972994,156,IE,IE003L1,IE003L1_LIMERICK_UA2018_v013,Limerick,167708
3067437.18993034,3517993.99974295,152,IE,IE004L1,IE004L1_GALWAY_UA2018_v013,Galway,189877
3165444.5099328,3375668.03971975,153,IE,IE005L1,IE005L1_WATERFORD_UA2018_v013,Waterford,99746
2821197.4519343,4911674.13078772,697,IS,IS001L1,IS001L1_REYKJAVIK_UA2018_v013,Reykjavík,276227
4527819.53002016,2091165.47934055,188,IT,IT001L3,IT001L3_ROMA_UA2018_v013,Roma,4402534
4257596.66999481,2484162.31949979,157,IT,IT002L3,IT002L3_MILANO_UA2018_v013,Milano,5142080
4680898.17003679,1981412.89928872,158,IT,IT003L3,IT003L3_NAPOLI_UA2018_v013,Napoli,3359740
4138127.79998472,2442956.1194839,159,IT,IT004L2,IT004L2_TORINO_UA2018_v013,Torino,1760384
4617882.55003386,1677045.00914456,160,IT,IT005L3,IT005L3_PALERMO_UA2018_v013,Palermo,1006513
4235811.54999264,2367348.03945591,186,IT,IT006L3,IT006L3_GENOVA_UA2018_v013,Genova,691826
4422458.84000905,2296393.27942786,161,IT,IT007L3,IT007L3_FIRENZE_UA2018_v013,Firenze,775232
4899309.4200584,2029131.03930439,176,IT,IT008L3,IT008L3_BARI_UA2018_v013,Bari,722919
4427972.1900092,2376854.76945948,182,IT,IT009L1,IT009L1_BOLOGNA_UA2018_v013,Bologna,751823
4773959.32005281,1617980.96911173,167,IT,IT010L2,IT010L2_CATANIA_UA2018_v013,Catania,647264
4503880.78001499,2483331.78949874,177,IT,IT011L2,IT011L2_VENEZIA_UA2018_v013,Venezia,516702
4398876.75000638,2481165.36949865,178,IT,IT012L3,IT012L3_VERONA_UA2018_v013,Verona,514521
4322930.19000016,2446847.41948622,168,IT,IT013L3,IT013L3_CREMONA_UA2018_v013,Cremona,128682
4407858.9700069,2551333.87952358,169,IT,IT014L3,IT014L3_TRENTO_UA2018_v013,Trento,238658
4615025.35002385,2511530.82950757,162,IT,IT015L1,IT015L1_TRIESTE_UA2018_v013,Trieste,230686
4515934.76001794,2225787.52939827,179,IT,IT016L3,IT016L3_PERUGIA_UA2018_v013,Perugia,281305
4605643.00002557,2285330.99942147,163,IT,IT017L3,IT017L3_ANCONA_UA2018_v013,Ancona,213826
4668662.35003303,2158950.25936773,164,IT,IT019L2,IT019L2_PESCARA_UA2018_v013,Pescara,228806
4710940.00003861,2062677.99932478,185,IT,IT020L3,IT020L3_CAMPOBASSO_UA2018_v013,Campobasso,99998
4686447.91003697,2007710.49930059,170,IT,IT021L2,IT021L2_CASERTA_UA2018_v013,Caserta,124627
4936250.14006392,1960138.63927155,171,IT,IT022L2,IT022L2_TARANTO_UA2018_v013,Taranto,408508
4813851.77005083,1967992.1592792,184,IT,IT023L2,IT023L2_POTENZA_UA2018_v013,Potenza,129121
4895897.06006367,1782450.41918881,172,IT,IT024L3,IT024L3_CATANZARO_UA2018_v013,Catanzaro,153265
4819050.38005683,1688215.46914525,165,IT,IT025L3,IT025L3_REGGIO_DI_CALABRIA_UA2018_v013,Reggio di Calabria,209084
4198734.56998745,1959937.20928225,187,IT,IT026L3,IT026L3_SASSARI_UA2018_v013,Sassari,214085
4243710.44999155,1792283.51920335,173,IT,IT027L2,IT027L2_CAGLIARI_UA2018_v013,Cagliari,486106
4468118.02001208,2479042.52949749,180,IT,IT028L3,IT028L3_PADOVA_UA2018_v013,Padova,537027
4337989.90000139,2491104.5195024,166,IT,IT029L3,IT029L3_BRESCIA_UA2018_v013,Brescia,482626
4394617.16000628,2393207.4294659,174,IT,IT030L3,IT030L3_MODENA_UA2018_v013,Modena,368144
4785500.0400462,2057127.95932044,175,IT,IT031L3,IT031L3_FOGGIA_UA2018_v013,Foggia,174390
4724680.23004155,1966109.0792807,181,IT,IT032L3,IT032L3_SALERNO_UA2018_v013,Salerno,244379
4296754.17262372,2437851.79800688,425,IT,IT033L2,IT033L2_PIACENZA_UA2018_v013,Piacenza,201673
4425243.76539885,2599404.03758058,466,IT,IT034L1,IT034L1_BOLZANO_UA2018_v013,Bolzano,198383
4571554.35354998,2555483.72647795,464,IT,IT035L2,IT035L2_UDINE_UA2018_v013,Udine,235562
4307211.55818098,2333014.85784573,459,IT,IT036L2,IT036L2_LA_SPEZIA_UA2018_v013,La Spezia,195306
5017140.7039017,1955049.25404249,437,IT,IT037L1,IT037L1_LECCE_UA2018_v013,Lecce,236855
4848271.95599594,2046280.85754762,441,IT,IT038L1,IT038L1_BARLETTA_UA2018_v013,Barletta,92081
4555495.43654847,2315714.26126659,455,IT,IT039L2,IT039L2_PESARO_UA2018_v013,Pesaro,120235
4249783.79603398,2522344.1380544,778,IT,IT040L2,IT040L2_COMO_UA2018_v013,Como,164628
4353402.64102655,2289672.02232509,452,IT,IT041L2,IT041L2_PISA_UA2018_v013,Pisa,196140
4496181.11738151,2508736.79484436,462,IT,IT042L1,IT042L1_TREVISO_UA2018_v013,Treviso,198752
4229482.35519116,2523588.73619395,421,IT,IT043L2,IT043L2_VARESE_UA2018_v013,Varese,195803
4178977.93969236,2422596.8496388,416,IT,IT045L2,IT045L2_ASTI_UA2018_v013,Asti,115012
4254876.75250447,2452910.14194064,418,IT,IT046L2,IT046L2_PAVIA_UA2018_v013,Pavia,138126
4332344.59149988,2325210.41017359,460,IT,IT047L1,IT047L1_MASSA_UA2018_v013,Massa,78299
4863212.79416255,1822687.65628893,436,IT,IT048L2,IT048L2_COSENZA_UA2018_v013,Cosenza,190266
4199567.39041843,2356453.63550861,415,IT,IT052L1,IT052L1_SAVONA_UA2018_v013,Savona,96892
4880949.4100469,1976528.75640127,444,IT,IT054L1,IT054L1_MATERA_UA2018_v013,Matera,76877
4780220.11275098,1630567.98834082,435,IT,IT056L1,IT056L1_ACIREALE_UA2018_v013,Acireale,63951
4726493.07822551,1992318.91621777,447,IT,IT057L2,IT057L2_AVELLINO_UA2018_v013,Avellino,153113
4527441.12795602,2541615.24687507,463,IT,IT058L2,IT058L2_PORDENONE_UA2018_v013,Pordenone,143560
4273817.71267297,2527179.76685366,423,IT,IT060L1,IT060L1_LECCO_UA2018_v013,Lecco,138804
4875454.69359617,1994004.10135018,445,IT,IT061L0,IT061L0_ALTAMURA_UA2018_v013,Altamura,70550
4744389.54990158,1959532.84228725,446,IT,IT064L1,IT064L1_BATTIPAGLIA_UA2018_v013,Battipaglia,64289
4867623.40815279,2039278.00295774,440,IT,IT065L0,IT065L0_BISCEGLIE_UA2018_v013,Bisceglie,53133
4391151.95411608,2408285.20365222,428,IT,IT066L1,IT066L1_CARPI_UA2018_v013,Carpi,86833
4817267.55794384,2037657.69019561,443,IT,IT067L0,IT067L0_CERIGNOLA_UA2018_v013,Cerignola,58497
4226828.00463667,2506053.89911491,420,IT,IT068L1,IT068L1_GALLARATE_UA2018_v013,Gallarate,101962
4701890.37064691,1565388.81768053,432,IT,IT069L1,IT069L1_GELA_UA2018_v013,Gela,76282
4383338.04134846,2381356.37776792,461,IT,IT073L1,IT073L1_SASSUOLO_UA2018_v013,Sassuolo,98014
4810621.62977091,1696975.35239545,434,IT,IT501L2,IT501L2_MESSINA_UA2018_v013,Messina,253145
4409384.17991042,2308520.85960938,453,IT,IT502L2,IT502L2_PRATO_UA2018_v013,Prato,281882
4347005.9113264,2410014.6506669,426,IT,IT503L3,IT503L3_PARMA_UA2018_v013,Parma,339565
4345955.41575071,2271564.08364221,451,IT,IT504L3,IT504L3_LIVORNO_UA2018_v013,Livorno,176268
4371045.68665134,2398674.98673916,427,IT,IT505L3,IT505L3_REGGIO_NELL_EMILIA_UA2018_v013,Reggio nell'Emilia,285806
4496531.68530998,2370019.69373957,458,IT,IT506L2,IT506L2_RAVENNA_UA2018_v013,Ravenna,181572
4449378.73817947,2415757.0081139,429,IT,IT507L2,IT507L2_FERRARA_UA2018_v013,Ferrara,200937
4527040.75038878,2331437.8821213,456,IT,IT508L3,IT508L3_RIMINI_UA2018_v013,Rimini,245401
4795267.49810216,1570624.05789396,430,IT,IT509L3,IT509L3_SIRACUSA_UA2018_v013,Siracusa,183177
4295098.06528715,2509170.46021048,424,IT,IT511L2,IT511L2_BERGAMO_UA2018_v013,Bergamo,315621
4484220.24908984,2348231.60289374,457,IT,IT512L3,IT512L3_FORLI_UA2018_v013,Forlì,171649
4564455.98034899,2045378.84721788,448,IT,IT513L3,IT513L3_LATINA_UA2018_v013,Latina,188769
4441655.11621794,2494355.21758769,465,IT,IT514L2,IT514L2_VICENZA_UA2018_v013,Vicenza,231661
4538988.72032855,2165506.61039605,449,IT,IT515L2,IT515L2_TERNI_UA2018_v013,Terni,171877
4213029.54586991,2482502.68016498,419,IT,IT516L2,IT516L2_NOVARA_UA2018_v013,Novara,161607
4211474.31096593,2423385.41029655,417,IT,IT518L1,IT518L1_ALESSANDRIA_UA2018_v013,Alessandria,135194
4473731.67697105,2263924.0742315,454,IT,IT519L1,IT519L1_AREZZO_UA2018_v013,Arezzo,151719
4412547.55599467,2184621.91076173,450,IT,IT520L1,IT520L1_GROSSETO_UA2018_v013,Grosseto,97680
4994930.54669315,1984379.67263062,438,IT,IT521L1,IT521L1_BRINDISI_UA2018_v013,Brindisi,158339
4543271.50725728,1663513.51820342,433,IT,IT522L1,IT522L1_TRAPANI_UA2018_v013,Trapani,116990
4745740.94440122,1552493.66353411,431,IT,IT523L1,IT523L1_RAGUSA_UA2018_v013,Ragusa,87214
4850382.05180954,2036147.66901615,442,IT,IT524L0,IT524L0_ANDRIA_UA2018_v013,Andria,99840
4860213.91642892,2042182.61609667,439,IT,IT525L0,IT525L0_TRANI_UA2018_v013,Trani,53917
4600890.22002671,2145207.02936304,183,IT,IT526L1,IT526L1_L_AQUILA_UA2018_v013,L'Aquila,98186
5298852.56005112,3612109.53976654,189,LT,LT001L1,LT001L1_VILNIUS_UA2018_v013,Vilnius,700244
5205835.61004583,3617896.6097695,190,LT,LT002L1,LT002L1_KAUNAS_UA2018_v013,Kaunas,380293
5216967.67004499,3714536.30978326,191,LT,LT003L1,LT003L1_PANEVEZYS_UA2018_v013,Panevėžys,124677
5227026.00197999,3565136.30281985,763,LT,LT004L0,LT004L0_ALYTUS_UA2018_v013,Alytus,51078
5017852.23908543,3676920.7765902,762,LT,LT501L0,LT501L0_KLAIPEDA_UA2018_v013,Klaipėda,146379
5148100.33331218,3724479.73778598,761,LT,LT502L0,LT502L0_SIAULIAI_UA2018_v013,Šiauliai,97192
4041436.57998154,2951531.33964437,192,LU,LU001L1,LU001L1_LUXEMBOURG_UA2018_v013,Luxembourg,601829
5173870.59004109,3844919.9098008,194,LV,LV001L1,LV001L1_RIGA_UA2018_v013,Rīga,934208
4996288.39003297,3763155.11979326,193,LV,LV002L2,LV002L2_LIEPAJA_UA2018_v013,Liepāja,92496
5158097.79693171,3808545.49084011,760,LV,LV003L1,LV003L1_JELGAVA_UA2018_v013,Jelgava,87633
5345143.16331654,3758665.30688795,759,LV,LV501L1,LV501L1_DAUGAVPILS_UA2018_v013,Daugavpils,109997
5083380.99769673,2195388.97142133,489,ME,ME001L1,ME001L1_PODGORICA_UA2018_v013,Podgorica,201962
5266541.81643628,2171618.15031795,497,MK,MK001L1,MK001L1_SKOPJE_UA2018_v013,Skopje,584603
5274058.08549996,2064021.80409516,494,MK,MK003L1,MK003L1_BITOLA_UA2018_v013,Bitola,98316
5229722.53746165,2166584.03419418,496,MK,MK004L1,MK004L1_TETOVO_UA2018_v013,Tetovo,170268
5287598.62770192,2101354.81551089,495,MK,MK005L1,MK005L1_PRILEP_UA2018_v013,Prilep,40061
4731726.68005045,1438503.13902274,195,MT,MT001L1,MT001L1_VALLETTA_UA2018_v013,Valletta,429523
3931767.86997725,3233806.98970955,197,NL,NL001L3,NL001L3_S_GRAVENHAGE_UA2018_v013,s' Gravenhage,1093394
3973942.75997999,3263083.60971605,198,NL,NL002L3,NL002L3_AMSTERDAM_UA2018_v013,Amsterdam,2823444
3941656.23997767,3215787.80970588,199,NL,NL003L3,NL003L3_ROTTERDAM_UA2018_v013,Rotterdam,1841345
3986806.99998049,3231415.99970968,200,NL,NL004L3,NL004L3_UTRECHT_UA2018_v013,Utrecht,891077
4006976.37998108,3156862.88969384,201,NL,NL005L3,NL005L3_EINDHOVEN_UA2018_v013,Eindhoven,769972
3980550.1799796,3171974.1196969,202,NL,NL006L3,NL006L3_TILBURG_UA2018_v013,Tilburg,317767
4091764.45998729,3351014.86973413,203,NL,NL007L3,NL007L3_GRONINGEN_UA2018_v013,Groningen,538099
4108994.3499877,3238939.66971229,207,NL,NL008L3,NL008L3_ENSCHEDE_UA2018_v013,Enschede,400536
4040227.20998352,3215540.92970689,208,NL,NL009L3,NL009L3_ARNHEM_UA2018_v013,Arnhem,411360
4038103.23352949,3093924.40758679,210,NL,NL010L3,NL010L3_HEERLEN_UA2018_v013,Heerlen,281131
3960772.51997846,3177643.4896979,204,NL,NL012L3,NL012L3_BREDA_UA2018_v013,Breda,373131
4036263.13998318,3201064.79970377,205,NL,NL013L3,NL013L3_NIJMEGEN_UA2018_v013,Nijmegen,332043
4045304.889984,3241651.37971236,206,NL,NL014L3,NL014L3_APELDOORN_UA2018_v013,Apeldoorn,238873
4040239.06998442,3351911.42973392,209,NL,NL015L3,NL015L3_LEEUWARDEN_UA2018_v013,Leeuwarden,259679
4028030.59064227,3103767.31187659,774,NL,NL016L3,NL016L3_SITTARD_GELEEN_UA2018_v013,Sittard-Geleen,165581
3936838.24215308,3172850.66260516,768,NL,NL020L3,NL020L3_ROOSENDAAL_UA2018_v013,Roosendaal,128497
3955645.14797065,3237823.46604667,559,NL,NL026L0,NL026L0_ALPHEN_AAN_DEN_RIJN_UA2018_v013,Alphen aan den Rijn,109190
3925079.29888966,3168908.84861245,551,NL,NL028L3,NL028L3_BERGEN_OP_ZOOM_UA2018_v013,Bergen op Zoom,112886
3958191.93933923,3224469.06662697,769,NL,NL030L0,NL030L0_GOUDA_UA2018_v013,Gouda,69542
3878905.20217577,3173425.89214973,550,NL,NL032L3,NL032L3_MIDDELBURG_UA2018_v013,Middelburg      ,114251
3996430.69035095,3185634.66241851,564,NL,NL503L3,NL503L3_S_HERTOGENBOSCH_UA2018_v013,s-Hertogenbosch,276173
4005344.60973584,3237442.69963582,560,NL,NL504L3,NL504L3_AMERSFOORT_UA2018_v013,Amersfoort,184304
4017772.23782129,3091135.83018686,775,NL,NL505L3,NL505L3_MAASTRICHT_UA2018_v013,Maastricht,183313
3943683.5266894,3242472.48670827,558,NL,NL507L3,NL507L3_LEIDEN_UA2018_v013,Leiden,352067
4056599.37455298,3273733.86601376,556,NL,NL511L3,NL511L3_ZWOLLE_UA2018_v013,Zwolle,354791
4024481.06265402,3223880.00086136,563,NL,NL512L3,NL512L3_EDE_UA2018_v013,Ede,154554
4058628.07351471,3244942.75744876,770,NL,NL513L3,NL513L3_DEVENTER_UA2018_v013,Deventer,117114
3965651.40781275,3293558.44132116,554,NL,NL514L3,NL514L3_ALKMAAR_UA2018_v013,Alkmaar,291243
4054006.58354812,3146609.57692425,773,NL,NL515L3,NL515L3_VENLO_UA2018_v013,Venlo,199552
4093487.61622518,3254964.36336163,696,NL,NL519L3,NL519L3_ALMELO_UA2018_v013,Almelo,151583
4014047.36110347,3276060.25799175,555,NL,NL520L3,NL520L3_LELYSTAD_UA2018_v013,Lelystad,117445
4012256.09276861,3193280.67049125,565,NL,NL521L3,NL521L3_OSS_UA2018_v013,Oss,136494
4090443.64545194,3326131.30871148,557,NL,NL522L3,NL522L3_ASSEN_UA2018_v013,Assen,124960
4016279.62879014,3221934.4486805,562,NL,NL524L3,NL524L3_VEENENDAAL_UA2018_v013,Veenendaal,88361
3999337.1600904,3240103.05671626,561,NL,NL529L3,NL529L3_SOEST_UA2018_v013,Soest,69824
4362152.38274861,4090372.83610456,699,NO,NO001L1,NO001L1_OSLO_UA2018_v013,Oslo,1375786
4062886.17023116,4152005.80183149,702,NO,NO002L1,NO002L1_BERGEN_UA2018_v013,Bergen,416596
4340921.26474815,4480568.21871682,698,NO,NO003L1,NO003L1_TRONDHEIM_UA2018_v013,Trondheim,281744
4074983.06119003,3992727.24907181,701,NO,NO004L1,NO004L1_STAVANGER_UA2018_v013,Stavanger,337077
4202877.12524662,3895570.26921293,700,NO,NO005L1,NO005L1_KRISTIANSAND_UA2018_v013,Kristiansand,163975
4671762.75002566,5191525.40468357,703,NO,NO006L1,NO006L1_TROMSO_UA2018_v013,Tromsø,77509
5069109.65004343,3293717.87971541,211,PL,PL001L2,PL001L2_WARSZAWA_UA2018_v013,Warszawa,3163638
4971814.38003864,3226074.14970352,212,PL,PL002L2,PL002L2_LODZ_UA2018_v013,Łódź,911726
5030139.26004583,3042182.60965947,213,PL,PL003L2,PL003L2_KRAKOW_UA2018_v013,Kraków,1415352
4812990.64003014,3134762.1796864,229,PL,PL004L2,PL004L2_WROCLAW_UA2018_v013,Wrocław,882601
4791904.41002708,3280286.86971795,214,PL,PL005L2,PL005L2_POZNAN_UA2018_v013,Poznań,989768
4881456.38002963,3505167.60975749,218,PL,PL006L2,PL006L2_GDANSK_UA2018_v013,Gdańsk,1154328
4622722.24001657,3379493.92973882,232,PL,PL007L2,PL007L2_SZCZECIN_UA2018_v013,Szczecin,483949
4855295.67002977,3364349.35973327,221,PL,PL008L2,PL008L2_BYDGOSZCZ_UA2018_v013,Bydgoszcz,499121
5193389.92005316,3201592.37969252,215,PL,PL009L2,PL009L2_LUBLIN_UA2018_v013,Lublin,668747
4962421.93004102,3055797.49966458,222,PL,PL010L2,PL010L2_KATOWICE_UA2018_v013,Katowice,2533701
5197093.63004887,3416023.92973591,230,PL,PL011L2,PL011L2_BIALYSTOK_UA2018_v013,Białystok,431562
5066292.69004624,3138775.76968182,219,PL,PL012L2,PL012L2_KIELCE_UA2018_v013,Kielce,398176
4897999.56003229,3358582.43973151,216,PL,PL013L2,PL013L2_TORUN_UA2018_v013,Toruń,323980
5009173.50003728,3457843.88974745,217,PL,PL014L2,PL014L2_OLSZTYN_UA2018_v013,Olsztyn,259759
5176650.17005539,3061900.29966007,236,PL,PL015L2,PL015L2_RZESZOW_UA2018_v013,Rzeszów,515381
4879859.850035,3092141.95967521,234,PL,PL016L2,PL016L2_OPOLE_UA2018_v013,Opole,253279
4674799.07002005,3304187.29972415,225,PL,PL017L2,PL017L2_GORZOW_WIELKOPOLSKI_UA2018_v013,Gorzów Wielkopolski,164508
4699796.33002228,3217695.22970629,226,PL,PL018L2,PL018L2_ZIELONA_GORA_UA2018_v013,Zielona Góra,211463
4723927.36002493,3103773.16968064,233,PL,PL019L2,PL019L2_JELENIA_GORA_UA2018_v013,Jelenia Góra,137087
5090438.56005085,3001942.78964748,235,PL,PL020L2,PL020L2_NOWY_SACZ_UA2018_v013,Nowy Sącz,265036
5161703.41004496,3518926.82975473,237,PL,PL021L2,PL021L2_SUWALKI_UA2018_v013,Suwałki,86484
4883845.0000327,3265401.99971345,227,PL,PL022L2,PL022L2_KONIN_UA2018_v013,Konin,170721
4961644.27003985,3117543.43967945,228,PL,PL024L2,PL024L2_CZESTOCHOWA_UA2018_v013,Częstochowa,395084
5094003.33004673,3202641.90969553,220,PL,PL025L2,PL025L2_RADOM_UA2018_v013,Radom,284276
4975774.26003747,3314362.23972156,223,PL,PL026L2,PL026L2_PLOCK_UA2018_v013,Płock,220054
4878201.03003307,3214534.97970291,231,PL,PL027L2,PL027L2_KALISZ_UA2018_v013,Kalisz,210626
4724013.59002144,3471048.5497538,224,PL,PL028L2,PL028L2_KOSZALIN_UA2018_v013,Koszalin,160116
4775924.58924431,3506413.96827762,633,PL,PL029L1,PL029L1_SLUPSK_UA2018_v013,Słupsk,169953
4937493.89102198,3018480.7983593,646,PL,PL030L1,PL030L1_JASTRZEBIE_ZDROJ_UA2018_v013,Jastrzębie-Zdrój,192665
5156209.25132033,3299269.21689162,638,PL,PL031L1,PL031L1_SIEDLCE_UA2018_v013,Siedlce,144533
4992897.09896288,3188837.89022319,649,PL,PL032L1,PL032L1_PIOTRKOW_TRYBUNALSKI_UA2018_v013,Piotrków Trybunalski,145099
4752551.13279488,3161565.33462973,665,PL,PL033L1,PL033L1_LUBIN_UA2018_v013,Lubin,118886
4771442.19797525,3358550.72864875,655,PL,PL034L1,PL034L1_PILA_UA2018_v013,Piła,90544
4876307.93758988,3330279.0808188,653,PL,PL035L1,PL035L1_INOWROCLAW_UA2018_v013,Inowrocław,85377
5117857.76772106,3154348.0696996,642,PL,PL036L1,PL036L1_OSTROWIEC_SWIETOKRZYSKI_UA2018_v013,Ostrowiec Świętokrzyski,111207
4835473.95932915,3296446.62749371,654,PL,PL037L1,PL037L1_GNIEZNO_UA2018_v013,Gniezno,105161
4656855.54199468,3370497.32660607,656,PL,PL038L1,PL038L1_STARGARD_SZCZECINSKI_UA2018_v013,Stargard Szczeciński,81645
4860822.04869033,3199955.11752925,668,PL,PL039L1,PL039L1_OSTROW_WIELKOPOLSKI_UA2018_v013,Ostrów Wielkopolski,139918
5235404.23546569,3043165.33229117,643,PL,PL040L1,PL040L1_PRZEMYSL_UA2018_v013,Przemyśl,120003
5251076.79039888,3151874.65426473,640,PL,PL041L1,PL041L1_ZAMOSC_UA2018_v013,Zamość,135962
5257650.65220189,3200320.06316364,639,PL,PL042L1,PL042L1_CHELM_UA2018_v013,Chełm,86598
4965979.15441184,3213661.33307497,650,PL,PL043L1,PL043L1_PABIANICE_UA2018_v013,Pabianice,93566
4741998.2078844,3190189.89781428,666,PL,PL044L1,PL044L1_GLOGOW_UA2018_v013,Głogów,99326
5171334.90224065,3120646.38813146,641,PL,PL045L1,PL045L1_STALOWA_WOLA_UA2018_v013,Stalowa Wola,187993
5013186.97081399,3205302.96627399,648,PL,PL046L1,PL046L1_TOMASZOW_MAZOWIECKI_UA2018_v013,Tomaszów Mazowiecki,73952
5123799.19719093,3407906.35050696,637,PL,PL047L1,PL047L1_LOMZA_UA2018_v013,Łomża,88519
4773382.0705638,3212978.42038999,667,PL,PL048L1,PL048L1_LESZNO_UA2018_v013,Leszno,116295
4777237.21491412,3101484.39002289,662,PL,PL049L1,PL049L1_SWIDNICA_UA2018_v013,Świdnica,104310
4894901.72753894,3477168.80203707,634,PL,PL051L1,PL051L1_TCZEW_UA2018_v013,Tczew,78253
5130444.27906515,3481982.70404509,636,PL,PL052L1,PL052L1_ELK_UA2018_v013,Ełk,73181
4970483.1958597,3007788.84788765,645,PL,PL506L2,PL506L2_BIELSKO_BIALA_UA2018_v013,Bielsko-Biała,366059
4930717.52782555,3033472.88334054,647,PL,PL508L1,PL508L1_RYBNIK_UA2018_v013,Rybnik,137664
4763606.096984,3091921.35148028,663,PL,PL511L2,PL511L2_WALBRZYCH_UA2018_v013,Wałbrzych,170229
4933667.8054777,3490387.42022689,635,PL,PL512L2,PL512L2_ELBLAG_UA2018_v013,Elbląg,155684
4932970.68226013,3320962.66400678,651,PL,PL513L2,PL513L2_WLOCLAWEK_UA2018_v013,Włocławek,179082
5105358.31402855,3047988.65920408,644,PL,PL514L2,PL514L2_TARNOW_UA2018_v013,Tarnów,304755
4751077.639697,3139869.00833935,664,PL,PL516L2,PL516L2_LEGNICA_UA2018_v013,Legnica,132563
4900061.55782562,3411220.47699059,652,PL,PL517L2,PL517L2_GRUDZIADZ_UA2018_v013,Grudziądz,126897
2665224.65981403,1945220.15919394,240,PT,PT001L3,PT001L3_LISBOA_UA2018_v013,Lisboa,2967574
2769915.31984264,2197844.52931869,244,PT,PT002L2,PT002L2_PORTO_UA2018_v013,Porto,1272431
2794720.86984794,2237518.84933808,239,PT,PT003L1,PT003L1_BRAGA_UA2018_v013,Braga,247059
1817496.98966116,1509431.88888599,246,PT,PT004L2,PT004L2_FUNCHAL_UA2018_v013,Funchal,209621
2761629.95983526,2092552.93927117,238,PT,PT005L2,PT005L2_COIMBRA_UA2018_v013,Coimbra,264389
1282477.29963965,2359290.2391885,245,PT,PT007L1,PT007L1_PONTA_DELGADA_UA2018_v013,Ponta Delgada,117310
2753702.3998374,2143624.72929333,242,PT,PT008L2,PT008L2_AVEIRO_UA2018_v013,Aveiro,140461
2728021.24980998,1736548.06910011,243,PT,PT009L1,PT009L1_FARO_UA2018_v013,Faro,115255
2814892.733475,2130417.82535157,363,PT,PT014L1,PT014L1_VISEU_UA2018_v013,Viseu,108769
2765925.08541746,2261285.67035378,366,PT,PT016L0,PT016L0_VIANA_DO_CASTELO_UA2018_v013,Viana do Castelo,84450
2763561.59550396,2225769.30684124,364,PT,PT019L0,PT019L0_POVOA_DE_VARZIM_UA2018_v013,Póvoa de Varzim,59702
2803108.22071954,2223203.28123558,365,PT,PT505L1,PT505L1_GUIMARAES_UA2018_v013,Guimarães,176605
5590552.05010995,2507394.78946675,250,RO,RO001L1,RO001L1_BUCURESTI_UA2018_v013,Bucureşti,2199796
5353004.48007923,2723209.47955588,249,RO,RO002L1,RO002L1_CLUJ_NAPOCA_UA2018_v013,Cluj-Napoca,377650
5191949.19007041,2581213.83951541,248,RO,RO003L1,RO003L1_TIMISOARA_UA2018_v013,Timişoara,340404
5416846.15009539,2457914.43945894,247,RO,RO004L1,RO004L1_CRAIOVA_UA2018_v013,Craiova,293686
5718003.8701162,2630804.42950288,251,RO,RO005L1,RO005L1_BRAILA_UA2018_v013,Brăila,178241
5223505.1800682,2733094.44956491,252,RO,RO006L1,RO006L1_ORADEA_UA2018_v013,Oradea,218817
5606255.1800999,2752785.1195516,253,RO,RO007L1,RO007L1_BACAU_UA2018_v013,Bacău,179442
5192223.10006891,2628996.9795319,254,RO,RO008L1,RO008L1_ARAD_UA2018_v013,Arad,181202
5415085.13008835,2624925.73951974,255,RO,RO009L1,RO009L1_SIBIU_UA2018_v013,Sibiu,183034
5430554.92008622,2712536.41954846,260,RO,RO010L1,RO010L1_TARGU_MURES_UA2018_v013,Târgu Mureş,163675
5556983.9400942,2783982.91956454,256,RO,RO011L1,RO011L1_PIATRA_NEAMT_UA2018_v013,Piatra Neamţ,100430
5695604.44012065,2502596.45945759,257,RO,RO012L1,RO012L1_CALARASI_UA2018_v013,Cǎlǎraşi,80743
5595792.06011345,2446127.64944308,258,RO,RO013L1,RO013L1_GIURGIU_UA2018_v013,Giurgiu,70521
5366038.62008318,2646906.51952986,259,RO,RO014L1,RO014L1_ALBA_IULIA_UA2018_v013,Alba Iulia,95658
5647714.1046027,2663460.2621674,729,RO,RO015L1,RO015L1_FOCSANI_UA2018_v013,Focşani,103201
5362134.13589644,2529683.70698981,735,RO,RO016L1,RO016L1_TARGU_JIU_UA2018_v013,Târgu Jiu,95650
5783702.92540777,2637546.97465112,725,RO,RO017L1,RO017L1_TULCEA_UA2018_v013,Tulcea,78672
5533526.57667501,2550134.15953846,732,RO,RO018L1,RO018L1_TARGOVISTE_UA2018_v013,Târgovişte,117561
5458417.95192693,2478244.2248815,736,RO,RO019L1,RO019L1_SLATINA_UA2018_v013,Slatina,78176
5670990.92680698,2729878.87786306,730,RO,RO020L1,RO020L1_BARLAD_UA2018_v013,Bârlad,68798
5598695.96714702,2792684.68339603,722,RO,RO021L1,RO021L1_ROMAN_UA2018_v013,Roman,76033
5413571.94691509,2776105.28863621,740,RO,RO022L1,RO022L1_BISTRITA_UA2018_v013,Bistriţa,93591
5798213.12552569,2526265.42880468,726,RO,RO501L1,RO501L1_CONSTANTA_UA2018_v013,Constanta,387407
5641073.96554094,2829831.6355286,723,RO,RO502L1,RO502L1_IASI_UA2018_v013,Iasi,413410
5720235.79685044,2651101.14008609,724,RO,RO503L1,RO503L1_GALATI_UA2018_v013,Galati,259499
5528293.92359682,2630811.96911447,731,RO,RO504L1,RO504L1_BRASOV_UA2018_v013,Brasov,347609
5576429.19010184,2561119.38882333,727,RO,RO505L1,RO505L1_PLOIESTI_UA2018_v013,Ploiesti,264279
5489647.87548924,2533301.65896582,733,RO,RO506L1,RO506L1_PITESTI_UA2018_v013,Pitesti,202490
5334765.67206844,2820488.5732043,739,RO,RO507L1,RO507L1_BAIA_MARE_UA2018_v013,Baia Mare,167536
5633095.58359565,2597953.37585429,728,RO,RO508L1,RO508L1_BUZAU_UA2018_v013,Buzau,151056
5280600.12853294,2825564.70088374,738,RO,RO509L1,RO509L1_SATU_MARE_UA2018_v013,Satu Mare,144934
5559224.31126635,2877308.97326252,720,RO,RO510L1,RO510L1_BOTOSANI_UA2018_v013,Botosani,126092
5445493.91584151,2552654.59123979,734,RO,RO511L1,RO511L1_RAMNICU_VALCEA_UA2018_v013,Ramnicu Valcea,127006
5532158.14705333,2859450.11447197,721,RO,RO512L1,RO512L1_SUCEAVA_UA2018_v013,Suceava,147240
5321597.01416494,2475584.87849561,737,RO,RO513L1,RO513L1_DROBETA_TURNU_SEVERIN_UA2018_v013,Drobeta-Turnu Severin,119152
5147086.09203831,2469175.39569358,511,RS,RS001L1,RS001L1_BEOGRAD_UA2018_v013,Beograd,1679582
5092449.40866361,2511318.16049966,512,RS,RS002L1,RS002L1_NOVI_SAD_UA2018_v013,Novi Sad,455805
5283981.8380143,2322491.47618188,503,RS,RS003L1,RS003L1_NIS_UA2018_v013,Niš,412827
5195135.09454336,2386473.87546727,508,RS,RS004L1,RS004L1_KRAGUJEVAC_UA2018_v013,Kragujevac,208937
5066808.92089116,2602628.34943002,514,RS,RS005L1,RS005L1_SUBOTICA_UA2018_v013,Subotica,168834
5175962.04982112,2285875.97252063,505,RS,RS006L1,RS006L1_NOVI_PAZAR_UA2018_v013,Novi Pazar,127846
5133009.83819401,2530953.51544344,513,RS,RS008L1,RS008L1_ZRENJANIN_UA2018_v013,Zrenjanin,133056
5180972.98786285,2352067.40741093,506,RS,RS009L1,RS009L1_KRALJEVO_UA2018_v013,Kraljevo,145482
5151540.32072674,2366694.89247536,507,RS,RS011L0,RS011L0_CACAK_UA2018_v013,Čačak,110589
5234020.35401345,2344027.67971464,504,RS,RS012L1,RS012L1_KRUSEVAC_UA2018_v013,Kruševac,147259
5293450.48705981,2287061.9894568,502,RS,RS013L1,RS013L1_LESKOVAC_UA2018_v013,Leskovac,183522
5109476.00664222,2403316.09643713,509,RS,RS014L1,RS014L1_VALJEVO_UA2018_v013,Valjevo,114325
5296633.56044721,2238485.2694005,501,RS,RS015L1,RS015L1_VRANJE_UA2018_v013,Vranje,167928
5185676.1184273,2458438.90961333,510,RS,RS016L1,RS016L1_SMEDEREVO_UA2018_v013,Smederevo,195349
4779373.08002072,4051193.73982665,268,SE,SE001L1,SE001L1_STOCKHOLM_UA2018_v013,Stockholm,2339678
4438392.74000552,3846636.66980724,266,SE,SE002L1,SE002L1_GOTEBORG_UA2018_v013,Göteborg,1036012
4510205.97000952,3615260.98977762,262,SE,SE003L1,SE003L1_MALMO_UA2018_v013,Malmö,679229
4568982.50001163,3860636.41980841,261,SE,SE004L1,SE004L1_JONKOPING_UA2018_v013,Jönköping,172545
4826482.00002169,4562104.6198639,264,SE,SE005L1,SE005L1_UMEA_UA2018_v013,Umeå,157550
4749723.23001918,4107337.73983186,267,SE,SE006L1,SE006L1_UPPSALA_UA2018_v013,Uppsala,300644
4649543.74001516,3936168.00981614,265,SE,SE007L1,SE007L1_LINKOPING_UA2018_v013,Linköping,209637
4618545.48001346,4030021.24982548,263,SE,SE008L1,SE008L1_OREBRO_UA2018_v013,Örebro,209597
4690914.44113874,4073504.93065088,661,SE,SE501L1,SE501L1_VASTERAS_UA2018_v013,Västerås,200871
4680912.10653339,3959078.71226814,660,SE,SE502L1,SE502L1_NORRKOPING_UA2018_v013,Norrköping,163929
4488888.54117343,3663452.95986968,658,SE,SE503L1,SE503L1_HELSINGBORG_UA2018_v013,Helsingborg,243932
4496672.70655022,3850170.76787605,659,SE,SE505L1,SE505L1_BORAS_UA2018_v013,Borås,112034
4669999.88002774,2559122.84952347,269,SI,SI001L2,SI001L2_LJUBLJANA_UA2018_v013,Ljubljana,542380
4754157.56003352,2621955.27954335,270,SI,SI002L1,SI002L1_MARIBOR_UA2018_v013,Maribor,322155
4849389.48003767,2806639.90959961,274,SK,SK001L1,SK001L1_BRATISLAVA_UA2018_v013,Bratislava,650019
5144308.72005703,2907709.78962029,273,SK,SK002L1,SK002L1_KOSICE_UA2018_v013,Košice,366439
4992769.00004645,2889045.44961977,272,SK,SK003L1,SK003L1_BANSKA_BYSTRICA_UA2018_v013,Banská Bystrica,110799
4919581.55004232,2831942.04960536,275,SK,SK004L1,SK004L1_NITRA_UA2018_v013,Nitra,160845
5140057.52005592,2938714.50962903,271,SK,SK005L1,SK005L1_PRESOV_UA2018_v013,Prešov,173985
4956288.11004284,2938762.65963448,278,SK,SK006L1,SK006L1_ZILINA_UA2018_v013,Žilina,157340
4882206.85003953,2835829.95960743,276,SK,SK007L1,SK007L1_TRNAVA_UA2018_v013,Trnava,131433
4909435.63004035,2896736.7796241,277,SK,SK008L1,SK008L1_TRENCIN_UA2018_v013,Trenčín,115163
6250047.16731277,2165276.60967938,607,TR,TR001L1,TR001L1_ANKARA_UA2018_v013,Ankara,4998617
6548040.16386616,1919771.21555585,785,TR,TR002L1,TR002L1_ADANA_MERSIN_UA2018_v013,Adana-Mersin,2756236
6157445.60433155,1784495.97279863,601,TR,TR003L1,TR003L1_ANTALYA_UA2018_v013,Antalya,1278327
5848813.57229692,2020400.87211061,617,TR,TR004L1,TR004L1_BALIKESIR_UA2018_v013,Balıkesir,361743
5992512.38375587,1845517.00740304,719,TR,TR006L1,TR006L1_DENIZLI_UA2018_v013,Denizli,645072
6920360.3571099,2173905.16419195,585,TR,TR007L1,TR007L1_DIYARBAKIR_UA2018_v013,Diyarbakır,1067985
5692392.97142746,2215196.19105927,623,TR,TR008L1,TR008L1_EDIRNE_UA2018_v013,Edirne,179726
6922953.10143572,2416127.92629174,579,TR,TR009L1,TR009L1_ERZURUM_UA2018_v013,Erzurum,358460
6716587.36582304,1988695.02328113,591,TR,TR010L1,TR010L1_GAZIANTEP_UA2018_v013,Gaziantep,1674848
6644218.45065425,1860985.88549395,787,TR,TR011L1,TR011L1_ANTAKYA_UA2018_v013,Antakya,1020196
5903581.74635108,2190258.20483621,615,TR,TR012L1,TR012L1_ISTANBUL_UA2018_v013,Istanbul,21289865
5814095.85803587,1873269.59047108,717,TR,TR013L1,TR013L1_IZMIR_UA2018_v013,Izmir,4039722
7033948.56804319,2554046.13477349,578,TR,TR014L1,TR014L1_KARS_UA2018_v013,Kars,115241
6281069.62149603,2343743.37859767,609,TR,TR015L1,TR015L1_KASTAMONU_UA2018_v013,Kastamonu,148344
6505814.14615876,2108432.84297089,594,TR,TR016L1,TR016L1_KAYSERI_UA2018_v013,Kayseri,1100104
6281666.74231651,1935624.8305013,598,TR,TR018L1,TR018L1_KONYA_UA2018_v013,Konya,1313249
6747282.87098844,2154188.21987618,588,TR,TR019L1,TR019L1_MALATYA_UA2018_v013,Malatya,599344
6444592.63527172,2075640.7545529,714,TR,TR021L1,TR021L1_NEVSEHIR_UA2018_v013,Nevşehir,141816
6484984.5638541,2404782.93896239,610,TR,TR022L1,TR022L1_SAMSUN_UA2018_v013,Samsun,683119
7057312.0536739,2235205.5402128,709,TR,TR023L1,TR023L1_SIIRT_UA2018_v013,Siirt,165843
6758937.839512,2478672.41618277,580,TR,TR024L1,TR024L1_TRABZON_UA2018_v013,Trabzon,439663
7149444.73141569,2347561.3279924,707,TR,TR025L1,TR025L1_VAN_UA2018_v013,Van,598257
6120437.91806156,2301270.51979973,613,TR,TR026L1,TR026L1_ZONGULDAK_UA2018_v013,Zonguldak,382840
6063568.76475717,2092424.55514284,606,TR,TR027L1,TR027L1_ESKISEHIR_UA2018_v013,Eskişehir,762596
6831339.75986923,2045426.20431946,590,TR,TR028L1,TR028L1_SANLIURFA_UA2018_v013,Şanlıurfa,945262
6662446.77188806,2029728.34136812,592,TR,TR029L1,TR029L1_KAHRAMANMARAS_UA2018_v013,Kahramanmaraş,714531
6994031.71604752,2201246.06449654,582,TR,TR030L1,TR030L1_BATMAN_UA2018_v013,Batman,440454
6593847.69593335,2261888.03708919,711,TR,TR031L1,TR031L1_SIVAS_UA2018_v013,Sivas,375571
6807047.36714911,2216612.12677806,587,TR,TR032L1,TR032L1_ELAZIG_UA2018_v013,Elâzığ,421376
6121010.35389618,1876033.7229689,602,TR,TR033L1,TR033L1_ISPARTA_UA2018_v013,Isparta,370833
6401569.68070371,2286772.3597,782,TR,TR034L1,TR034L1_CORUM_UA2018_v013,Çorum,294191
6622835.93229896,1956080.49632244,790,TR,TR035L1,TR035L1_OSMANIYE_UA2018_v013,Osmaniye,262097
6395845.48986416,2029654.3198267,596,TR,TR036L1,TR036L1_AKSARAY_UA2018_v013,Aksaray,305239
5887243.8030596,1824816.07058142,718,TR,TR037L1,TR037L1_AYDIN_UA2018_v013,Aydın,492262
6852851.85177423,2125460.57729295,586,TR,TR038L1,TR038L1_SIVEREK_UA2018_v013,Siverek,258587
6093441.20357757,1982320.71069825,604,TR,TR039L1,TR039L1_AFYONKARAHISAR_UA2018_v013,Afyonkarahisar,299478
6617349.65736793,2418333.98974205,611,TR,TR040L1,TR040L1_ORDU_UA2018_v013,Ordu,575043
6462327.10175727,2004737.57181333,595,TR,TR041L1,TR041L1_NIGDE_UA2018_v013,Niğde,224125
6000031.62560782,1947960.68989437,618,TR,TR042L1,TR042L1_USAK_UA2018_v013,Uşak,251730
7068023.23196175,2460469.58276721,704,TR,TR043L1,TR043L1_AGRI_UA2018_v013,Ağrı,148408
6364407.2933306,1880719.64703149,784,TR,TR044L1,TR044L1_KARAMAN_UA2018_v013,Karaman,193297
6594373.44725909,1909486.70674911,786,TR,TR045L1,TR045L1_YUMURTALIK_UA2018_v013,Yumurtalik,18742
6819744.31433356,2507310.42082348,712,TR,TR046L1,TR046L1_RIZE_UA2018_v013,Rize,150344
6869005.90534613,2194137.21728565,794,TR,TR047L1,TR047L1_ERGANI_UA2018_v013,Ergani,130572
6029752.50240045,2041491.03270767,605,TR,TR048L1,TR048L1_KUTAHYA_UA2018_v013,Kütahya,266441
6600278.99998313,1982332.7495699,593,TR,TR049L1,TR049L1_KADIRLI_UA2018_v013,Kadirli,268592
6195269.1209576,2295528.98189897,716,TR,TR050L1,TR050L1_KARABUK_UA2018_v013,Karabük,130366
5714135.89471494,2046160.67653747,622,TR,TR051L1,TR051L1_CANAKKALE_UA2018_v013,Çanakkale,180424
6860685.3267874,2003649.92895686,792,TR,TR052L1,TR052L1_AKCAKALE_UA2018_v013,Akçakale,111817
7122954.95029904,2401296.75416073,706,TR,TR053L1,TR053L1_ERCIS_UA2018_v013,Erciş,173176
6423818.42782047,1939048.85482397,597,TR,TR054L1,TR054L1_EREGLI_UA2018_v013,Ereğli,144973
6767124.18515335,2092016.96438282,589,TR,TR055L1,TR055L1_ADIYAMAN_UA2018_v013,Adıyaman,303747
6908286.18379333,2085858.50209207,793,TR,TR056L1,TR056L1_VIRANSEHIR_UA2018_v013,Viranşehir,196143
6025539.89563061,1719699.60573025,621,TR,TR057L1,TR057L1_FETHIYE_UA2018_v013,Fethiye,157603
6946022.76323287,2056341.16226172,795,TR,TR058L1,TR058L1_CEYLANPINAR_UA2018_v013,Ceylanpinar,87054
6536760.72776204,2307370.82314955,612,TR,TR059L1,TR059L1_TOKAT_UA2018_v013,Tokat,200709
7073932.42439664,2403845.69279428,705,TR,TR060L1,TR060L1_PATNOS_UA2018_v013,Patnos,122583
5889625.01753229,1868770.76219276,796,TR,TR061L1,TR061L1_ODEMIS_UA2018_v013,Ödemiş,132199
6126693.2050267,2219799.70232295,614,TR,TR062L1,TR062L1_BOLU_UA2018_v013,Bolu,205137
5839498.49006321,2098188.11620482,616,TR,TR063L1,TR063L1_BANDIRMA_UA2018_v013,Bandirma,154003
6988317.65272474,2302253.58016634,710,TR,TR064L1,TR064L1_MUS_UA2018_v013,Muş,192810
6662885.048862,2103136.38467027,713,TR,TR065L1,TR065L1_ELBISTAN_UA2018_v013,Elbistan,142381
6755184.97229877,1998455.05267694,789,TR,TR066L1,TR066L1_NIZIP_UA2018_v013,Nizip,142307
6807699.74567128,2014344.6280805,791,TR,TR067L1,TR067L1_SURUC_UA2018_v013,Suruç,105059
5897228.53001228,1900204.64222411,620,TR,TR068L1,TR068L1_SALIHLI_UA2018_v013,Salihli,161309
6707558.26921212,1945580.66549078,788,TR,TR069L1,TR069L1_KILIS_UA2018_v013,Kilis,107820
6977919.04732222,2110163.26379672,584,TR,TR070L1,TR070L1_KIZILTEPE_UA2018_v013,Kızıltepe,246342
7029327.07111587,2161378.46412805,583,TR,TR071L1,TR071L1_MIDYAT_UA2018_v013,Midyat,112860
7102028.47319,2181228.53756735,708,TR,TR072L1,TR072L1_CIZRE_UA2018_v013,Cizre,140989
6292858.44751971,2256068.84164286,608,TR,TR073L1,TR073L1_CANKIRI_UA2018_v013,Çankırı,95165
6904245.17586644,2283550.50605224,581,TR,TR074L1,TR074L1_BINGOL_UA2018_v013,Bingöl,159957
6177608.17819031,1960167.32399622,603,TR,TR075L1,TR075L1_AKSEHIR_UA2018_v013,Akşehir,92668
6203351.81990918,2109510.09480907,715,TR,TR076L1,TR076L1_POLATLI_UA2018_v013,Polatli,121752
6223753.95857267,1792818.84751299,600,TR,TR077L1,TR077L1_MANAVGAT_UA2018_v013,Manavgat,238503
6413686.84398159,2204683.71981701,783,TR,TR078L1,TR078L1_YOZGAT_UA2018_v013,Yozgat,104543
5932691.3919359,1893271.51286943,619,TR,TR079L1,TR079L1_ALASEHIR_UA2018_v013,Alaşehir,104268
3623782.79995808,3203155.58969752,302,UK,UK001L3,UK001L3_LONDON_UA2018_v013,London,12300869
3516483.99995379,3329465.99972121,292,UK,UK002L3,UK002L3_WEST_MIDLANDS_URBAN_AREA_UA2018_v013,West Midlands urban area,3092966
3563727.99995901,3471122.9997484,304,UK,UK003L2,UK003L2_LEEDS_UA2018_v013,Leeds,2612331
3435026.45995573,3727834.32978527,296,UK,UK004L1,UK004L1_GLASGOW_UA2018_v013,Glasgow,1823804
3462904.81995271,3442952.40974124,286,UK,UK006L3,UK006L3_LIVERPOOL_UA2018_v013,Liverpool,1508864
3501797.17760521,3725039.62816207,287,UK,UK007L1,UK007L1_EDINBURGH_UA2018_v013,Edinburgh,888545
3512467.9299556,3443107.66974242,303,UK,UK008L3,UK008L3_GREATER_MANCHESTER_UA2018_v013,Greater Manchester,3322573
3411289.72994519,3235189.82969878,294,UK,UK009L1,UK009L1_CARDIFF_UA2018_v013,Cardiff,771186
3561182.66995811,3423929.93974005,279,UK,UK010L3,UK010L3_SHEFFIELD_UA2018_v013,Sheffield,1190515
3450042.99994745,3224538.99969762,301,UK,UK011L2,UK011L2_BRISTOL_UA2018_v013,Bristol,943371
3300735.03994648,3612144.43976552,281,UK,UK012L2,UK012L2_BELFAST_UA2018_v013,Belfast,784101
3581030.58996182,3601215.88976974,297,UK,UK013L2,UK013L2_NEWCASTLE_UPON_TYNE_UA2018_v013,Newcastle upon Tyne,1161656
3570862.39995723,3338156.31972419,280,UK,UK014L1,UK014L1_LEICESTER_UA2018_v013,Leicester,880461
3592033.99996511,3844749.91980255,298,UK,UK016L1,UK016L1_ABERDEEN_UA2018_v013,Aberdeen,485391
3647907.70079486,3278537.57593199,282,UK,UK017L2,UK017L2_CAMBRIDGE_UA2018_v013,Cambridge,372683
3372236.62994064,3156163.55967974,299,UK,UK018L3,UK018L3_EXETER_UA2018_v013,Exeter,486570
3619718.89996109,3398062.83973655,300,UK,UK019L3,UK019L3_LINCOLN_UA2018_v013,Lincoln,305833
3542440.92995151,3135368.26968013,293,UK,UK023L1,UK023L1_PORTSMOUTH_UA2018_v013,Portsmouth,515927
3489522.04995159,3301614.02971495,290,UK,UK024L1,UK024L1_WORCESTER_UA2018_v013,Worcester,178834
3541608.70995509,3317119.88971937,291,UK,UK025L3,UK025L3_COVENTRY_UA2018_v013,Coventry,738198
3641357.23996313,3452660.90974671,295,UK,UK026L1,UK026L1_KINGSTON_UPON_HULL_UA2018_v013,Kingston upon Hull,592968
3507645.48995439,3390282.83973268,283,UK,UK027L1,UK027L1_STOKE_ON_TRENT_UA2018_v013,Stoke-on-Trent,477266
3575235.80995809,3372867.33973095,285,UK,UK029L1,UK029L1_NOTTINGHAM_UA2018_v013,Nottingham,922515
3585276.07429756,3177974.48140387,529,UK,UK033L1,UK033L1_GUILDFORD_UA2018_v013,Guildford,273003
3518283.24372852,3477013.14824528,544,UK,UK050L1,UK050L1_BURNLEY_UA2018_v013,Burnley,179912
3659835.54916163,3125415.8441866,528,UK,UK056L1,UK056L1_HASTINGS_UA2018_v013,Hastings,185550
3609062.82022529,3128241.25930841,527,UK,UK515L1,UK515L1_BRIGHTON_AND_HOVE_UA2018_v013,Brighton and Hove,447673
3321861.9417938,3125679.57283067,524,UK,UK516L1,UK516L1_PLYMOUTH_UA2018_v013,Plymouth,399062
3361629.82001908,3259139.91615426,536,UK,UK517L1,UK517L1_SWANSEA_UA2018_v013,Swansea,384032
3552976.55362428,3373604.16789896,539,UK,UK518L1,UK518L1_DERBY_UA2018_v013,Derby,487194
3522437.3661058,3150961.21411589,526,UK,UK520L2,UK520L2_SOUTHAMPTON_UA2018_v013,Southampton,679451
3579952.72603797,3292006.87762948,535,UK,UK528L1,UK528L1_NORTHAMPTON_UA2018_v013,Northampton,482520
3486143.15649261,3135846.35322238,525,UK,UK539L1,UK539L1_BOURNEMOUTH_UA2018_v013,Bournemouth,525009
3696306.07720847,3236820.64640088,532,UK,UK546L1,UK546L1_COLCHESTER_UA2018_v013,Colchester,330130
3525488.5049543,3778526.49896242,546,UK,UK550L0,UK550L0_DUNDEE_CITY_UA2018_v013,Dundee City,257773
3466032.96205268,3737655.97073821,547,UK,UK551L1,UK551L1_FALKIRK_UA2018_v013,Falkirk,160456
3561843.22679107,3206763.48264,530,UK,UK552L0,UK552L0_READING_UA2018_v013,Reading,323897
3466468.66612413,3489686.60791008,541,UK,UK553L1,UK553L1_BLACKPOOL_UA2018_v013,Blackpool,317375
3502056.2117024,3475545.71562106,543,UK,UK557L1,UK557L1_BLACKBURN_WITH_DARWEN_UA2018_v013,Blackburn with Darwen,289657
3425125.18396663,3244396.49511388,537,UK,UK558L1,UK558L1_NEWPORT_UA2018_v013,Newport,242515
3597680.78895871,3553078.24920541,545,UK,UK559L2,UK559L2_MIDDLESBROUGH_UA2018_v013,Middlesbrough,560706
3547192.91744803,3242245.76862034,531,UK,UK560L1,UK560L1_OXFORD_UA2018_v013,Oxford,525517
3488332.02076824,3479101.51208505,542,UK,UK562L2,UK562L2_PRESTON_UA2018_v013,Preston,251863
3733272.06644445,3315460.08385585,534,UK,UK566L1,UK566L1_NORWICH_UA2018_v013,Norwich,408396
3464436.84319762,3418993.90329051,540,UK,UK568L1,UK568L1_CHESHIRE_WEST_AND_CHESTER_UA2018_v013,Cheshire West and Chester,496538
3715873.37630199,3253219.1739597,533,UK,UK569L2,UK569L2_IPSWICH_UA2018_v013,Ipswich,349578
3494015.95695219,3267294.80808232,538,UK,UK571L1,UK571L1_CHELTENHAM_UA2018_v013,Cheltenham,212826
5235342.98112191,2241366.05432098,499,XK,XK001L1,XK001L1_PRISTINA_UA2018_v013,Pristina,617398
5207237.12868878,2186142.18827166,498,XK,XK002L1,XK002L1_PRIZREN_UA2018_v013,Prizren,315538
5207744.15696336,2262227.45089776,500,XK,XK003L1,XK003L1_MITROVICE_UA2018_v013,Mitrovicë,204821
