X;Y;citynumber;cityname;cityfile;country;field_4;field_5
4.35170442062064;50.8465420557087;1;Bruxelles;be001l_bruxelles;Belgique;3923640.29;3097017.51
4.39910711088552;51.2212942162579;2;Antwerpen;be002l_antwerpen;Belgique;3930142.26;3138348.86
3.7252722971297;51.054473974342;3;Gent;be003l_gent;Belgique;3881660.36;3123669.04
3.22708375969811;51.2082948896419;4;Brugge;be006l_brugge;Belgique;3848466.44;3143833.27
4.44367207596579;50.4119925824663;5;Charleroi;be004l_charleroi;Belgique;3926459.41;3048300.16
5.57566254527281;50.6453650184039;6;Liège;be005l_liege;Belgique;4008265.85;3068743.66
4.86617293460548;50.4665874717511;7;Namur;be007l_namur;Belgique;3956822.49;3052171.46
3.07147200606625;50.6305420002589;8;Lille;fr009c_lille;France;3831601.71;3080820.7
3.87460460073769;43.6119819697351;9;Montpellier;fr010l_montpellier;France;3825892;2298347
0.107460305312716;49.4942131644326;10;Le Havre;fr012l_le_havre;France;3606684;2979436
6.17630534205211;49.1196097352153;11;Metz;fr017l_metz;France;4041955.28;2896859.99
5.93238385824689;43.1204050662472;12;Toulon;fr032l_toulon;France;3989214.87;2232635.16
5.36939846517511;43.2974698292166;13;Marseille;fr203c_marseille;France;3944490.19;2254881.16
7.27149243971799;43.6959415630354;14;Nice;fr205c_nice;France;4100553.67;2291438.77
2.83194770058379;50.428837920019;15;Lens;fr207c_lens_lievin;France;3812569.94;3060103.06
6.18368419962919;48.6929381398407;16;Nancy;fr016l_nancy;France;4040085.47;2849448.98
3.08636394048656;45.7797650198799;17;Clermont-Ferrand;fr022l_clermont-ferrand;France;3783479.27;2543538.63
7.75079645563227;48.5845032251718;18;Strasbourg;fr006l_strasbourg;France;4155023.7;2832653.37
-1.55376399339924;47.2187416903854;19;Nantes;fr008l_nantes;France;3449239.11;2746535.45
4.38732811981128;45.439944815066;20;Saint Etienne;fr011c_saint_etienne;France;3881666.33;2497393.55
2.29535409007794;49.8938950057079;21;Amiens;fr014l_amiens;France;3768492.95;3004741.58
4.03174190081591;49.257971140695;22;Reims;fr018l_reims;France;3886997.53;2922610.55
1.90884466564767;47.9027569969674;23;Orléans;fr019l_orleans;France;3717106.15;2787450.24
5.73616302600944;45.186517596179;24;Grenoble;fr026l_grenoble;France;3985560.95;2462311.89
0.689418867703841;47.3905723637881;25;Tours;fr035l_tours;France;3619665.67;2741619.07
5.44770205651698;43.5298560008142;26;Aix-en-Provence;fr202c_aix_en_provence;France;3952315.72;2280206.77
-1.68014510733338;48.1113694683778;27;Rennes;fr013l_rennes;France;3454963.87;2846229.85
1.44421938991446;43.6044843323737;28;Toulouse;fr004l_toulouse;France;3630188.8;2316738.92
5.04158228883281;47.3218343208811;29;Dijon;fr020l_dijon;France;3946194.51;2702355.14
0.341131772476261;46.580111293189;30;Poitiers;fr021l_poitiers;France;3582285.78;2655564.34
-0.579697598272628;44.8378676684145;31;Bordeaux;fr007l_bordeaux;France;3486142.85;2473309.44
6.02178128084508;47.236018161864;32;Besancon;fr025l_besancon;France;4019700.12;2688361.56
-0.372821977387948;49.1811195758853;33;Caen;fr023l_caen;France;3567447.35;2949691.29
8.73904206851841;41.9193193943639;34;Ajaccio;fr027l_ajaccio;France;4216016.55;2091545.38
1.2603550939354;45.8264582552258;35;Limoges;fr024l_limoges;France;3642760.07;2563619.15
1.09986662864065;49.4432403693121;36;Rouen;fr015l_rouen;France;3677242.628086;2964628.941629
2.35241344823756;48.8564825677838;37;Paris;fr001l_paris;France;3760786.11;2889470.18
4.8350573112325;45.7676392893622;38;Lyon;fr003l_lyon;France;3919055.81;2531161
16.3574524462486;48.2107755096721;39;Wien;at001l_wien;Autriche;4793046.16;2808920.12
15.4384016961957;47.0707939530744;40;Graz;at002l_graz;Autriche;4733995.94;2677073.98
14.2828703399557;48.3097570033376;41;Linz;at003l_linz;Autriche;4638630.77;2808800.76
13.0433321675454;47.8053799617547;42;Salzburg;at004l_salzburg;Autriche;4549023.47;2748222.72
11.3938695486023;47.265691935615;43;Innsbruck;at005l_innsbruck;Autriche;4426558.93;2684560.34
24.7490371500157;42.1436349028068;44;Plovdiv;bg002l_plovdiv;Bulgarie;5535674.73;2234871.61
27.9172255841248;43.2078271237777;45;Varna;bg003l_varna;Bulgarie;5765389.62;2406897.8
27.472350245015;42.4930595020986;46;Burgas;bg004l_burgas;Bulgarie;5747409.66;2320825.15
25.9548019479095;43.8476901178276;47;Ruse;bg006l_ruse;Bulgarie;5595959.17;2440747.97
22.8766577772202;43.9853835034863;48;Vidin;bg007l_vidin;Bulgarie;5350620.43;2408321.82
24.6203484286996;43.4080518253803;49;Pleven;bg005l_pleven;Bulgarie;5499857.25;2370879.8
23.3317064100104;42.6969673755182;50;Sofia;bg001l_sofia;Bulgarie;5410324.73;2273619.98
25.6256583790629;42.4245369890956;51;Starazagora;bg501c_starazagora;Bulgarie;5600738.17;2280060.97
33.3598088506034;35.1693411398652;52;Lefkosia;cy001l_lefkosia;Chypre;6434935;1669889
16.6060804927634;49.1939076434862;53;Brno;cz002l_brno;République Tchèque;4801875.06;2919475.51
18.2916729062916;49.8417046948351;54;Ostrava;cz003l_ostrava;République Tchèque;4916050.1;3003557.04
14.0373302855752;50.6603130539678;55;Usti Nad Labem;cz005l_usti_nad_labem;République Tchèque;4606321.12;3068823.47
17.2511530427982;49.5936883801995;56;Olomouc;cz006l_olomouc;République Tchèque;4844358.39;2968174.88
15.0583156762535;50.7698473581957;57;Liberec;cz007l_liberec;République Tchèque;4677520.61;3085465.23
15.8368981756181;50.2124421815437;58;Hradec Kralove;cz009l_hradec_kralove;République Tchèque;4737163.88;3027712.21
15.7788275606637;50.0387746016686;59;Pardubice;cz010l_pardubice;République Tchèque;4734536.7;3008118.28
17.6662193443441;49.2265154118245;60;Zlin;cz011l_zlin;République Tchèque;4878375.93;2930570.87
15.5912210898903;49.3962002206614;61;Jihlava;cz014l_jihlava;République Tchèque;4726499.97;2935789.46
14.4731522233955;48.9743273402406;62;Ceske Budejovice;cz008l_ceske_budejovice;République Tchèque;4648340.83;2883402.84
13.3777755729469;49.7481383006808;63;Plzen;cz004l_plzen;République Tchèque;4564372.85;2965097.26
12.8659375979926;50.2280565312977;64;Karlovyvary;cz013l_karlovyvary;République Tchèque;4525459.56;3016870.72
14.418002689852;50.0871324990389;65;Praha;cz001l_praha;République Tchèque;4636991.78;3006718.92
11.5755568628255;48.1375454408331;66;Munchen;de003l_munchen;Allemagne;4438311.45;2781694.62
6.95971105096143;50.9384759575041;67;Koln;de004l_koln;Allemagne;4107362.73;3096338.25
13.7403313354938;51.0480610976053;68;Desden;de009l_dresden;Allemagne;4583163.62;3110795.55
8.80793214910569;53.0760221366926;69;Bremen;de012l_bremen;Allemagne;4241107.52;3330389.8
9.73742313858393;52.3672679121557;70;Hannover;de013l_hannover;Allemagne;4303114.52;3250898.25
7.1464300015206;51.259319973221;71;Wuppertal;de016l_wuppertal;Allemagne;4121861.74;3131480.37
8.53435864239957;52.0219761961014;72;Bielefeld;de017l_bielefeld;Allemagne;4220399.75;3213456.71
8.65597301426641;49.8721122370086;73;Darmstadt;de025l_darmstadt;Allemagne;4224377.05;2974171.94
14.5543204292847;52.3442031158879;74;Frankfurt Oder;de029l_frankfurt_oder;Allemagne;4631146.38;3258004.66
8.4032976827747;49.0086504823245;75;Karlsruhe;de035l_karlsruhe;Allemagne;4204164;2878541
6.43065867539752;51.1924417053884;76;Monchengladbach;de036l_monchengladbach;Allemagne;4071590.49;3126242.67
6.77147787821795;51.2256895846517;77;Dusseldorf;de011l_dusseldorf;Allemagne;4095549.31;3128830.92
6.99684265748247;49.2345446679213;78;Saarbrucken;de040l_saarbrucken;Allemagne;4102304.83;2906853.3
8.68164816784643;50.1104623998062;79;Frankfurt Am Main;de005l_frankfurt_am_main;Allemagne;4226692.92;3000643.31
12.3723842801646;51.3363378972723;80;Leipzig;de008l_leipzig;Allemagne;4486296.11;3138844.27
11.6396598985934;52.1314799936893;81;Magdeburg;de019l_magdeburg;Allemagne;4433267.78;3225892.87
11.4082860984599;53.6321143367672;82;Schwerin;de031l_schwerin;Allemagne;4414167.3;3392522.32
7.59823794234889;50.3603141810458;83;Koblenz;de042l_koblenz;Allemagne;4150117.28;3030385.26
11.3292121905093;50.9793504030824;84;Weimar;de030l_weimar;Allemagne;4414344.99;3097293.46
10.1324274811937;54.3218698921704;85;Kiel;de039l_kiel;Allemagne;4329619.05;3468383.69
11.0293422686125;50.9778164566774;86;Erfurt;de032l_erfurt;Allemagne;4393290.61;3096783.33
7.10294542058015;50.7350034402202;87;Bonn;de034l_bonn;Allemagne;4116531.25;3073309.92
8.27696456377798;50.0009347932016;88;Mainz;de037l_mainz;Allemagne;4197467.02;2989064.62
8.24210386321224;50.0818711768353;89;Wiesbaden;de020l_wiesbaden;Allemagne;4195181.28;2998123.32
7.84922993793936;47.9964380419002;90;Freiburg Im Breisgau;de027l_freiburg_im_breisgau;Allemagne;4160427.16;2767098.26
9.99239761130752;53.550380759545;91;Hamburg;de002l_hamburg;Allemagne;4320496.05;3382521.72
9.17796130272857;48.7750704982704;92;Stuttgart;de007l_stuttgart;Allemagne;4260560.77;2851643.62
11.0773055105289;49.4552154164988;93;Nurnberg;de014l_nurnberg;Allemagne;4399119.77;2927499.15
11.9715184755171;51.4824390373939;94;Halle an der Saale;de018l_halle_an_der_saale;Allemagne;4457936.71;3154263.51
9.94019172000194;51.5284393179484;95;Gottingen;de021l_gottingen;Allemagne;4316849.47;3157534.42
12.1042891631538;49.0168922116647;96;Regensburg;de028l_regensburg;Allemagne;4474941.92;2880390.22
10.8986524447212;48.3688015123625;97;Augsburg;de033l_augsburg;Allemagne;4387609.85;2806551.68
13.4086201248494;52.5182677455028;98;Berlin;de001l_berlin;Allemagne;4552290.95;3273087.2
7.01587066437284;51.458145164189;99;Essen;de038l_essen;Allemagne;4113657.22;3153949.05
12.5701631932144;55.6752832651717;100;Kobenhavn;dk001l_kobenhavn;Danemark;4482756;3621869.52
10.3885654583156;55.3960082807947;101;Odense;dk003l_odense;Danemark;4345632.67;3587972.15
10.2031300676381;56.1526440326754;102;Aarhus;dk002l_aarhus;Danemark;4333633.12;3672113.8
9.92072567273478;57.0482619761605;103;Aalborg;dk004l_aalborg;Danemark;4316183.43;3771738.75
24.7452000284766;59.4369999809413;104;Tallinn;ee001l_tallinn;Estonie;5152547.78;4124099.83
26.721940278789;58.3800494321732;105;Tartu;ee002l_tartu;Estonie;5290446.55;4034306.69
-0.377389396933126;39.4699667807423;106;Valencia;es003l_valencia;Espagne;3426005.01;1881067.69
-5.99462205119298;37.3886975843735;107;Sevilla;es004l_sevilla;Espagne;2904992.64;1738954.18
-0.877439955086202;41.6559988362644;108;Zaragoza;es005l_zaragoza;Espagne;3414990.34;2126922.25
-15.4277980505016;28.1235990136455;109;Las Palmas;es008l_las_palmas;Espagne;1816918.6;984295.49
-4.72865486101117;41.6524000142662;110;Valladolid;es009l_valladolid;Espagne;3098156.62;2180934.85
2.65017673054484;39.5693732651549;111;Palma de Mallorca;es010l_palma_di_mallorca;Espagne;3686975.23;1861554.6
-2.9234200752567;43.2641721654774;112;Bilbao;es019l_bilbao;Espagne;3274748.93;2329926.33
-4.7762604939249;37.8851334226692;113;Cordoba;es020l_cordoba;Espagne;3020705.12;1771227.42
-8.72667061409752;42.2362843293603;114;Vigo;es022l_vigo;Espagne;2787975.84;2317756.36
-5.66217718794518;43.5450548848873;115;Gijon;es023l_gijon;Espagne;3062455.8;2402804.46
-3.80997826328742;43.462175261943;116;Santander;es015l_santander;Espagne;3207650.25;2364388.44
-0.481328158505417;38.3452160404154;117;Alicante;es021l_alicante;Espagne;3401679.31;1759023.15
-16.2546546545031;28.4698890928533;118;Santa Cruz de Tenerife;es025l_santa_cruz_de_tenerife;Espagne;1748925.05;1047566.96
-4.41495895386252;36.7203579939955;119;Malaga;es006l_malaga;Espagne;3030593.680893;1638411.558453
-1.13022633849354;37.9834254578793;120;Murcia;es007l_murcia;Espagne;3339988.8;1727487.94
-8.5461481584228;42.8803528770432;121;Santiago de Compostela;es011l_santiago_de_compostela;Espagne;2818727.67;2383804.47
-6.96977300250092;38.8787886187885;122;Badajoz;es017l_badajoz;Espagne;2852887.31;1919060.98
-2.43924057676802;42.4663431824263;123;Logrono;es018l_logrono;Espagne;3299881.68;2235820.95
-2.67232427886838;42.8467201828304;124;Vitoria Gasteiz;es012l_vitoria_gasteiz;Espagne;3287563.4;2280698.91
-1.64414095174797;42.8184280079183;125;Pamplona Iruna;es014l_pamplona_iruna;Espagne;3370161.81;2264007.91
-5.84468216959331;43.3604709726801;126;Oviedo;es013l_oviedo;Espagne;3043994.22;2385780.95
-4.0249843750133;39.8565966824991;127;Toledo;es016l_toledo;Espagne;3122078.37;1973697.98
-3.69209149483531;40.4188606811377;128;Madrid;es001l_madrid;Espagne;3160408.2;2029896.34
2.17714840195255;41.3825110239254;129;Barcelona;es002l_barcelona;Espagne;3665282.52;2065232.04
24.9529042048714;60.168092581365;130;Helsinki;fi001l_helsinki;Finlande;5146128.64;4206120.48
23.7594427992742;61.4980304724688;131;Tampere;fi002l_tampere;Finlande;5050974.27;4337830.34
25.4720111669674;65.01396866512;132;Oulu;fi004l_oulu;Finlande;5048289.35;4737400.4
22.2686323365791;60.4487944592435;133;Turku;fi003l_turku;Finlande;4994263.6;4208331.24
22.9539132513464;40.6233938870917;134;Thessaloniki;gr002l_thessaloniki;Grèce;5416193.88;2041247.56
21.7332174770329;38.2454263652152;135;Patrai;gr003l_patrai;Grèce;5350722.33;1764083.68
25.156318427626;35.3422412284365;136;Iraklion;gr004l_iraklion;Grèce;5703069.05;1501634.71
22.4151503249531;39.6375950222246;137;Larisa;gr005l_larisa;Grèce;5387379.29;1925734.69
22.9409743947792;39.3627107164325;138;Volos;gr006l_volos;Grèce;5436748.18;1903235.86
20.8541266881867;39.6664903784985;139;Ioannina;gr007l_ioannina;Grèce;5253987.84;1908350.41
24.4079858963789;40.9378350397862;140;Kavala;gr008l_kavala;Grèce;5531466.77;2097786.38
22.1116853829489;37.041050184712;141;Kalamata;gr009l_kalamata;Grèce;5402385.44;1637721.49
23.7273752807277;37.9819120743789;142;Athina;gr001l_athina;Grèce;5528442.02;1764535.5
19.0548327371036;47.4952308989549;143;Budapest;hu001l_budapest;Hongrie;5001804.64;2750785.84
20.77831289874;48.1041452220738;144;Miskolc;hu002l_miskolc;Hongrie;5120852.5;2835246.92
18.2287004273544;46.0758204134033;145;Pecs;hu004l_pecs;Hongrie;4956846.95;2586645.76
21.6254819411773;47.5293095176578;146;Debrecen;hu005l_debrecen;Hongrie;5192884.86;2781549.01
20.1480213047834;46.2545167849201;147;Szeged;hu006l_szeged;Hongrie;5101607.34;2624669.51
17.635246395127;47.6833553093218;148;Gyor;hu007l_gyor;Hongrie;4893454.21;2759551.16
18.4095846811683;47.1910984644786;149;Szekesfehervar;hu009l_szekesfehervar;Hongrie;4957251.92;2711441.11
21.7151927081877;47.9556635150571;150;Nyiregyhaza;hu003l_nyiregyhaza;Hongrie;5192274.74;2829512.61
19.6918559074406;46.9068581214795;151;Kecskemet;hu008l_kecskemet;Hongrie;5057657.04467;2691938.604775
-9.04339446444146;53.2761302061437;152;Galway;ie004c_galway;Irlande;3067437.19;3517994
-7.10576334824452;52.2601537326163;153;Waterford;ie005c_waterford;Irlande;3165444.51;3375668.04
-8.46543900907267;51.8971319760719;154;Cork;ie002l_cork;Irlande;3065629.03;3358890.24
-6.26717493304237;53.3438639677703;155;Dublin;ie001l_dublin;Irlande;3247982.46;3480633.5
-8.62494994518086;52.6676932365982;156;Limerick;ie003l_limerick;Irlande;3076899;3445014
9.19045674940231;45.4667144504902;157;Milano;it002l_milano;Italie;4257596.67;2484162.32
14.2505394496671;40.8402624894335;158;Napoli;it003l_napoli;Italie;4680898.17;1981412.9
7.68123133065642;45.0728608403785;159;Torino;it004l_torino;Italie;4138127.8;2442956.12
13.3627064061293;38.1153344883525;160;Palermo;it005l_palermo;Italie;4617882.55;1677045.01
11.2571146589814;43.7691421503946;161;Firenze;it007l_firenze;Italie;4422458.84;2296393.28
13.7684186839494;45.6494087949666;162;Trieste;it015l_trieste;Italie;4615025.35;2511530.83
13.5188689780835;43.6167782083577;163;Ancona;it017l_ancona;Italie;4605643;2285331
14.2146298601921;42.4483294072881;164;Pescara;it019l_pescara;Italie;4668662.35;2158950.26
15.644475998393;38.109139808952;165;Reggio di Calabria;it025l_reggio_di_calabria;Italie;4819050.38;1688215.47
10.217183264141;45.5321484285211;166;Brescia;it029l_brescia;Italie;4337989.9;2491104.52
15.0873073883705;37.5020407642115;167;Catania;it010l_catania;Italie;4773959.32;1617980.97
10.0244964724554;45.1335275660664;168;Cremona;it013l_cremona;Italie;4322930.19;2446847.42
11.121361742185;46.0690923073381;169;Trento;it014l_trento;Italie;4407858.97;2551333.88
14.3323333895939;41.074844465363;170;Caserta;it021l_caserta;Italie;4686447.91;2007710.5
17.2325090233596;40.4735628913554;171;taranto;it022l_taranto;Italie;4936250.14;1960138.64
16.595324767283;38.9049202558819;172;Catanzaro;it024l_catanzaro;Italie;4895897.06;1782450.42
9.11038672405064;39.2152893760236;173;Cagliari;it027l_cagliari;Italie;4243710.45;1792283.52
10.9262211000534;44.6458755769858;174;Modena;it030l_modena;Italie;4394617.16;2393207.43
15.5431403525076;41.4622008150184;175;Foggia;it031l_foggia;Italie;4785500.04;2057127.96
16.867766002744;41.1256849796144;176;Bari;it008l_bari;Italie;4899309.42;2029131.04
12.3341529869011;45.4365376934968;177;Venezia;it011l_venezia;Italie;4503880.78;2483331.79
10.9938375936414;45.438133552236;178;Verona;it012l_verona;Italie;4398876.75;2481165.37
12.3886390636252;43.1116857930586;179;Perugia;it016l_perugia;Italie;4515934.76;2225787.53
11.8765746926285;45.407000150808;180;Padova;it028l_padova;Italie;4468118.02;2479042.53
14.7561448441159;40.6785743637264;181;Salerno;it032l_salerno;Italie;4724680.23;1966109.08
11.3423112494544;44.4938873551988;182;Bologna;it009l_bologna;Italie;4427972.19;2376854.77
13.3870962885043;42.3552315241135;183;Laquila;it018l_laquila;Italie;4600890.22;2145207.03
15.8052792094433;40.6394206823018;184;Potenza;it023l_potenza;Italie;4813851.77;1967992.16
14.659180387505;41.5576933702764;185;Campobasso;it020l_campobasso;Italie;4710940;2062678
8.93261384288998;44.4113360436664;186;Genova;it006l_genova;Italie;4235811.55;2367348.04
8.55934497488748;40.7268030255993;187;Sassari;it026l_sassari;Italie;4198734.57;1959937.21
12.4834227971987;41.8930725536655;188;Roma;it001l_roma;Italie;4527819.53;2091165.48
25.2869387439241;54.6780722173609;189;Vilnius;lt001l_vilnius;Lituanie;5298852.56;3612109.54
23.8859057667069;54.8968662762306;190;Kaunas;lt002l_kaunas;Lituanie;5205835.61;3617896.61
24.362013774439;55.7264298328337;191;Panevezys;lt003l_panevezys;Lituanie;5216967.67;3714536.31
6.13048574600217;49.6102733266718;192;Luxembourg;lu001l_luxembourg;Luxembourg;4041436.58;2951531.34
21.0073253387111;56.5043082023068;193;Liepaja;lv002l_liepaja;Lettonie;4996288.39;3763155.12
24.1062473112057;56.9478809264205;194;riga;lv001l_riga;Lettonie;5173870.59;3844919.91
14.508943961783;35.8981394315229;195;Valletta;mt001l_valletta;Malte;4731726.68;1438503.14
14.238894700114;36.0449157829372;196;Gozo;mt002l_gozo;Malte;4706373.27;1453224.77
4.31605438753494;52.0774299213289;197;Sgravenhage;nl001l_sgravenhage;Pays-Bas;3931767.87;3233806.99
4.89998231499745;52.3677493733165;198;Amsterdam;nl002l_amsterdam;Pays-Bas;3973942.76;3263083.61
4.47986029368951;51.9228628237549;199;Rotterdam;nl003l_rotterdam;Pays-Bas;3941656.24;3215787.81
5.11972366044466;52.0918388133432;200;Utrecht;nl004l_utrecht;Pays-Bas;3986807;3231416
5.48089674036578;51.4350533360812;201;Eindhoven;nl005l_eindhoven;Pays-Bas;4006976.38;3156862.89
5.08702447564912;51.5552155840659;202;Tilburg;nl006l_tilburg;Pays-Bas;3980550.18;3171974.12
6.56700492238867;53.2185321486832;203;Groningen;nl007l_groningen;Pays-Bas;4091764.46;3351014.87
4.79666529139698;51.5937206969552;204;Breda;nl012l_breda;Pays-Bas;3960772.52;3177643.49
5.86552441348766;51.8471291491894;205;Nijmegen;nl013l_nijmegen;Pays-Bas;4036263.14;3201064.8
5.96389766504545;52.2157845584778;206;Apeldoorn;nl014l_apeldoorn;Pays-Bas;4045304.89;3241651.38
6.89678752258681;52.219490679048;207;Enschede;nl008l_enschede;Pays-Bas;4108994.35;3238939.67
5.91118366193195;51.9790022856421;208;Arnhem;nl009l_arnhem;Pays-Bas;4040227.21;3215540.93
5.79604977703112;53.2022286889816;209;Leeuwarden;nl015l_leeuwarden;Pays-Bas;4040239.07;3351911.43
5.97754418850045;50.8867645791198;210;Heerlen;nl010l_heerlen;Pays-Bas;4038103.233547;3093924.407907
21.0007208468897;52.2430810898677;211;Warszawa;pl001l_warszawa;Pologne;5069109.65;3293717.88
19.4575489346082;51.7644668953021;212;Lodz;pl002l_lodz;Pologne;4971814.38;3226074.15
19.936945038085;50.0587939513146;213;Krakow;pl003l_krakow;Pologne;5030139.26;3042182.61
16.9352343343879;52.4298125969911;214;Poznan;pl005l_poznan;Pologne;4791904.41;3280286.87
22.5656175164248;51.2476513801661;215;Lublin;pl009l_lublin;Pologne;5193389.92;3201592.38
18.6226280340886;53.0269324109727;216;Torun;pl013l_torun;Pologne;4897999.56;3358582.44
20.4798340684102;53.7787451007835;217;Olsztyn;pl014l_olsztyn;Pologne;5009173.5;3457843.89
18.6410587353196;54.3510008466405;218;Gdansk;pl006l_gdansk;Pologne;4881456.38;3505167.61
20.6307535065391;50.8718359942364;219;Kielce;pl012l_kielce;Pologne;5066292.69;3138775.77
21.1580371969403;51.4015416995047;220;Radom;pl025l_radom;Pologne;5094003.33;3202641.91
17.9990057347432;53.1222080885452;221;Bydgoszcz;pl008l_bydgoszcz;Pologne;4855295.67;3364349.36
19.020233519219;50.2585557136377;222;Katowice;pl010l_katowice;Pologne;4962421.93;3055797.5
19.6845792153649;52.5453455088378;223;Plock;pl026l_plock;Pologne;4975774.26;3314362.24
16.1814183983026;54.1910338149841;224;Koszalin;pl028l_koszalin;Pologne;4724013.59;3471048.55
15.2424661562615;52.7317535940393;225;Grozow Wielkopolski;pl017l_gorzow_wielkopolski;Pologne;4674799.07;3304187.3
15.5142997474869;51.9403210008246;226;Zielona Gora;pl018l_zielona_gora;Pologne;4699796.33;3217695.23
18.254534890451;52.2108031239591;227;Konin;pl022l_konin;Pologne;4883845;3265402
19.1160368326166;50.809622090663;228;Czestochowa;pl024l_czestochowa;Pologne;4961644.27;3117543.44
17.0378182055909;51.1106733957836;229;Wroclaw;pl004l_wroclaw;Pologne;4812990.64;3134762.18
23.1727060594358;53.1341764072862;230;Bialystok;pl011l_bialystok;Pologne;5197093.63;3416023.93
18.0897968544436;51.7626400355228;231;Kalisz;pl027l_kalisz;Pologne;4878201.03;3214534.98
14.5431782654444;53.4382209584145;232;Szczecin;pl007l_szczecin;Pologne;4622722.24;3379493.93
15.7346095224273;50.9031691482341;233;Jelenia Gora;pl019l_jelenia_gora;Pologne;4723927.36;3103773.17
17.9225126393614;50.668473530658;234;Opole;pl016l_opole;Pologne;4879859.85;3092141.96
20.6909814729268;49.6250797196462;235;Nowy Sacz;pl020l_nowy_sacz;Pologne;5090438.56;3001942.79
22.004045458338;50.0373584006161;236;Rzeszow;pl015l_rzeszow;Pologne;5176650.17;3061900.3
22.9278415540939;54.0985229314334;237;Suwalki;pl021l_suwalki;Pologne;5161703.41;3518926.83
-8.42900252086828;40.2112226974524;238;Coimbra;pt005l_coimbra;Portugal;2761629.96;2092552.94
-8.42836101434399;41.5510098262688;239;Braga;pt003l_braga;Portugal;2794720.87;2237518.85
-9.13861067660921;38.70813206136;240;Lisboa;pt001l_lisboa;Portugal;2665224.66;1945220.16
-8.89229840759504;38.5246971036012;241;Setubal;pt006l_setubal;Portugal;2681531.86;1920076.15
-8.65368357188346;40.640379210077;242;Aveiro;pt008l_aveiro;Portugal;2753702.4;2143624.73
-7.93461391144556;37.0137723783061;243;Faro;pt009l_faro;Portugal;2728021.25;1736548.07
-8.61076003635484;41.14988791142;244;Oporto;pt002l_oporto;Portugal;2769915.32;2197844.53
-25.6687993150036;37.7392293949918;245;Ponta Delgada;pt007l_ponta_delgada;Portugal;1282477.3;2359290.24
-16.9085061360917;32.6500440678492;246;Funchal;pt004l_funchal;Portugal;1817496.99;1509431.89
23.7966468708194;44.3186044955713;247;Craiova;ro004l_craiova;Roumanie;5416846.15;2457914.44
21.226492522371;45.7510516884712;248;Timisoara;ro003l_timisoara;Roumanie;5191949.19;2581213.84
23.5847650001404;46.768399830191;249;Cluj Napoca;ro002l_cluj_napoca;Roumanie;5353004.48;2723209.48
26.0558316454755;44.4435611052792;250;Bucuresti;ro001l_bucuresti;Roumanie;5590552.05;2507394.79
27.9692646108136;45.2630250848178;251;Braila;ro005l_braila;Roumanie;5718003.87;2630804.43
21.9276231354628;47.0557611796009;252;Oradea;ro006l_oradea;Roumanie;5223505.18;2733094.45
26.9122982027587;46.5619734238555;253;Bacau;ro007l_bacau;Roumanie;5606255.18;2752785.12
21.3192320523748;46.1754838929686;254;Arad;ro008l_arad;Roumanie;5192223.1;2628996.98
24.1507762933914;45.7968867543103;255;Sibiu;ro009l_sibiu;Roumanie;5415085.13;2624925.74
26.3686468038827;46.9337374210182;256;Piatra Neamt;ro011l_piatra_neamt;Roumanie;5556983.94;2783982.92
27.3324930780064;44.1912858832635;257;Calarasi;ro012l_calarasi;Roumanie;5695604.44;2502596.46
25.9661248970802;43.8952905271664;258;Giurgiu;ro013l_giurgiu;Roumanie;5595792.06;2446127.65
23.5780790613314;46.0729738409623;259;Alba Iulia;ro014l_alba_iulia;Roumanie;5366038.62;2646906.52
24.5572749722915;46.5424297469516;260;Targu Mures;ro010l_targu_mures;Roumanie;5430554.92;2712536.42
14.1653997545011;57.7825100644108;261;Jonkoping;se004l_jonkoping;Suede;4568982.5;3860636.42
13.0013796529706;55.6064000332097;262;Malmo;se003l_malmo;Suede;4510205.97;3615260.99
15.2125040877288;59.2727508194117;263;Orebro;se008l_orebro;Suede;4618545.48;4030021.25
20.2541903297199;63.8293917037879;264;Umea;se005l_umea;Suede;4826482;4562104.62
15.6177821532291;58.4102635063346;265;Linkoping;se007l_linkoping;Suede;4649543.74;3936168.01
11.9668191115025;57.7071135608021;266;Goteborg;se002l_goteborg;Suede;4438392.74;3846636.67
17.6488080241911;59.8584088000974;267;Uppsala;se006l_uppsala;Suede;4749723.23;4107337.74
18.0543456635532;59.3274505855024;268;Stockholm;se001l_stockholm;Suede;4779373.08;4051193.74
14.5069922652085;46.0498984949948;269;Ljubljana;si001l_ljubljana;Slovénie;4669999.88;2559122.85
15.6497549353599;46.562547521535;270;Maribor;si002l_maribor;Slovénie;4754157.56;2621955.28
21.2399531835328;48.9973433343884;271;Presov;sk005l_presov;Slovaquie;5140057.52;2938714.51
19.1568910006444;48.7384502794439;272;Banska Bystrica;sk003l_banska_bystrica;Slovaquie;4992769;2889045.45
21.2343631670106;48.7163617470258;273;Kosice;sk002l_kosice;Slovaquie;5144308.72;2907709.79
17.1094576819052;48.1441819724808;274;Bratislava;sk001l_bratislava;Slovaquie;4849389.48;2806639.91
18.0838245014386;48.3055674026713;275;Nitra;sk004l_nitra;Slovaquie;4919581.55;2831942.05
17.5875976087432;48.3759703587558;276;Trnava;sk007l_trnava;Slovaquie;4882206.85;2835829.96
18.040750044605;48.8944291405462;277;Trencin;sk008l_trencin;Slovaquie;4909435.63;2896736.78
18.7424397504632;49.2216539065524;278;Zilina;sk006l_zilina;Slovaquie;4956288.11;2938762.66
-1.47239604314653;53.3808363722784;279;Sheffield;uk010l_sheffield;Grande-Bretagne;3561182.67;3423929.94
-1.12978665740831;52.6343393300196;280;Leicester;uk014l_leicester;Grande-Bretagne;3570862.4;3338156.32
-5.93024304964271;54.5965009016403;281;Belfast;uk012l_belfast;Grande-Bretagne;3300735.04;3612144.44
0.119352936742777;52.2046808530218;282;Cambridge;uk017l_cambridge;Grande-Bretagne;3647907.700834;3278537.576218
-2.18163698131173;53.0049923857406;283;Stoke on Trent;uk027l_stoke_on_trent;Grande-Bretagne;3507645.49;3390282.84
-2.12950216240568;52.5870291774441;284;Wolverhampton;uk028l_wolverhampton;Grande-Bretagne;3503298.68;3343743.86
-1.14477693829642;52.9480360233168;285;Nottingham;uk029l_nottingham;Grande-Bretagne;3575235.81;3372867.34
-2.97992557414364;53.4006363698133;286;Liverpool;uk006l_liverpool;Grande-Bretagne;3462904.82;3442952.41
-3.19034278392216;55.9503111694416;287;Edinburgh;uk007l_edinburgh;Grande-Bretagne;3501797.177646;3725039.628376
-7.32120066316858;55.0051632767066;288;Derry;uk015l_derry;Grande-Bretagne;3224628.18;3677029.14
-2.99386407351072;53.0475010647337;289;Wrexham;uk022l_wrexham;Grande-Bretagne;3454916.85;3404362.95
-2.22581779293201;52.193898791973;290;Worcester;uk024l_worcester;Grande-Bretagne;3489522.05;3301614.03
-1.50797613464613;52.4071580654954;291;Coventry;uk025l_coventry;Grande-Bretagne;3541608.71;3317119.89
-1.90264189003475;52.4802481824202;292;Birmingham;uk002l_birmingham;Grande-Bretagne;3516484;3329466
-1.09150398904088;50.7973249912535;293;Portsmouth;uk023l_portsmouth;Grande-Bretagne;3542440.93;3135368.27
-3.17897963985723;51.4853295394313;294;Cardiff;uk009l_cardiff;Grande-Bretagne;3411289.73;3235189.83
-0.340245365873355;53.7437144138799;295;Kingston upon Hull;uk026l_kingston_upon_hull;Grande-Bretagne;3641357.24;3452660.91
-4.24864055663832;55.8609592620433;296;Glasgow;uk004l_glasgow;Grande-Bretagne;3435026.46;3727834.33
-1.61069478089559;54.9787809026902;297;Newcastle upon Tyne;uk013l_newcastle_upon_tyne;Grande-Bretagne;3581030.59;3601215.89
-2.09713317676545;57.1491920835626;298;Aberdeen;uk016l_aberdeen;Grande-Bretagne;3592034;3844749.92
-3.52444340178375;50.7247801548438;299;Exeter;uk018l_exeter;Grande-Bretagne;3372236.63;3156163.56
-0.543753981010711;53.2310594657195;300;Lincoln;uk019l_lincoln;Grande-Bretagne;3619718.9;3398062.84
-2.60168900341995;51.4525831755552;301;Bristol;uk011l_bristol;Grande-Bretagne;3450043;3224539
-0.078529864573801;51.5049038014861;302;London;uk001l_london;Grande-Bretagne;3623782.8;3203155.59
-2.24431413066359;53.4791674741512;303;Manchester;uk008l_manchester;Grande-Bretagne;3512467.93;3443107.67
-1.54859679619996;53.8023390111236;304;Leeds;uk201l_leeds;Grande-Bretagne;3563728;3471123
28.1964501813772;59.3756685860404;305;Narva;EE003LO_NARVA_UA2012;Estonie;5344445.818;4162643.187
25.7456770276973;62.2394200098015;306;Jyvaskyla;FI009L1_JYVASKYLA_UA2012;Finlande;5134921.066;4440224.197
27.6781411409656;62.8934264451844;307;Kuopio;FI008L1_KUOPIO_UA012;Finlande;5213073.343;4534340.561
25.6553073407189;60.9802677347319;308;Lahti;FI007L1_LAHTI_UA2012;Finlande;5163173.316;4302655.974
7.35817042889292;48.079328974463;309;Colmar;FR506L1_COLMAR_UA2012;France;4124102.647;2777494.329
4.71941212561401;49.7601709474337;310;Charleville-Mezieres;FR505L1_CHARLEVILLE_MEZIERES_UA2012;France;3940844.427;2974512.813
5.04883139383062;43.4054550327976;311;Martigues;FR324L1_MARTIGUES_UA2012;France;3919207.823;2268489.509
4.89210731399073;44.9332680751341;312;Valence;FR214L1_VALENCE_UA2012;France;3917436.586;2438435.437
3.08057422204452;50.3678312770704;313;Douai;FR209L2_DOUAI_UA2012;France;3829509.485;3051646.351
2.95822914151348;50.4914535042985;314;Henin-Carvin;FR208L1_HENIN_CARVIN_UA2012;France;3822157.58;3066170.804
4.36280360843713;48.9566986798647;315;Chalons-en-Champagne;FR104L2_CHALONS_EN_CHAMPAGNE_UA2012;France;3908499.726;2887295.116
6.73714153225585;43.4329206922766;316;Frejus;FR099L2_FREJUS_UA2012;France;4056216.968;2264035.001
2.14636910599267;43.9272908173427;317;Albi;FR096L2_ALBI_UA2012;France;3690165.559;2346165.745
1.53394011452799;45.1595482826917;318;Brive la Gaillarde;FR093L2_BRIVE_LA_GAILLARDE_UA2012;France;3655862.003;2487520.829
1.69126847417979;46.8112621547764;319;Chateauroux;FR090L2_CHATEAUROUX_UA2012;France;3687777.995;2668598.226
1.15150928197716;49.0270288786925;320;Evreux;FR086L2_EVREUX_UA2012;France;3675498.514;2918173.155
2.47277563603862;49.2606622736467;321;Creil;FR084L2_CREIL_UA2012;France;3774069.687;2933307.284
2.08192897374748;49.4296126386257;322;Beauvais;FR082L2_BEAUVAIS_UA2012;France;3747779.83;2954987.194
3.28710043855389;49.8469493062472;323;Saint Quentin;FR079L2_SAINT_QUENTIN_UA2012;France;3838895.458;2992549.845
4.07277903875591;46.034402371915;324;Roanne;FR077L2_ROANNE_UA2012;France;3862126.635;2565118.797
6.86283254032242;47.6377266522348;325;Belfort;FR076L2_BELFORT_UA2012;France;4085183.241;2729900.746
2.82613705558172;49.417876386517;326;Compiegne;FR074L2_COMPIEGNE_UA2012;France;3801323.155;2948152.713
0.078099658899202;43.2330767247202;327;Tarbes;FR07L2_TARBES_UA2012;France;3515460.008;2289442.676
-1.6254293033318;49.6425189268375;328;Cherbourg;FR069L2_CHERBOURG_UA2012;France;3485231.261;3014088.225
-2.76081405001361;47.6583653426981;329;Vannes;FR068L2_VANNES_UA2012;France;3367288.247;2809769.316
-4.10202298930049;47.9962372129118;330;Quimper;FR067L2_QUIMPER_UA2012;France;3275319.983;2865002.284
-2.76410741420413;48.5137039943158;331;Saint Brieuc;FR066L2_SAINT_BRIEUC_UA2012;France;3382998.503;2903730.395
2.39897519608433;47.0802881455433;332;Bourge;FR065L2_BOURGES_UA2012;France;3744442.15;2692568.019
2.77716296124369;50.2910895643507;333;Arras;FR064L2_ARRAS_UA2012;France;3807204.813;3045225.194
3.2132641399308;43.3427965339598;334;Beziers;FR063L2_BEZIERS_UA2012;France;3770059.082;2273209.331
1.85457791258617;50.9526480519713;335;Calais;FR062L2_CALAIS_UA2012;France;3749978.828;3125316.354
-0.464736367113717;46.3237841546598;336;Niort;FR061L2_NIORT_UA2012;France;3517251.618;2635683.442
1.48856562751996;48.443902479938;337;Chartres;FR060L2_CHARTRES_UA2012;France;3692642.484;2850797.201
4.85356556890794;46.7807856026844;338;Chalon sur Soane;FR059L2_CHALON_SUR_SOANE_UA2012;France;3927976.839;2643340.626
5.92076515775328;45.566529921471;339;Chambery;FR058L2_CHAMBERY_UA2012;France;4002268.941;2503620.124
1.6133521465625;50.7249710351368;340;Boulogne sur Mer;FR057L2_BOULOGNE_SUR_MER_UA2012;France;3730273.729;3102040.255
0.156125426809927;45.648650960018;341;Angouleme;FR056L2_ANGOULEME;France;3555111.585;2554719.964
-1.15147138237978;46.1596440144368;342;La Rochelle;FR053L2_LA_ROCHELLE_UA2012;France;3462325.169;2625299.441
-2.21389714243401;47.2733450226118;343;Saint Nazaire;FR052L2_SAINT_NAZAIRE_UA2012;France;3400901.192;2760538.271
4.07429757683348;48.297406406413;344;Troyes;FR051L2_TROYES_UA2012;France;3881683.156;2815855.794
6.79820605492333;47.5102290763169;345;Montbelliard;FR050L2_MONTBELLIARD_UA2012;France;4079733.673;2715953.249
-3.36600881217078;47.7478773993621;346;Lorient;FR049L2_LORIENT_UA2012;France;3324353.343;2827589.535
6.12919801627316;45.8992587457922;347;Annecy;FR048L2_ANNECY_UA2012;France;4020375.671;2539642.408
6.23411162702822;46.1932349757401;348;Annemasse;FR047L2_ANNEMASSE_UA012;France;4030099.485;2571828.311
-1.47494841109479;43.4934884299983;349;Bayonne;FR046L2_BAYONNE_UA2012;France;3394547.923;2336018.657
-0.370792081913118;43.2946340330255;350;Pau;FR045L2_PAU_UA2012;France;3480157.26;2301141.955
4.36019235154517;43.8365664277533;351;Nimes;FR044L2_NIMES_UA2012;France;3866818.605;2320107.743
2.89474555190608;42.6993155311195;352;Perpignan;FR043L2_PERPIGNAN_UA2012;France;3737978.324;2204558.134
2.3766440580154;51.037699946756;353;Dunkerque;FR042L2_DUNKERQUE_UA2012;France;3787399.116;3130786.071
7.33927469121257;47.7465197122025;354;Mulhouse;FR040L2_MULHOUSE_UA2012;France;4121399.61;2740579.616
4.80558069736096;43.9492949921924;355;Avignon;FR039L2_AVIGNON_UA2012;France;3903433.478;2329989.453
0.197369067687169;48.0074921530665;356;Le Mans;FR038L2_LE_MANS_UA2012;France;3591654.186;2814477.874
-4.48504461935589;48.3912401082392;357;Brest;FR037L2_BREST_UA2012;France;3255695.76;2913732.584
-0.548014340679001;47.4712723478155;358;Angers;FR036L2_ANGERS_UA2012;France;3528373.207;2763022.446
3.52388973991081;50.3578888376146;359;Valenciennes;FR034L2_VALENCIENNES_UA2012;France;3860804.726;3047664.177
